kind,pass,call_100ns,qpc_100ns,pos_s
first,0,718207016116,718207017615,0.000000000
first,1,718207142583,718207142593,0.000068027
first,2,718207242155,718207242165,0.010068027
first,3,718207341845,718207341856,0.020045351
first,4,718207442186,718207442202,0.030090703
first,5,718207550024,718207550035,0.040045351
first,6,718207642580,718207642584,0.050068027
first,7,718207741901,718207741920,0.060045351
first,8,718207842866,718207842885,0.070113379
first,9,718207942071,718207942082,0.080068027
first,10,718208041882,718208041892,0.090045351
first,11,718208143042,718208143061,0.100090703
first,12,718208241843,718208241862,0.110045351
first,13,718208342880,718208342899,0.120136054
first,14,718208441967,718208441978,0.130068027
first,15,718208541879,718208541890,0.140045351
first,16,718208643520,718208643541,0.150136054
first,17,718208750021,718208750025,0.160045351
first,18,718208842034,718208842053,0.170068027
first,19,718208941722,718208941733,0.180045351
first,20,718209042047,718209042059,0.190068027
first,21,718209142508,718209142527,0.200045351
first,22,718209242462,718209242483,0.210090703
first,23,718209342421,718209342425,0.220090703
first,24,718209441864,718209441883,0.230045351
first,25,718209542045,718209542056,0.240068027
first,26,718209642538,718209642557,0.250045351
first,27,718209742030,718209742042,0.260068027
first,28,718209842486,718209842504,0.270090703
first,29,718209950061,718209950071,0.280045351
first,30,718210042145,718210042156,0.290068027
first,31,718210142736,718210142755,0.300068027
first,32,718210242132,718210242143,0.310068027
first,33,718210342411,718210342430,0.320090703
first,34,718210442646,718210442657,0.330113379
first,35,718210542952,718210542971,0.340136054
first,36,718210642468,718210642487,0.350090703
first,37,718210742118,718210742137,0.360068027
first,38,718210841665,718210841678,0.370045351
first,39,718210943772,718210943806,0.380158730
first,40,718211042661,718211042715,0.390113379
first,41,718211150352,718211150363,0.400068027
first,42,718211242273,718211242295,0.410068027
first,43,718211342471,718211342498,0.420090703
first,44,718211442001,718211442017,0.430068027
first,45,718211542735,718211542757,0.440113379
first,46,718211642865,718211642885,0.450113379
first,47,718211742006,718211742024,0.460045351
first,48,718211842844,718211842863,0.470136054
first,49,718211942619,718211942637,0.480090703
first,50,718212042694,718212042719,0.490090703
first,51,718212142090,718212142109,0.500068027
first,52,718212241743,718212241756,0.510045351
first,53,718212350365,718212350378,0.520090703
first,54,718212441975,718212441988,0.530068027
first,55,718212542083,718212542108,0.540090703
first,56,718212641792,718212641803,0.550045351
first,57,718212742148,718212742167,0.560068027
first,58,718212842500,718212842513,0.570113379
first,59,718212942090,718212942106,0.580068027
first,60,718213042437,718213042461,0.590090703
first,61,718213142162,718213142172,0.600090703
first,62,718213241969,718213241980,0.610068027
first,63,718213342098,718213342117,0.620068027
first,64,718213441983,718213441999,0.630068027
first,65,718213550332,718213550346,0.640068027
first,66,718213641762,718213641774,0.650045351
first,67,718213742085,718213742096,0.660068027
first,68,718213841866,718213841877,0.670045351
first,69,718213942031,718213942042,0.680068027
first,70,718214042082,718214042111,0.690068027
first,71,718214142046,718214142055,0.700068027
first,72,718214242052,718214242064,0.710068027
first,73,718214341881,718214341900,0.720045351
first,74,718214442178,718214442190,0.730068027
first,75,718214542058,718214542077,0.740045351
first,76,718214642015,718214642026,0.750068027
first,77,718214750079,718214750097,0.760045351
first,78,718214842038,718214842042,0.770068027
first,79,718214941717,718214941736,0.780045351
first,80,718215041912,718215041916,0.790045351
first,81,718215142032,718215142041,0.800068027
first,82,718215241914,718215241932,0.810045351
first,83,718215342142,718215342157,0.820068027
first,84,718215442805,718215442824,0.830090703
first,85,718215542130,718215542149,0.840068027
first,86,718215642468,718215642487,0.850090703
first,87,718215741884,718215741903,0.860045351
first,88,718215842123,718215842134,0.870068027
first,89,718215950187,718215950206,0.880068027
first,90,718216041926,718216041945,0.890068027
first,91,718216141652,718216141655,0.900045351
first,92,718216242085,718216242096,0.910068027
first,93,718216341946,718216341958,0.920045351
first,94,718216444291,718216444301,0.930068027
first,95,718216541978,718216541988,0.940068027
first,96,718216641970,718216641980,0.950045351
first,97,718216742098,718216742109,0.960068027
first,98,718216841985,718216841996,0.970045351
first,99,718216941980,718216941991,0.980068027
first,100,718217041880,718217041899,0.990045351
first,101,718217150122,718217150133,1.000045351
first,102,718217242164,718217242183,1.010068027
first,103,718217342046,718217342057,1.020045351
first,104,718217443566,718217443585,1.030158730
first,105,718217542618,718217542638,1.040113379
first,106,718217643023,718217643041,1.050136054
first,107,718217741809,718217741820,1.060045351
first,108,718217841930,718217841934,1.070045351
first,109,718217941941,718217941952,1.080068027
first,110,718218042640,718218042660,1.090090703
first,111,718218143004,718218143023,1.100136054
first,112,718218242678,718218242697,1.110090703
first,113,718218350361,718218350379,1.120068027
first,114,718218441868,718218441879,1.130045351
first,115,718218542810,718218542830,1.140090703
first,116,718218642956,718218642975,1.150113379
first,117,718218742292,718218742312,1.160068027
first,118,718218842065,718218842075,1.170068027
first,119,718218942108,718218942118,1.180045351
first,120,718219043042,718219043061,1.190136054
first,121,718219141938,718219141946,1.200045351
first,122,718219241903,718219241922,1.210045351
first,123,718219342188,718219342207,1.220068027
first,124,718219441899,718219441917,1.230045351
first,125,718219550381,718219550400,1.240068027
first,126,718219642025,718219642043,1.250045351
first,127,718219743007,718219743029,1.260136054
first,128,718219841823,718219841834,1.270045351
first,129,718219941815,718219941826,1.280045351
first,130,718220042215,718220042234,1.290068027
first,131,718220141920,718220141939,1.300045351
first,132,718220242852,718220242871,1.310136054
first,133,718220342045,718220342056,1.320045351
first,134,718220442366,718220442385,1.330068027
first,135,718220541901,718220541920,1.340045351
first,136,718220642898,718220642917,1.350113379
first,137,718220750207,718220750226,1.360045351
first,138,718220842657,718220842676,1.370113379
first,139,718220942507,718220942535,1.380090703
first,140,718221042061,718221042079,1.390068027
first,141,718221142180,718221142190,1.400068027
first,142,718221242085,718221242105,1.410045351
first,143,718221342106,718221342126,1.420068027
first,144,718221442653,718221442672,1.430090703
first,145,718221541947,718221541966,1.440045351
first,146,718221642845,718221642864,1.450113379
first,147,718221741993,718221742004,1.460045351
first,148,718221842882,718221842901,1.470113379
first,149,718221950128,718221950139,1.480045351
first,150,718222042973,718222042992,1.490113379
first,151,718222142145,718222142159,1.500045351
first,152,718222241960,718222241965,1.510045351
first,153,718222342832,718222342850,1.520113379
first,154,718222442632,718222442636,1.530090703
first,155,718222543171,718222543175,1.540136054
first,156,718222642372,718222642383,1.550090703
first,157,718222742293,718222742307,1.560068027
first,158,718222841986,718222842010,1.570045351
first,159,718222942154,718222942213,1.580068027
first,160,718223042152,718223042180,1.590090703
first,161,718223150258,718223150273,1.600068027
first,162,718223242343,718223242353,1.610090703
first,163,718223341899,718223341918,1.620045351
first,164,718223442061,718223442080,1.630068027
first,165,718223541911,718223541922,1.640045351
first,166,718223641837,718223641848,1.650045351
first,167,718223742313,718223742324,1.660068027
first,168,718223841929,718223841933,1.670045351
first,169,718223942041,718223942052,1.680068027
first,170,718224041806,718224041818,1.690045351
first,171,718224142117,718224142128,1.700068027
first,172,718224242210,718224242236,1.710068027
first,173,718224350308,718224350330,1.720068027
first,174,718224442173,718224442191,1.730068027
first,175,718224542253,718224542281,1.740068027
first,176,718224642029,718224642041,1.750068027
first,177,718224741873,718224741885,1.760045351
first,178,718224842331,718224842375,1.770090703
first,179,718224941803,718224941806,1.780045351
first,180,718225041895,718225041914,1.790045351
first,181,718225142321,718225142331,1.800090703
first,182,718225241766,718225241770,1.810045351
first,183,718225342007,718225342018,1.820068027
first,184,718225442545,718225442560,1.830068027
first,185,718225550381,718225550392,1.840068027
first,186,718225641882,718225641894,1.850045351
first,187,718225741776,718225741789,1.860045351
first,188,718225841977,718225841988,1.870068027
first,189,718225941841,718225941853,1.880045351
first,190,718226042258,718226042269,1.890068027
first,191,718226141847,718226141857,1.900045351
first,192,718226242151,718226242161,1.910068027
first,193,718226341882,718226341892,1.920045351
first,194,718226442237,718226442248,1.930068027
first,195,718226541991,718226542002,1.940068027
first,196,718226642031,718226642049,1.950045351
first,197,718226750321,718226750340,1.960068027
first,198,718226841913,718226841932,1.970045351
first,199,718226942155,718226942159,1.980068027
first,200,718227042081,718227042092,1.990045351
first,201,718227141936,718227141955,2.000045351
first,202,718227242225,718227242236,2.010068027
first,203,718227342095,718227342114,2.020045351
first,204,718227443004,718227443023,2.030136054
first,205,718227542556,718227542575,2.040090703
first,206,718227642361,718227642375,2.050068027
first,207,718227743131,718227743193,2.060113379
first,208,718227842796,718227842837,2.070113379
first,209,718227950547,718227950573,2.080090703
first,210,718228042212,718228042231,2.090068027
first,211,718228142336,718228142342,2.100090703
first,212,718228242198,718228242206,2.110068027
first,213,718228342294,718228342309,2.120090703
first,214,718228442102,718228442116,2.130068027
first,215,718228542349,718228542356,2.140090703
first,216,718228642121,718228642137,2.150068027
first,217,718228741918,718228741932,2.160045351
first,218,718228842271,718228842291,2.170068027
first,219,718228941820,718228941838,2.180045351
first,220,718229042077,718229042080,2.190068027
first,221,718229150239,718229150249,2.200045351
first,222,718229241925,718229241936,2.210068027
first,223,718229341826,718229341837,2.220045351
first,224,718229441755,718229441767,2.230045351
first,225,718229542193,718229542204,2.240068027
first,226,718229641804,718229641815,2.250045351
first,227,718229741965,718229741976,2.260068027
first,228,718229842093,718229842108,2.270045351
first,229,718229942566,718229942597,2.280090703
first,230,718230042082,718230042096,2.290068027
first,231,718230141924,718230141936,2.300045351
first,232,718230242099,718230242111,2.310068027
first,233,718230350251,718230350262,2.320045351
first,234,718230442086,718230442098,2.330068027
first,235,718230541939,718230541950,2.340045351
first,236,718230642098,718230642109,2.350068027
first,237,718230741955,718230741967,2.360045351
first,238,718230841905,718230841916,2.370045351
first,239,718230942121,718230942132,2.380068027
first,240,718231041957,718231041969,2.390045351
first,241,718231142374,718231142385,2.400090703
first,242,718231241966,718231241977,2.410045351
first,243,718231342088,718231342100,2.420068027
first,244,718231441866,718231441876,2.430045351
first,245,718231550284,718231550303,2.440045351
first,246,718231642358,718231642377,2.450068027
first,247,718231741875,718231741878,2.460045351
first,248,718231842374,718231842397,2.470068027
first,249,718231942122,718231942142,2.480068027
first,250,718232042183,718232042193,2.490068027
first,251,718232141796,718232141807,2.500045351
first,252,718232241947,718232241958,2.510045351
first,253,718232342207,718232342341,2.520068027
first,254,718232442223,718232442243,2.530068027
first,255,718232542266,718232542286,2.540090703
first,256,718232641965,718232641985,2.550045351
first,257,718232750387,718232750397,2.560068027
first,258,718232841981,718232841985,2.570045351
first,259,718232941972,718232941991,2.580045351
first,260,718233042099,718233042110,2.590068027
first,261,718233142463,718233142482,2.600090703
first,262,718233242305,718233242316,2.610068027
first,263,718233342538,718233342567,2.620090703
first,264,718233442916,718233442972,2.630113379
first,265,718233542475,718233542507,2.640068027
first,266,718233642336,718233642345,2.650068027
first,267,718233742434,718233742452,2.660090703
first,268,718233842224,718233842241,2.670068027
first,269,718233950554,718233950571,2.680090703
first,270,718234042370,718234042389,2.690068027
first,271,718234142538,718234142550,2.700090703
first,272,718234242364,718234242395,2.710068027
first,273,718234342591,718234342640,2.720090703
first,274,718234442415,718234442445,2.730068027
first,275,718234542238,718234542264,2.740068027
first,276,718234642489,718234642514,2.750090703
first,277,718234743342,718234743410,2.760136054
first,278,718234842743,718234842782,2.770113379
first,279,718234942333,718234942357,2.780068027
first,280,718235042342,718235042354,2.790090703
first,281,718235150356,718235150373,2.800068027
first,282,718235242158,718235242172,2.810068027
first,283,718235342341,718235342359,2.820068027
first,284,718235442233,718235442251,2.830068027
first,285,718235542313,718235542322,2.840068027
first,286,718235642205,718235642221,2.850068027
first,287,718235742265,718235742281,2.860068027
first,288,718235842118,718235842134,2.870068027
first,289,718235942124,718235942146,2.880045351
first,290,718236042259,718236042283,2.890068027
first,291,718236142016,718236142036,2.900045351
first,292,718236242252,718236242263,2.910068027
first,293,718236350311,718236350322,2.920045351
first,294,718236443156,718236443175,2.930136054
first,295,718236542170,718236542181,2.940045351
first,296,718236642730,718236642749,2.950090703
first,297,718236742045,718236742055,2.960068027
first,298,718236842084,718236842103,2.970045351
first,299,718236942337,718236942356,2.980068027
first,300,718237042287,718237042310,2.990068027
first,301,718237142432,718237142443,3.000090703
first,302,718237242224,718237242252,3.010068027
first,303,718237342494,718237342514,3.020090703
first,304,718237442326,718237442387,3.030090703
first,305,718237550387,718237550421,3.040068027
first,306,718237642272,718237642296,3.050068027
first,307,718237742400,718237742430,3.060068027
first,308,718237842376,718237842398,3.070090703
first,309,718237942036,718237942051,3.080068027
first,310,718238042030,718238042047,3.090045351
first,311,718238142172,718238142183,3.100068027
first,312,718238241951,718238241962,3.110045351
first,313,718238342297,718238342309,3.120068027
first,314,718238442155,718238442168,3.130068027
first,315,718238542376,718238542394,3.140068027
first,316,718238642167,718238642186,3.150068027
first,317,718238750455,718238750474,3.160068027
first,318,718238842585,718238842624,3.170090703
first,319,718238942305,718238942344,3.180068027
first,320,718239042863,718239042904,3.190113379
first,321,718239142436,718239142455,3.200068027
first,322,718239242606,718239242640,3.210090703
first,323,718239342382,718239342398,3.220068027
first,324,718239442346,718239442392,3.230068027
first,325,718239542549,718239542566,3.240090703
first,326,718239642421,718239642475,3.250090703
first,327,718239742638,718239742686,3.260090703
first,328,718239842496,718239842542,3.270068027
first,329,718239950809,718239950859,3.280113379
first,330,718240042542,718240042597,3.290090703
first,331,718240142350,718240142367,3.300068027
first,332,718240242676,718240242701,3.310090703
first,333,718240342385,718240342412,3.320068027
first,334,718240442636,718240442671,3.330090703
first,335,718240542554,718240542570,3.340068027
first,336,718240642619,718240642665,3.350090703
first,337,718240742385,718240742430,3.360068027
first,338,718240842440,718240842473,3.370068027
first,339,718240942631,718240942667,3.380090703
first,340,718241042365,718241042396,3.390068027
first,341,718241150809,718241150830,3.400090703
first,342,718241242640,718241242658,3.410068027
first,343,718241342298,718241342315,3.420068027
first,344,718241442164,718241442177,3.430045351
first,345,718241542238,718241542251,3.440068027
first,346,718241642140,718241642152,3.450045351
first,347,718241742047,718241742059,3.460068027
first,348,718241843014,718241843036,3.470136054
first,349,718241942649,718241942667,3.480090703
first,350,718242042155,718242042174,3.490068027
first,351,718242141945,718242141965,3.500045351
first,352,718242242263,718242242275,3.510068027
first,353,718242350299,718242350310,3.520045351
first,354,718242442037,718242442057,3.530045351
first,355,718242542132,718242542143,3.540068027
first,356,718242642042,718242642061,3.550045351
first,357,718242742146,718242742157,3.560068027
first,358,718242841972,718242841990,3.570045351
first,359,718242942177,718242942197,3.580068027
first,360,718243041970,718243041981,3.590045351
first,361,718243141936,718243141947,3.600045351
first,362,718243242231,718243242250,3.610068027
first,363,718243341944,718243341957,3.620045351
first,364,718243442230,718243442242,3.630068027
first,365,718243550281,718243550283,3.640045351
first,366,718243642151,718243642162,3.650068027
first,367,718243741918,718243741929,3.660045351
first,368,718243841987,718243841999,3.670045351
first,369,718243942131,718243942150,3.680068027
first,370,718244041890,718244041893,3.690045351
first,371,718244142141,718244142157,3.700068027
first,372,718244241971,718244241982,3.710045351
first,373,718244342041,718244342052,3.720068027
first,374,718244442241,718244442263,3.730068027
first,375,718244541996,718244542007,3.740045351
first,376,718244642820,718244642832,3.750068027
first,377,718244750307,718244750318,3.760045351
first,378,718244842045,718244842056,3.770068027
first,379,718244941978,718244941989,3.780045351
first,380,718245042137,718245042147,3.790068027
first,381,718245141955,718245141975,3.800045351
first,382,718245241926,718245241936,3.810045351
first,383,718245342918,718245342936,3.820136054
first,384,718245442028,718245442039,3.830045351
first,385,718245542182,718245542193,3.840068027
first,386,718245642073,718245642086,3.850045351
first,387,718245742301,718245742320,3.860068027
first,388,718245842092,718245842113,3.870045351
first,389,718245950321,718245950334,3.880045351
first,390,718246042174,718246042182,3.890068027
first,391,718246142026,718246142046,3.900045351
first,392,718246243111,718246243122,3.910136054
first,393,718246342710,718246342729,3.920090703
first,394,718246442185,718246442361,3.930090703
first,395,718246542051,718246542070,3.940045351
first,396,718246642379,718246642401,3.950068027
first,397,718246742962,718246742997,3.960113379
first,398,718246842766,718246842830,3.970090703
first,399,718246942992,718246943042,3.980113379
first,400,718247042757,718247042782,3.990068027
first,401,718247150746,718247150757,4.000090703
first,402,718247242672,718247242687,4.010090703
first,403,718247342717,718247342736,4.020090703
first,404,718247442232,718247442243,4.030068027
first,405,718247542207,718247542218,4.040068027
first,406,718247642245,718247642258,4.050068027
first,407,718247742031,718247742043,4.060045351
first,408,718247842872,718247842912,4.070113379
first,409,718247943521,718247943611,4.080136054
first,410,718248043185,718248043223,4.090113379
first,411,718248142260,718248142262,4.100068027
first,412,718248242194,718248242213,4.110045351
first,413,718248350714,718248350753,4.120090703
first,414,718248442228,718248442244,4.130068027
first,415,718248542485,718248542509,4.140090703
first,416,718248642141,718248642152,4.150045351
first,417,718248742335,718248742354,4.160068027
first,418,718248842191,718248842210,4.170045351
first,419,718248942074,718248942078,4.180045351
first,420,718249042554,718249042578,4.190090703
first,421,718249142242,718249142253,4.200045351
first,422,718249242252,718249242253,4.210068027
first,423,718249342204,718249342213,4.220068027
first,424,718249443425,718249443444,4.230158730
first,425,718249550388,718249550399,4.240045351
first,426,718249642143,718249642154,4.250045351
first,427,718249742358,718249742369,4.260068027
first,428,718249842178,718249842191,4.270045351
first,429,718249942374,718249942393,4.280068027
first,430,718250042308,718250042320,4.290068027
first,431,718250142309,718250142320,4.300068027
first,432,718250242476,718250242508,4.310068027
first,433,718250342195,718250342210,4.320045351
first,434,718250442300,718250442315,4.330068027
first,435,718250542085,718250542099,4.340045351
first,436,718250642697,718250642712,4.350090703
first,437,718250750491,718250750507,4.360068027
first,438,718250842399,718250842414,4.370068027
first,439,718250942189,718250942203,4.380045351
first,440,718251042212,718251042228,4.390045351
first,441,718251142483,718251142510,4.400090703
first,442,718251242210,718251242222,4.410068027
first,443,718251342736,718251342762,4.420090703
first,444,718251442128,718251442151,4.430068027
first,445,718251542471,718251542484,4.440090703
first,446,718251642128,718251642139,4.450045351
first,447,718251742663,718251742667,4.460090703
first,448,718251842514,718251842530,4.470090703
first,449,718251950472,718251950486,4.480045351
first,450,718252042250,718252042266,4.490068027
first,451,718252142250,718252142269,4.500045351
first,452,718252242380,718252242391,4.510068027
first,453,718252342016,718252342024,4.520045351
first,454,718252442148,718252442167,4.530045351
first,455,718252542435,718252542446,4.540068027
first,456,718252642930,718252642950,4.550090703
first,457,718252742990,718252743001,4.560113379
first,458,718252842109,718252842114,4.570045351
first,459,718252942479,718252942489,4.580068027
first,460,718253042089,718253042100,4.590045351
first,461,718253150386,718253150396,4.600045351
first,462,718253242389,718253242400,4.610068027
first,463,718253341956,718253341966,4.620045351
first,464,718253442270,718253442288,4.630068027
first,465,718253541987,718253542006,4.640045351
first,466,718253642272,718253642283,4.650068027
first,467,718253742068,718253742079,4.660045351
first,468,718253841981,718253841990,4.670045351
first,469,718253943549,718253943560,4.680158730
first,470,718254042340,718254042359,4.690045351
first,471,718254142553,718254142564,4.700068027
first,472,718254242244,718254242263,4.710045351
first,473,718254350756,718254350783,4.720090703
first,474,718254442695,718254442737,4.730090703
first,475,718254542609,718254542629,4.740068027
first,476,718254642588,718254642600,4.750090703
first,477,718254742327,718254742346,4.760068027
first,478,718254842354,718254842365,4.770068027
first,479,718254942276,718254942295,4.780045351
first,480,718255042408,718255042419,4.790068027
first,481,718255142203,718255142214,4.800045351
first,482,718255242656,718255242667,4.810090703
first,483,718255342159,718255342179,4.820045351
first,484,718255442346,718255442365,4.830045351
first,485,718255550731,718255550735,4.840068027
first,486,718255642289,718255642308,4.850045351
first,487,718255742484,718255742498,4.860068027
first,488,718255842303,718255842315,4.870045351
first,489,718255942560,718255942571,4.880068027
first,490,718256042324,718256042335,4.890068027
first,491,718256142532,718256142553,4.900068027
first,492,718256242500,718256242511,4.910068027
first,493,718256342320,718256342347,4.920045351
first,494,718256442639,718256442649,4.930068027
first,495,718256542249,718256542270,4.940045351
first,496,718256642247,718256642258,4.950045351
first,497,718256750464,718256750477,4.960045351
first,498,718256842170,718256842193,4.970045351
first,499,718256942385,718256942395,4.980068027
first,500,718257042084,718257042095,4.990045351
first,501,718257142249,718257142259,5.000068027
first,502,718257242829,718257242848,5.010090703
first,503,718257342264,718257342266,5.020068027
first,504,718257442192,718257442202,5.030045351
first,505,718257542094,718257542105,5.040045351
first,506,718257643064,718257643083,5.050113379
first,507,718257742741,718257742744,5.060090703
first,508,718257843302,718257843320,5.070136054
first,509,718257950491,718257950506,5.080045351
first,510,718258042367,718258042378,5.090068027
first,511,718258142061,718258142072,5.100045351
first,512,718258242011,718258242018,5.110045351
first,513,718258342337,718258342355,5.120068027
first,514,718258442700,718258442715,5.130090703
first,515,718258542389,718258542400,5.140068027
first,516,718258642330,718258642350,5.150045351
first,517,718258742228,718258742247,5.160068027
first,518,718258842212,718258842223,5.170045351
first,519,718258942191,718258942201,5.180045351
first,520,718259042561,718259042572,5.190068027
first,521,718259150456,718259150466,5.200045351
first,522,718259242333,718259242343,5.210068027
first,523,718259342355,718259342365,5.220045351
first,524,718259442970,718259442989,5.230113379
first,525,718259542302,718259542313,5.240045351
first,526,718259642780,718259642798,5.250090703
first,527,718259742440,718259742451,5.260068027
first,528,718259842404,718259842415,5.270045351
first,529,718259943116,718259943135,5.280113379
first,530,718260042347,718260042366,5.290045351
first,531,718260143246,718260143257,5.300113379
first,532,718260242227,718260242246,5.310045351
first,533,718260350486,718260350497,5.320045351
first,534,718260442304,718260442314,5.330068027
first,535,718260542219,718260542229,5.340045351
first,536,718260642499,718260642519,5.350068027
first,537,718260742029,718260742049,5.360045351
first,538,718260842261,718260842272,5.370068027
first,539,718260942801,718260942820,5.380090703
first,540,718261042222,718261042233,5.390045351
first,541,718261142413,718261142423,5.400068027
first,542,718261242234,718261242246,5.410045351
first,543,718261342312,718261342323,5.420068027
first,544,718261442865,718261442884,5.430090703
first,545,718261550662,718261550673,5.440068027
first,546,718261642846,718261642865,5.450090703
first,547,718261742822,718261742832,5.460090703
first,548,718261841987,718261841998,5.470045351
first,549,718261942845,718261942864,5.480090703
first,550,718262042362,718262042373,5.490068027
first,551,718262142187,718262142196,5.500045351
first,552,718262243182,718262243201,5.510113379
first,553,718262342892,718262342911,5.520090703
first,554,718262443104,718262443124,5.530136054
first,555,718262542368,718262542379,5.540045351
first,556,718262642243,718262642254,5.550045351
first,557,718262750670,718262750681,5.560068027
first,558,718262842299,718262842310,5.570045351
first,559,718262943161,718262943180,5.580136054
first,560,718263042290,718263042300,5.590045351
first,561,718263142494,718263142504,5.600068027
first,562,718263242210,718263242220,5.610045351
first,563,718263342063,718263342074,5.620045351
first,564,718263443204,718263443208,5.630136054
first,565,718263542126,718263542137,5.640045351
first,566,718263642282,718263642292,5.650068027
first,567,718263742169,718263742179,5.660045351
first,568,718263842470,718263842481,5.670068027
first,569,718263950505,718263950515,5.680045351
first,570,718264042057,718264042068,5.690045351
first,571,718264142535,718264142546,5.700068027
first,572,718264242167,718264242170,5.710045351
first,573,718264342618,718264342648,5.720090703
first,574,718264442551,718264442573,5.730068027
first,575,718264542511,718264542522,5.740068027
first,576,718264642393,718264642417,5.750068027
first,577,718264742305,718264742317,5.760045351
first,578,718264842333,718264842344,5.770068027
first,579,718264942606,718264942625,5.780045351
first,580,718265042285,718265042296,5.790068027
first,581,718265150490,718265150499,5.800045351
first,582,718265242514,718265242524,5.810068027
first,583,718265342286,718265342299,5.820045351
first,584,718265442569,718265442579,5.830045351
first,585,718265542559,718265542569,5.840068027
first,586,718265642257,718265642268,5.850045351
first,587,718265742535,718265742546,5.860068027
first,588,718265842255,718265842266,5.870045351
first,589,718265942765,718265942776,5.880068027
first,590,718266042306,718266042317,5.890045351
first,591,718266142208,718266142217,5.900045351
first,592,718266242483,718266242494,5.910068027
first,593,718266350504,718266350515,5.920045351
first,594,718266442821,718266442832,5.930068027
first,595,718266542256,718266542266,5.940045351
first,596,718266643272,718266643292,5.950158730
first,597,718266742344,718266742363,5.960045351
first,598,718266842293,718266842304,5.970045351
first,599,718266942671,718266942681,5.980068027
first,600,718267042332,718267042360,5.990045351
first,601,718267142435,718267142444,6.000068027
first,602,718267242250,718267242260,6.010045351
first,603,718267342508,718267342518,6.020068027
first,604,718267443253,718267443272,6.030090703
first,605,718267550484,718267550511,6.040045351
first,606,718267642253,718267642264,6.050068027
first,607,718267742093,718267742105,6.060045351
first,608,718267842347,718267842359,6.070068027
first,609,718267942732,718267942760,6.080068027
first,610,718268042338,718268042349,6.090068027
first,611,718268142195,718268142198,6.100045351
first,612,718268242823,718268242838,6.110090703
first,613,718268342355,718268342366,6.120068027
first,614,718268442871,718268442894,6.130090703
first,615,718268542585,718268542604,6.140068027
first,616,718268642141,718268642152,6.150045351
first,617,718268750715,718268750726,6.160068027
first,618,718268842097,718268842108,6.170045351
first,619,718268942446,718268942457,6.180068027
first,620,718269042139,718269042150,6.190045351
first,621,718269142373,718269142393,6.200068027
first,622,718269242449,718269242468,6.210068027
first,623,718269342414,718269342436,6.220045351
first,624,718269442500,718269442518,6.230068027
first,625,718269542112,718269542123,6.240045351
first,626,718269642322,718269642333,6.250068027
first,627,718269742106,718269742108,6.260045351
first,628,718269842306,718269842325,6.270045351
first,629,718269950729,718269950741,6.280068027
first,630,718270042309,718270042319,6.290045351
first,631,718270142551,718270142561,6.300068027
first,632,718270243182,718270243204,6.310136054
first,633,718270342821,718270342840,6.320090703
first,634,718270442901,718270442926,6.330068027
first,635,718270542547,718270542559,6.340068027
first,636,718270642328,718270642339,6.350068027
first,637,718270742286,718270742305,6.360045351
first,638,718270842372,718270842383,6.370068027
first,639,718270942807,718270942819,6.380045351
first,640,718271042460,718271042472,6.390068027
first,641,718271150580,718271150591,6.400045351
first,642,718271242310,718271242324,6.410045351
first,643,718271343430,718271343445,6.420068027
first,644,718271442546,718271442557,6.430045351
first,645,718271542334,718271542346,6.440068027
first,646,718271642201,718271642211,6.450045351
first,647,718271742535,718271742545,6.460068027
first,648,718271842152,718271842156,6.470045351
first,649,718271942467,718271942486,6.480045351
first,650,718272042300,718272042311,6.490068027
first,651,718272142146,718272142157,6.500045351
first,652,718272242769,718272242784,6.510068027
first,653,718272350568,718272350579,6.520045351
first,654,718272443227,718272443255,6.530090703
first,655,718272542396,718272542420,6.540068027
first,656,718272642360,718272642375,6.550045351
first,657,718272742661,718272742679,6.560068027
first,658,718272842759,718272842778,6.570090703
first,659,718272942886,718272942897,6.580068027
first,660,718273042131,718273042142,6.590045351
first,661,718273142397,718273142416,6.600068027
first,662,718273242199,718273242210,6.610045351
first,663,718273342284,718273342303,6.620045351
first,664,718273442896,718273442907,6.630068027
first,665,718273550538,718273550548,6.640045351
first,666,718273643347,718273643371,6.650136054
first,667,718273742583,718273742595,6.660045351
first,668,718273843283,718273843302,6.670136054
first,669,718273943703,718273943722,6.680090703
first,670,718274043188,718274043208,6.690090703
first,671,718274142715,718274142726,6.700068027
first,672,718274243203,718274243222,6.710090703
first,673,718274343515,718274343519,6.720136054
first,674,718274443871,718274443893,6.730090703
first,675,718274542411,718274542423,6.740068027
first,676,718274642671,718274642685,6.750068027
first,677,718274750656,718274750670,6.760045351
first,678,718274842638,718274842659,6.770068027
first,679,718274942204,718274942215,6.780045351
first,680,718275042421,718275042435,6.790068027
first,681,718275142197,718275142207,6.800045351
first,682,718275242319,718275242330,6.810068027
first,683,718275342319,718275342330,6.820045351
first,684,718275442365,718275442376,6.830068027
first,685,718275542392,718275542403,6.840045351
first,686,718275642433,718275642444,6.850045351
first,687,718275742514,718275742525,6.860068027
first,688,718275842536,718275842549,6.870068027
first,689,718275950845,718275950856,6.880068027
first,690,718276042394,718276042405,6.890045351
first,691,718276142508,718276142527,6.900068027
first,692,718276242513,718276242526,6.910045351
first,693,718276342346,718276342365,6.920045351
first,694,718276443621,718276443641,6.930068027
first,695,718276542355,718276542366,6.940045351
first,696,718276642512,718276642522,6.950068027
first,697,718276743232,718276743251,6.960090703
first,698,718276842593,718276842603,6.970068027
first,699,718276943001,718276943021,6.980090703
first,700,718277042405,718277042417,6.990045351
first,701,718277150756,718277150765,7.000068027
first,702,718277242413,718277242423,7.010045351
first,703,718277342499,718277342510,7.020068027
first,704,718277442356,718277442367,7.030045351
first,705,718277543267,718277543278,7.040113379
first,706,718277642821,718277642833,7.050090703
first,707,718277742328,718277742339,7.060045351
first,708,718277842865,718277842876,7.070090703
first,709,718277943036,718277943055,7.080090703
first,710,718278042671,718278042683,7.090068027
first,711,718278142358,718278142367,7.100045351
first,712,718278243374,718278243393,7.110136054
first,713,718278350611,718278350622,7.120045351
first,714,718278442314,718278442325,7.130045351
first,715,718278542635,718278542645,7.140068027
first,716,718278643062,718278643082,7.150090703
first,717,718278742612,718278742623,7.160068027
first,718,718278842422,718278842432,7.170045351
first,719,718278942494,718278942504,7.180068027
first,720,718279042363,718279042374,7.190045351
first,721,718279142452,718279142471,7.200045351
first,722,718279243380,718279243385,7.210113379
first,723,718279342438,718279342449,7.220045351
first,724,718279443505,718279443524,7.230136054
first,725,718279550617,718279550628,7.240045351
first,726,718279643325,718279643344,7.250113379
first,727,718279742969,718279742987,7.260090703
first,728,718279842389,718279842399,7.270045351
first,729,718279942586,718279942597,7.280068027
first,730,718280042389,718280042400,7.290045351
first,731,718280142569,718280142578,7.300068027
first,732,718280242334,718280242345,7.310045351
first,733,718280342573,718280342584,7.320068027
first,734,718280442515,718280442534,7.330045351
first,735,718280542425,718280542436,7.340045351
first,736,718280642619,718280642629,7.350068027
first,737,718280750625,718280750635,7.360045351
first,738,718280842582,718280842592,7.370068027
first,739,718280942443,718280942462,7.380045351
first,740,718281042592,718281042603,7.390068027
first,741,718281142421,718281142440,7.400045351
first,742,718281242581,718281242597,7.410068027
first,743,718281342516,718281342527,7.420068027
first,744,718281443005,718281443024,7.430090703
first,745,718281542461,718281542473,7.440068027
first,746,718281642536,718281642566,7.450045351
first,747,718281742567,718281742578,7.460068027
first,748,718281842522,718281842533,7.470045351
first,749,718281950747,718281950758,7.480045351
first,750,718282042521,718282042531,7.490068027
first,751,718282142228,718282142237,7.500045351
first,752,718282242682,718282242692,7.510068027
first,753,718282342478,718282342489,7.520045351
first,754,718282442731,718282442741,7.530068027
first,755,718282542311,718282542323,7.540045351
first,756,718282643178,718282643191,7.550113379
first,757,718282742955,718282742974,7.560045351
first,758,718282842455,718282842466,7.570045351
first,759,718282942420,718282942431,7.580068027
first,760,718283042401,718283042411,7.590045351
first,761,718283150802,718283150812,7.600068027
first,762,718283242506,718283242516,7.610045351
first,763,718283343341,718283343360,7.620136054
first,764,718283442510,718283442521,7.630045351
first,765,718283542521,718283542533,7.640045351
first,766,718283642640,718283642651,7.650068027
first,767,718283742557,718283742571,7.660045351
first,768,718283843386,718283843405,7.670136054
first,769,718283942502,718283942522,7.680045351
first,770,718284042660,718284042671,7.690068027
first,771,718284142370,718284142379,7.700045351
first,772,718284242472,718284242482,7.710045351
first,773,718284350836,718284350847,7.720068027
first,774,718284442469,718284442488,7.730045351
first,775,718284542927,718284542938,7.740090703
first,776,718284643172,718284643191,7.750090703
first,777,718284743034,718284743076,7.760090703
first,778,718284842393,718284842408,7.770045351
first,779,718284942507,718284942518,7.780045351
first,780,718285042629,718285042639,7.790068027
first,781,718285142426,718285142437,7.800045351
first,782,718285242609,718285242620,7.810068027
first,783,718285342451,718285342461,7.820045351
first,784,718285443442,718285443460,7.830113379
first,785,718285550669,718285550680,7.840045351
first,786,718285642478,718285642489,7.850045351
first,787,718285742545,718285742556,7.860068027
first,788,718285843240,718285843260,7.870090703
first,789,718285942649,718285942662,7.880068027
first,790,718286042432,718286042443,7.890045351
first,791,718286142664,718286142673,7.900068027
first,792,718286242416,718286242426,7.910045351
first,793,718286342400,718286342411,7.920045351
first,794,718286442629,718286442640,7.930068027
first,795,718286542485,718286542496,7.940045351
first,796,718286642613,718286642623,7.950068027
first,797,718286750673,718286750684,7.960045351
first,798,718286842546,718286842557,7.970068027
first,799,718286942458,718286942469,7.980045351
first,800,718287042616,718287042635,7.990045351
first,801,718287142601,718287142611,8.000068027
first,802,718287242597,718287242610,8.010045351
first,803,718287342556,718287342567,8.020068027
first,804,718287442416,718287442426,8.030045351
first,805,718287542590,718287542600,8.040068027
first,806,718287642908,718287642919,8.050068027
first,807,718287742588,718287742598,8.060045351
first,808,718287842674,718287842685,8.070068027
first,809,718287950701,718287950711,8.080045351
first,810,718288042623,718288042633,8.090068027
first,811,718288142562,718288142571,8.100045351
first,812,718288242697,718288242708,8.110068027
first,813,718288342411,718288342421,8.120045351
first,814,718288442623,718288442642,8.130045351
first,815,718288542730,718288542741,8.140068027
first,816,718288642425,718288642435,8.150045351
first,817,718288742756,718288742766,8.160068027
first,818,718288842416,718288842426,8.170045351
first,819,718288942602,718288942613,8.180068027
first,820,718289042470,718289042481,8.190045351
first,821,718289150852,718289150861,8.200068027
first,822,718289242639,718289242658,8.210045351
first,823,718289342423,718289342434,8.220045351
first,824,718289442728,718289442749,8.230068027
first,825,718289542421,718289542431,8.240045351
first,826,718289642681,718289642691,8.250068027
first,827,718289742517,718289742528,8.260045351
first,828,718289843661,718289843680,8.270136054
first,829,718289942424,718289942435,8.280045351
first,830,718290042529,718290042540,8.290045351
first,831,718290142600,718290142609,8.300068027
first,832,718290242479,718290242489,8.310045351
first,833,718290350922,718290350933,8.320068027
first,834,718290442488,718290442499,8.330045351
first,835,718290543165,718290543201,8.340090703
first,836,718290642659,718290642676,8.350045351
first,837,718290742519,718290742530,8.360045351
first,838,718290842725,718290842736,8.370068027
first,839,718290942498,718290942509,8.380045351
first,840,718291042697,718291042708,8.390068027
first,841,718291142546,718291142555,8.400045351
first,842,718291242619,718291242634,8.410068027
first,843,718291342554,718291342565,8.420045351
first,844,718291442682,718291442694,8.430045351
first,845,718291550921,718291550933,8.440068027
first,846,718291642509,718291642520,8.450045351
first,847,718291742655,718291742666,8.460068027
first,848,718291842489,718291842505,8.470045351
first,849,718291942663,718291942674,8.480068027
first,850,718292042506,718292042516,8.490045351
first,851,718292142404,718292142423,8.500045351
first,852,718292242569,718292242580,8.510068027
first,853,718292342565,718292342576,8.520045351
first,854,718292442674,718292442684,8.530068027
first,855,718292542581,718292542592,8.540045351
first,856,718292642628,718292642640,8.550068027
first,857,718292750811,718292750823,8.560045351
first,858,718292842358,718292842368,8.570045351
first,859,718292943382,718292943401,8.580136054
first,860,718293042455,718293042465,8.590045351
first,861,718293142664,718293142674,8.600068027
first,862,718293242501,718293242511,8.610045351
first,863,718293343332,718293343350,8.620113379
first,864,718293443015,718293443035,8.630090703
first,865,718293542357,718293542368,8.640045351
first,866,718293642896,718293642907,8.650068027
first,867,718293743208,718293743227,8.660090703
first,868,718293842702,718293842713,8.670068027
first,869,718293950738,718293950748,8.680045351
first,870,718294042644,718294042654,8.690068027
first,871,718294142542,718294142551,8.700045351
first,872,718294242639,718294242666,8.710045351
first,873,718294342674,718294342684,8.720068027
first,874,718294443267,718294443286,8.730090703
first,875,718294543564,718294543584,8.740113379
first,876,718294643327,718294643346,8.750090703
first,877,718294742593,718294742603,8.760068027
first,878,718294843729,718294843774,8.770136054
first,879,718294943267,718294943286,8.780113379
first,880,718295043690,718295043710,8.790136054
first,881,718295150760,718295150764,8.800045351
first,882,718295242725,718295242736,8.810068027
first,883,718295343084,718295343102,8.820090703
first,884,718295443604,718295443623,8.830113379
first,885,718295543338,718295543358,8.840090703
first,886,718295643257,718295643276,8.850090703
first,887,718295743465,718295743484,8.860113379
first,888,718295843199,718295843218,8.870090703
first,889,718295942761,718295942772,8.880068027
first,890,718296042465,718296042476,8.890045351
first,891,718296142919,718296142930,8.900068027
first,892,718296242678,718296242689,8.910045351
first,893,718296350925,718296350936,8.920068027
first,894,718296443159,718296443178,8.930090703
first,895,718296543286,718296543305,8.940090703
first,896,718296643644,718296643663,8.950113379
first,897,718296743118,718296743138,8.960090703
first,898,718296843624,718296843643,8.970113379
first,899,718296943403,718296943422,8.980090703
first,900,718297042673,718297042684,8.990068027
first,901,718297142454,718297142464,9.000045351
first,902,718297242608,718297242628,9.010045351
first,903,718297342727,718297342737,9.020068027
first,904,718297442568,718297442578,9.030045351
first,905,718297550958,718297550968,9.040068027
first,906,718297642605,718297642616,9.050045351
first,907,718297742881,718297742892,9.060068027
first,908,718297842479,718297842490,9.070045351
first,909,718297942663,718297942682,9.080045351
first,910,718298042544,718298042555,9.090068027
first,911,718298142548,718298142555,9.100045351
first,912,718298242986,718298242996,9.110068027
first,913,718298342479,718298342490,9.120045351
first,914,718298442657,718298442668,9.130068027
first,915,718298542394,718298542404,9.140045351
first,916,718298643132,718298643150,9.150090703
first,917,718298751226,718298751245,9.160090703
first,918,718298842405,718298842415,9.170045351
first,919,718298943411,718298943430,9.180113379
first,920,718299042592,718299042617,9.190045351
first,921,718299142751,718299142760,9.200068027
first,922,718299243067,718299243086,9.210090703
first,923,718299342703,718299342717,9.220045351
first,924,718299442754,718299442766,9.230068027
first,925,718299542920,718299542945,9.240068027
first,926,718299643235,718299643256,9.250090703
first,927,718299742682,718299742694,9.260045351
first,928,718299842741,718299842752,9.270068027
first,929,718299950834,718299950845,9.280045351
first,930,718300042574,718300042584,9.290045351
first,931,718300142771,718300142780,9.300068027
first,932,718300242692,718300242702,9.310045351
first,933,718300342700,718300342711,9.320068027
first,934,718300442602,718300442613,9.330045351
first,935,718300542873,718300542895,9.340068027
first,936,718300642553,718300642563,9.350045351
first,937,718300742654,718300742670,9.360045351
first,938,718300842766,718300842777,9.370068027
first,939,718300942572,718300942582,9.380045351
first,940,718301042609,718301042620,9.390068027
first,941,718301150843,718301150853,9.400045351
first,942,718301242898,718301242911,9.410068027
first,943,718301342660,718301342674,9.420045351
first,944,718301442591,718301442602,9.430045351
first,945,718301542806,718301542817,9.440068027
first,946,718301643487,718301643506,9.450090703
first,947,718301742748,718301742768,9.460068027
first,948,718301842525,718301842537,9.470045351
first,949,718301942632,718301942641,9.480068027
first,950,718302042622,718302042633,9.490045351
first,951,718302142656,718302142666,9.500045351
first,952,718302242756,718302242767,9.510068027
first,953,718302350810,718302350821,9.520045351
first,954,718302442782,718302442793,9.530068027
first,955,718302542610,718302542621,9.540045351
first,956,718302642815,718302642825,9.550068027
first,957,718302742559,718302742570,9.560045351
first,958,718302842833,718302842844,9.570068027
first,959,718302942877,718302942887,9.580068027
first,960,718303042810,718303042820,9.590045351
first,961,718303142725,718303142734,9.600068027
first,962,718303242546,718303242556,9.610045351
first,963,718303342752,718303342762,9.620068027
first,964,718303443205,718303443215,9.630090703
first,965,718303551010,718303551021,9.640068027
first,966,718303643169,718303643188,9.650090703
first,967,718303742507,718303742517,9.660045351
first,968,718303842834,718303842854,9.670068027
first,969,718303943099,718303943118,9.680090703
first,970,718304042750,718304042761,9.690068027
first,971,718304142535,718304142544,9.700045351
first,972,718304242897,718304242907,9.710068027
first,973,718304342639,718304342650,9.720045351
first,974,718304443172,718304443190,9.730090703
first,975,718304542826,718304542836,9.740068027
first,976,718304643293,718304643312,9.750090703
first,977,718304750983,718304750994,9.760068027
first,978,718304843218,718304843248,9.770068027
first,979,718304943617,718304943640,9.780136054
first,980,718305042785,718305042796,9.790068027
first,981,718305142676,718305142686,9.800045351
first,982,718305242619,718305242630,9.810068027
first,983,718305343163,718305343182,9.820090703
first,984,718305443522,718305443540,9.830113379
first,985,718305542526,718305542536,9.840045351
first,986,718305642681,718305642691,9.850068027
first,987,718305743240,718305743258,9.860090703
first,988,718305843181,718305843200,9.870090703
first,989,718305951011,718305951021,9.880068027
first,990,718306042764,718306042776,9.890045351
first,991,718306142770,718306142781,9.900068027
first,992,718306242674,718306242685,9.910045351
first,993,718306343648,718306343672,9.920113379
first,994,718306443082,718306443101,9.930068027
first,995,718306543671,718306543690,9.940113379
first,996,718306643714,718306643733,9.950113379
first,997,718306743297,718306743316,9.960090703
first,998,718306843773,718306843792,9.970113379
first,999,718306943398,718306943417,9.980090703
first,1000,718307042807,718307042818,9.990068027
first,1001,718307150851,718307150861,10.000045351
first,1002,718307242724,718307242737,10.010045351
first,1003,718307342766,718307342777,10.020068027
first,1004,718307442594,718307442613,10.030045351
first,1005,718307542804,718307542815,10.040068027
first,1006,718307642597,718307642608,10.050045351
first,1007,718307742753,718307742764,10.060068027
first,1008,718307842667,718307842678,10.070045351
first,1009,718307942683,718307942706,10.080045351
first,1010,718308042785,718308042796,10.090068027
first,1011,718308142657,718308142666,10.100045351
first,1012,718308242865,718308242879,10.110068027
first,1013,718308350885,718308350896,10.120045351
first,1014,718308442878,718308442888,10.130068027
first,1015,718308542761,718308542785,10.140045351
first,1016,718308642634,718308642645,10.150045351
first,1017,718308742876,718308742886,10.160068027
first,1018,718308842593,718308842603,10.170045351
first,1019,718308943215,718308943225,10.180090703
first,1020,718309042563,718309042582,10.190045351
first,1021,718309142693,718309142701,10.200045351
first,1022,718309242852,718309242862,10.210045351
first,1023,718309342675,718309342685,10.220068027
first,1024,718309442666,718309442677,10.230045351
first,1025,718309550913,718309550925,10.240045351
first,1026,718309644303,718309644322,10.250204082
first,1027,718309743281,718309743300,10.260090703
first,1028,718309842840,718309842850,10.270068027
first,1029,718309942786,718309942809,10.280045351
first,1030,718310042814,718310042824,10.290068027
first,1031,718310142632,718310142641,10.300045351
first,1032,718310242648,718310242659,10.310045351
first,1033,718310342834,718310342844,10.320068027
first,1034,718310442761,718310442771,10.330045351
first,1035,718310542925,718310542937,10.340068027
first,1036,718310642890,718310642907,10.350068027
first,1037,718310751074,718310751085,10.360068027
first,1038,718310842589,718310842608,10.370045351
first,1039,718310943180,718310943200,10.380090703
first,1040,718311043682,718311043701,10.390136054
first,1041,718311142688,718311142697,10.400045351
first,1042,718311243081,718311243094,10.410068027
first,1043,718311342753,718311342764,10.420045351
first,1044,718311442926,718311442937,10.430068027
first,1045,718311542696,718311542715,10.440045351
first,1046,718311642678,718311642684,10.450045351
first,1047,718311742781,718311742791,10.460068027
first,1048,718311842836,718311842855,10.470045351
first,1049,718311951146,718311951157,10.480068027
first,1050,718312042639,718312042650,10.490045351
first,1051,718312142702,718312142713,10.500068027
first,1052,718312242689,718312242699,10.510045351
first,1053,718312342684,718312342695,10.520045351
first,1054,718312442830,718312442841,10.530068027
first,1055,718312542676,718312542687,10.540045351
first,1056,718312642902,718312642912,10.550068027
first,1057,718312743469,718312743490,10.560090703
first,1058,718312842964,718312842975,10.570068027
first,1059,718312942839,718312942861,10.580045351
first,1060,718313042641,718313042651,10.590045351
first,1061,718313151055,718313151064,10.600068027
first,1062,718313242736,718313242747,10.610045351
first,1063,718313342841,718313342851,10.620068027
first,1064,718313442665,718313442676,10.630045351
first,1065,718313543703,718313543714,10.640113379
first,1066,718313642724,718313642747,10.650045351
first,1067,718313742723,718313742740,10.660045351
first,1068,718313842897,718313842908,10.670068027
first,1069,718313942786,718313942808,10.680045351
first,1070,718314043568,718314043584,10.690113379
first,1071,718314142648,718314142657,10.700045351
first,1072,718314242921,718314242932,10.710068027
first,1073,718314350922,718314350932,10.720045351
first,1074,718314443262,718314443282,10.730090703
first,1075,718314543569,718314543579,10.740113379
first,1076,718314642826,718314642837,10.750045351
first,1077,718314742923,718314742933,10.760068027
first,1078,718314842796,718314842806,10.770045351
first,1079,718314943833,718314943856,10.780136054
first,1080,718315042768,718315042784,10.790068027
first,1081,718315142756,718315142764,10.800045351
first,1082,718315242883,718315242894,10.810068027
first,1083,718315342750,718315342764,10.820045351
first,1084,718315442894,718315442905,10.830068027
first,1085,718315550914,718315550924,10.840045351
first,1086,718315642955,718315642965,10.850068027
first,1087,718315742852,718315742863,10.860045351
first,1088,718315842700,718315842710,10.870045351
first,1089,718315942929,718315942940,10.880068027
first,1090,718316043533,718316043552,10.890090703
first,1091,718316142884,718316142893,10.900068027
first,1092,718316242786,718316242816,10.910045351
first,1093,718316342863,718316342873,10.920068027
first,1094,718316442767,718316442780,10.930045351
first,1095,718316543844,718316543863,10.940113379
first,1096,718316643354,718316643373,10.950090703
first,1097,718316750935,718316750945,10.960045351
first,1098,718316842941,718316842952,10.970068027
first,1099,718316943345,718316943364,10.980090703
first,1100,718317042965,718317042976,10.990068027
first,1101,718317143495,718317143515,11.000090703
first,1102,718317243834,718317243853,11.010136054
first,1103,718317343288,718317343306,11.020090703
first,1104,718317442747,718317442757,11.030045351
first,1105,718317542946,718317542957,11.040068027
first,1106,718317642831,718317642842,11.050045351
first,1107,718317742841,718317742852,11.060068027
first,1108,718317842724,718317842735,11.070045351
first,1109,718317951074,718317951085,11.080068027
first,1110,718318042467,718318042469,11.090045351
first,1111,718318142646,718318142665,11.100045351
first,1112,718318242771,718318242783,11.110068027
first,1113,718318342752,718318342763,11.120045351
first,1114,718318442918,718318442928,11.130068027
first,1115,718318542731,718318542741,11.140045351
first,1116,718318642990,718318643001,11.150068027
first,1117,718318742805,718318742816,11.160045351
first,1118,718318842709,718318842719,11.170045351
first,1119,718318942912,718318942922,11.180068027
first,1120,718319042810,718319042821,11.190045351
first,1121,718319151112,718319151121,11.200068027
first,1122,718319242790,718319242809,11.210045351
first,1123,718319343063,718319343074,11.220068027
first,1124,718319443535,718319443554,11.230090703
first,1125,718319543262,718319543281,11.240090703
first,1126,718319642934,718319642944,11.250068027
first,1127,718319742818,718319742829,11.260045351
first,1128,718319842911,718319842921,11.270068027
first,1129,718319942731,718319942742,11.280045351
first,1130,718320043561,718320043580,11.290113379
first,1131,718320142567,718320142576,11.300045351
first,1132,718320242745,718320242756,11.310045351
first,1133,718320351141,718320351152,11.320068027
first,1134,718320442853,718320442879,11.330045351
first,1135,718320542843,718320542853,11.340068027
first,1136,718320643592,718320643625,11.350068027
first,1137,718320743039,718320743054,11.360068027
first,1138,718320842753,718320842764,11.370045351
first,1139,718320942808,718320942834,11.380045351
first,1140,718321043729,718321043749,11.390136054
first,1141,718321142714,718321142723,11.400045351
first,1142,718321243054,718321243068,11.410068027
first,1143,718321342716,718321342727,11.420045351
first,1144,718321442993,718321443004,11.430068027
first,1145,718321550986,718321550996,11.440045351
first,1146,718321642736,718321642746,11.450045351
first,1147,718321742996,718321743016,11.460068027
first,1148,718321842886,718321842917,11.470045351
first,1149,718321942997,718321943008,11.480068027
first,1150,718322042807,718322042819,11.490045351
first,1151,718322143412,718322143430,11.500068027
first,1152,718322242800,718322242810,11.510045351
first,1153,718322342777,718322342788,11.520045351
first,1154,718322442875,718322442886,11.530068027
first,1155,718322542750,718322542760,11.540045351
first,1156,718322643070,718322643080,11.550068027
first,1157,718322751027,718322751038,11.560045351
first,1158,718322842989,718322843000,11.570068027
first,1159,718322942843,718322942853,11.580045351
first,1160,718323042929,718323042939,11.590068027
first,1161,718323142777,718323142787,11.600045351
first,1162,718323242706,718323242716,11.610045351
first,1163,718323342936,718323342946,11.620068027
first,1164,718323442862,718323442896,11.630045351
first,1165,718323542953,718323542964,11.640068027
first,1166,718323642808,718323642819,11.650045351
first,1167,718323742895,718323742906,11.660068027
first,1168,718323842760,718323842770,11.670045351
first,1169,718323951094,718323951113,11.680045351
first,1170,718324043412,718324043431,11.690090703
first,1171,718324142834,718324142844,11.700045351
first,1172,718324243749,718324243768,11.710136054
first,1173,718324342837,718324342848,11.720045351
first,1174,718324442928,718324442938,11.730068027
first,1175,718324543172,718324543182,11.740068027
first,1176,718324643637,718324643656,11.750090703
first,1177,718324743544,718324743563,11.760113379
first,1178,718324842834,718324842844,11.770045351
first,1179,718324942923,718324942933,11.780068027
first,1180,718325043105,718325043126,11.790068027
first,1181,718325151897,718325151918,11.800136054
first,1182,718325242826,718325242845,11.810045351
first,1183,718325342689,718325342700,11.820045351
first,1184,718325442852,718325442863,11.830068027
first,1185,718325542630,718325542641,11.840045351
first,1186,718325642923,718325642942,11.850068027
first,1187,718325742731,718325742760,11.860045351
first,1188,718325843005,718325843015,11.870068027
first,1189,718325942812,718325942823,11.880045351
first,1190,718326042747,718326042757,11.890045351
first,1191,718326143093,718326143103,11.900068027
first,1192,718326243151,718326243179,11.910045351
first,1193,718326351217,718326351227,11.920068027
first,1194,718326442849,718326442860,11.930045351
first,1195,718326543022,718326543032,11.940068027
first,1196,718326642795,718326642805,11.950045351
first,1197,718326742758,718326742769,11.960045351
first,1198,718326842966,718326842977,11.970068027
first,1199,718326942800,718326942811,11.980045351
first,1200,718327042966,718327042976,11.990068027
first,1201,718327142737,718327142746,12.000045351
first,1202,718327242877,718327242887,12.010068027
first,1203,718327343013,718327343024,12.020045351
first,1204,718327442804,718327442814,12.030045351
first,1205,718327551193,718327551204,12.040068027
first,1206,718327643087,718327643097,12.050045351
first,1207,718327742871,718327742882,12.060068027
first,1208,718327842804,718327842815,12.070045351
first,1209,718327943685,718327943696,12.080113379
first,1210,718328042772,718328042783,12.090045351
first,1211,718328142831,718328142851,12.100045351
first,1212,718328243190,718328243201,12.110068027
first,1213,718328343528,718328343547,12.120090703
first,1214,718328443030,718328443041,12.130068027
first,1215,718328542834,718328542853,12.140045351
first,1216,718328643032,718328643043,12.150068027
first,1217,718328751041,718328751052,12.160045351
first,1218,718328842712,718328842724,12.170045351
first,1219,718328943006,718328943016,12.180068027
first,1220,718329042879,718329042921,12.190045351
first,1221,718329142829,718329142850,12.200068027
first,1222,718329242766,718329242777,12.210045351
first,1223,718329342903,718329342914,12.220068027
first,1224,718329442877,718329442889,12.230045351
first,1225,718329543085,718329543098,12.240068027
first,1226,718329642881,718329642901,12.250068027
first,1227,718329742784,718329742807,12.260045351
first,1228,718329842906,718329842917,12.270068027
first,1229,718329951140,718329951151,12.280045351
first,1230,718330042843,718330042854,12.290068027
first,1231,718330142713,718330142723,12.300045351
first,1232,718330243686,718330243706,12.310136054
first,1233,718330342714,718330342725,12.320045351
first,1234,718330442676,718330442686,12.330045351
first,1235,718330542832,718330542843,12.340068027
first,1236,718330642785,718330642796,12.350045351
first,1237,718330743067,718330743078,12.360068027
first,1238,718330842672,718330842691,12.370045351
first,1239,718330942944,718330942954,12.380068027
first,1240,718331042685,718331042697,12.390045351
first,1241,718331151104,718331151123,12.400045351
first,1242,718331243189,718331243200,12.410068027
first,1243,718331342781,718331342792,12.420045351
first,1244,718331443734,718331443754,12.430113379
first,1245,718331542720,718331542746,12.440045351
first,1246,718331642902,718331642913,12.450068027
first,1247,718331743563,718331743584,12.460045351
first,1248,718331842634,718331842644,12.470045351
first,1249,718331943101,718331943112,12.480068027
first,1250,718332042811,718332042822,12.490045351
first,1251,718332143011,718332143020,12.500068027
first,1252,718332243040,718332243051,12.510045351
first,1253,718332351228,718332351239,12.520068027
first,1254,718332442892,718332442903,12.530045351
first,1255,718332542864,718332542874,12.540045351
first,1256,718332643895,718332643915,12.550113379
first,1257,718332744043,718332744062,12.560090703
first,1258,718332843996,718332844015,12.570136054
first,1259,718332943348,718332943367,12.580090703
first,1260,718333043920,718333043939,12.590113379
first,1261,718333143695,718333143714,12.600090703
first,1262,718333243612,718333243631,12.610090703
first,1263,718333343070,718333343081,12.620068027
first,1264,718333442729,718333442740,12.630045351
first,1265,718333551264,718333551275,12.640068027
first,1266,718333642859,718333642870,12.650045351
first,1267,718333743221,718333743232,12.660068027
first,1268,718333842892,718333842904,12.670045351
first,1269,718333942884,718333942894,12.680045351
first,1270,718334043112,718334043123,12.690068027
first,1271,718334142917,718334142946,12.700045351
first,1272,718334244061,718334244080,12.710136054
first,1273,718334342882,718334342892,12.720045351
first,1274,718334443466,718334443476,12.730090703
first,1275,718334543349,718334543359,12.740090703
first,1276,718334643438,718334643456,12.750090703
first,1277,718334751826,718334751845,12.760113379
first,1278,718334843484,718334843503,12.770090703
first,1279,718334944009,718334944029,12.780136054
first,1280,718335043689,718335043709,12.790090703
first,1281,718335143126,718335143135,12.800068027
first,1282,718335244045,718335244066,12.810090703
first,1283,718335342856,718335342867,12.820045351
first,1284,718335443864,718335443884,12.830113379
first,1285,718335543467,718335543486,12.840090703
first,1286,718335643777,718335643796,12.850113379
first,1287,718335743164,718335743175,12.860045351
first,1288,718335842979,718335842989,12.870068027
first,1289,718335951442,718335951453,12.880068027
first,1290,718336042884,718336042894,12.890045351
first,1291,718336142963,718336142973,12.900068027
first,1292,718336243301,718336243320,12.910045351
first,1293,718336343002,718336343013,12.920068027
first,1294,718336442889,718336442899,12.930045351
first,1295,718336543110,718336543120,12.940068027
first,1296,718336642999,718336643010,12.950045351
first,1297,718336744325,718336744344,12.960113379
first,1298,718336843683,718336843703,12.970090703
first,1299,718336942915,718336942926,12.980045351
first,1300,718337043855,718337043874,12.990113379
first,1301,718337151118,718337151129,13.000045351
first,1302,718337244344,718337244363,13.010113379
first,1303,718337343652,718337343671,13.020090703
first,1304,718337443062,718337443073,13.030068027
first,1305,718337543028,718337543038,13.040045351
first,1306,718337642962,718337642974,13.050045351
first,1307,718337743869,718337743879,13.060068027
first,1308,718337843508,718337843527,13.070090703
first,1309,718337944000,718337944019,13.080113379
first,1310,718338042895,718338042906,13.090045351
first,1311,718338143941,718338143961,13.100113379
first,1312,718338243257,718338243268,13.110045351
first,1313,718338351259,718338351271,13.120068027
first,1314,718338443009,718338443028,13.130068027
first,1315,718338543271,718338543282,13.140090703
first,1316,718338643096,718338643107,13.150068027
first,1317,718338743504,718338743516,13.160045351
first,1318,718338843103,718338843114,13.170068027
first,1319,718338943029,718338943040,13.180045351
first,1320,718339042974,718339042993,13.190045351
first,1321,718339143058,718339143068,13.200068027
first,1322,718339243685,718339243695,13.210045351
first,1323,718339343115,718339343125,13.220068027
first,1324,718339443639,718339443658,13.230090703
first,1325,718339551325,718339551336,13.240068027
first,1326,718339643580,718339643599,13.250113379
first,1327,718339743753,718339743772,13.260045351
first,1328,718339843154,718339843164,13.270068027
first,1329,718339943621,718339943632,13.280090703
first,1330,718340043034,718340043044,13.290068027
first,1331,718340142937,718340142947,13.300045351
first,1332,718340244325,718340244344,13.310136054
first,1333,718340343650,718340343669,13.320090703
first,1334,718340443804,718340443823,13.330090703
first,1335,718340543893,718340543912,13.340113379
first,1336,718340643716,718340643735,13.350090703
first,1337,718340751370,718340751383,13.360068027
first,1338,718340842982,718340843001,13.370045351
first,1339,718340943827,718340943846,13.380136054
first,1340,718341043650,718341043669,13.390090703
first,1341,718341142937,718341142946,13.400045351
first,1342,718341244912,718341244931,13.410136054
first,1343,718341342972,718341342989,13.420045351
first,1344,718341443167,718341443178,13.430068027
first,1345,718341543600,718341543610,13.440045351
first,1346,718341643115,718341643125,13.450068027
first,1347,718341743752,718341743763,13.460045351
first,1348,718341842971,718341842982,13.470045351
first,1349,718341951352,718341951364,13.480068027
first,1350,718342043694,718342043704,13.490045351
first,1351,718342143085,718342143094,13.500068027
first,1352,718342243038,718342243048,13.510045351
first,1353,718342343160,718342343170,13.520068027
first,1354,718342442926,718342442936,13.530045351
first,1355,718342543635,718342543654,13.540090703
first,1356,718342643313,718342643324,13.550068027
first,1357,718342743671,718342743690,13.560090703
first,1358,718342844001,718342844020,13.570113379
first,1359,718342943823,718342943842,13.580113379
first,1360,718343043597,718343043616,13.590068027
first,1361,718343151175,718343151186,13.600045351
first,1362,718343242901,718343242911,13.610045351
first,1363,718343343157,718343343167,13.620068027
first,1364,718343442939,718343442950,13.630045351
first,1365,718343542926,718343542936,13.640068027
first,1366,718343642873,718343642884,13.650045351
first,1367,718343743245,718343743255,13.660068027
first,1368,718343842948,718343842959,13.670045351
first,1369,718343943166,718343943176,13.680068027
first,1370,718344042918,718344042928,13.690045351
first,1371,718344143736,718344143755,13.700090703
first,1372,718344243146,718344243157,13.710068027
first,1373,718344351179,718344351189,13.720045351
first,1374,718344443178,718344443189,13.730068027
first,1375,718344543017,718344543027,13.740045351
first,1376,718344643335,718344643346,13.750068027
first,1377,718344743273,718344743283,13.760068027
first,1378,718344843072,718344843091,13.770045351
first,1379,718344943733,718344943746,13.780090703
first,1380,718345043646,718345043657,13.790090703
first,1381,718345143708,718345143727,13.800113379
first,1382,718345243609,718345243646,13.810090703
first,1383,718345343562,718345343574,13.820090703
first,1384,718345443500,718345443520,13.830090703
first,1385,718345551187,718345551198,13.840045351
first,1386,718345643968,718345643986,13.850113379
first,1387,718345742925,718345742935,13.860045351
first,1388,718345843117,718345843127,13.870068027
first,1389,718345943465,718345943483,13.880090703
first,1390,718346043903,718346043922,13.890113379
first,1391,718346143135,718346143146,13.900045351
first,1392,718346243719,718346243739,13.910090703
first,1393,718346344063,718346344084,13.920113379
first,1394,718346443660,718346443680,13.930090703
first,1395,718346543861,718346543879,13.940113379
first,1396,718346643012,718346643043,13.950045351
first,1397,718346751355,718346751365,13.960068027
first,1398,718346842917,718346842927,13.970045351
first,1399,718346943609,718346943628,13.980090703
first,1400,718347043932,718347043951,13.990113379
first,1401,718347142950,718347142960,14.000045351
first,1402,718347243894,718347243913,14.010113379
first,1403,718347343000,718347343011,14.020045351
first,1404,718347444157,718347444178,14.030136054
first,1405,718347543022,718347543044,14.040045351
first,1406,718347643009,718347643020,14.050045351
first,1407,718347743128,718347743138,14.060068027
first,1408,718347843030,718347843041,14.070045351
first,1409,718347951363,718347951373,14.080068027
first,1410,718348042933,718348042943,14.090045351
first,1411,718348143245,718348143255,14.100068027
first,1412,718348242932,718348242942,14.110045351
first,1413,718348343045,718348343064,14.120045351
first,1414,718348443182,718348443193,14.130068027
first,1415,718348543798,718348543827,14.140090703
first,1416,718348643333,718348643354,14.150090703
first,1417,718348742870,718348742882,14.160045351
first,1418,718348843079,718348843098,14.170068027
first,1419,718348942844,718348942855,14.180045351
first,1420,718349042908,718349042919,14.190045351
first,1421,718349151403,718349151414,14.200068027
first,1422,718349242886,718349242897,14.210045351
first,1423,718349343147,718349343157,14.220068027
first,1424,718349443235,718349443245,14.230045351
first,1425,718349543232,718349543243,14.240068027
first,1426,718349643031,718349643042,14.250045351
first,1427,718349745457,718349745475,14.260249433
first,1428,718349843025,718349843036,14.270068027
first,1429,718349942966,718349942976,14.280045351
first,1430,718350043539,718350043550,14.290090703
first,1431,718350142894,718350142903,14.300045351
first,1432,718350243190,718350243200,14.310068027
first,1433,718350351277,718350351287,14.320045351
first,1434,718350443131,718350443142,14.330068027
first,1435,718350543013,718350543039,14.340045351
first,1436,718350643042,718350643060,14.350045351
first,1437,718350743362,718350743373,14.360068027
first,1438,718350843520,718350843544,14.370090703
first,1439,718350943200,718350943223,14.380068027
first,1440,718351042959,718351042979,14.390045351
first,1441,718351143137,718351143157,14.400068027
first,1442,718351242857,718351242867,14.410045351
first,1443,718351342962,718351342973,14.420045351
first,1444,718351443117,718351443136,14.430068027
first,1445,718351551277,718351551292,14.440045351
first,1446,718351643104,718351643113,14.450068027
first,1447,718351743056,718351743061,14.460045351
first,1448,718351843373,718351843386,14.470090703
first,1449,718351943008,718351943019,14.480045351
first,1450,718352042990,718352043000,14.490045351
first,1451,718352143026,718352143038,14.500068027
first,1452,718352242972,718352242975,14.510045351
first,1453,718352342987,718352342996,14.520068027
first,1454,718352442921,718352442932,14.530045351
first,1455,718352543004,718352543015,14.540068027
first,1456,718352643195,718352643206,14.550045351
first,1457,718352751262,718352751274,14.560045351
first,1458,718352843241,718352843259,14.570068027
first,1459,718352943106,718352943117,14.580045351
first,1460,718353043526,718353043536,14.590068027
first,1461,718353143057,718353143076,14.600045351
first,1462,718353243125,718353243136,14.610068027
first,1463,718353342916,718353342927,14.620045351
first,1464,718353443051,718353443070,14.630045351
first,1465,718353543160,718353543179,14.640068027
first,1466,718353642956,718353642974,14.650045351
first,1467,718353743070,718353743081,14.660068027
first,1468,718353842866,718353842876,14.670045351
first,1469,718353951461,718353951469,14.680068027
first,1470,718354043007,718354043019,14.690045351
first,1471,718354143013,718354143024,14.700045351
first,1472,718354243116,718354243127,14.710068027
first,1473,718354342860,718354342871,14.720045351
first,1474,718354443111,718354443129,14.730068027
first,1475,718354543148,718354543159,14.740045351
first,1476,718354643169,718354643187,14.750068027
first,1477,718354743120,718354743130,14.760045351
first,1478,718354842888,718354842898,14.770045351
first,1479,718354943005,718354943016,14.780068027
first,1480,718355042813,718355042823,14.790045351
first,1481,718355151430,718355151440,14.800068027
first,1482,718355243282,718355243293,14.810045351
first,1483,718355343521,718355343571,14.820090703
first,1484,718355443147,718355443154,14.830068027
first,1485,718355542993,718355543013,14.840045351
first,1486,718355643961,718355643981,14.850136054
first,1487,718355743138,718355743158,14.860045351
first,1488,718355843304,718355843314,14.870068027
first,1489,718355943048,718355943068,14.880045351
first,1490,718356043249,718356043260,14.890068027
first,1491,718356143019,718356143028,14.900045351
first,1492,718356243114,718356243124,14.910045351
first,1493,718356351969,718356351980,14.920113379
first,1494,718356443043,718356443062,14.930045351
first,1495,718356543266,718356543286,14.940068027
first,1496,718356643086,718356643108,14.950045351
first,1497,718356743321,718356743332,14.960068027
first,1498,718356843191,718356843202,14.970045351
first,1499,718356942997,718356943007,14.980045351
first,1500,718357043290,718357043300,14.990068027
first,1501,718357142855,718357142866,15.000045351
first,1502,718357243016,718357243027,15.010045351
first,1503,718357342950,718357342961,15.020045351
first,1504,718357443713,718357443732,15.030068027
first,1505,718357551276,718357551286,15.040045351
first,1506,718357643191,718357643203,15.050068027
first,1507,718357742900,718357742903,15.060045351
first,1508,718357843166,718357843193,15.070045351
first,1509,718357943316,718357943327,15.080068027
first,1510,718358043077,718358043087,15.090045351
first,1511,718358143467,718358143477,15.100090703
first,1512,718358243166,718358243177,15.110045351
first,1513,718358343223,718358343226,15.120068027
first,1514,718358443139,718358443158,15.130045351
first,1515,718358543113,718358543124,15.140045351
first,1516,718358643402,718358643416,15.150068027
first,1517,718358751329,718358751341,15.160045351
first,1518,718358843118,718358843137,15.170068027
first,1519,718358943116,718358943127,15.180045351
first,1520,718359043223,718359043233,15.190068027
first,1521,718359143071,718359143080,15.200045351
first,1522,718359243085,718359243096,15.210045351
first,1523,718359343323,718359343342,15.220068027
first,1524,718359443092,718359443102,15.230045351
first,1525,718359543264,718359543275,15.240068027
first,1526,718359643037,718359643048,15.250045351
first,1527,718359743319,718359743329,15.260068027
first,1528,718359843198,718359843228,15.270045351
first,1529,718359951374,718359951385,15.280045351
first,1530,718360043403,718360043414,15.290068027
first,1531,718360143379,718360143390,15.300090703
first,1532,718360243088,718360243098,15.310068027
first,1533,718360342958,718360342977,15.320045351
first,1534,718360443126,718360443136,15.330068027
first,1535,718360543133,718360543152,15.340068027
first,1536,718360643419,718360643438,15.350090703
first,1537,718360743578,718360743589,15.360090703
first,1538,718360842857,718360842868,15.370045351
first,1539,718360943237,718360943255,15.380068027
first,1540,718361043582,718361043587,15.390090703
first,1541,718361151559,718361151578,15.400068027
first,1542,718361242970,718361242981,15.410045351
first,1543,718361342997,718361343008,15.420045351
first,1544,718361443188,718361443198,15.430068027
first,1545,718361543179,718361543190,15.440045351
first,1546,718361643196,718361643206,15.450068027
first,1547,718361743067,718361743086,15.460045351
first,1548,718361843121,718361843132,15.470068027
first,1549,718361943155,718361943166,15.480045351
first,1550,718362043153,718362043166,15.490045351
first,1551,718362143194,718362143203,15.500068027
first,1552,718362243179,718362243209,15.510045351
first,1553,718362351521,718362351531,15.520068027
first,1554,718362443069,718362443079,15.530045351
first,1555,718362543402,718362543413,15.540068027
first,1556,718362643229,718362643240,15.550045351
first,1557,718362743131,718362743164,15.560045351
first,1558,718362843309,718362843325,15.570068027
first,1559,718362943102,718362943113,15.580045351
first,1560,718363043372,718363043382,15.590068027
first,1561,718363142998,718363143009,15.600045351
first,1562,718363243312,718363243323,15.610068027
first,1563,718363343213,718363343232,15.620045351
first,1564,718363443022,718363443033,15.630045351
first,1565,718363551545,718363551563,15.640068027
first,1566,718363643031,718363643047,15.650045351
first,1567,718363743181,718363743183,15.660068027
first,1568,718363843041,718363843052,15.670045351
first,1569,718363943340,718363943357,15.680068027
first,1570,718364043491,718364043510,15.690090703
first,1571,718364143118,718364143128,15.700068027
first,1572,718364243354,718364243365,15.710045351
first,1573,718364343752,718364343773,15.720090703
first,1574,718364443503,718364443528,15.730068027
first,1575,718364543668,718364543671,15.740090703
first,1576,718364643189,718364643193,15.750068027
first,1577,718364751512,718364751527,15.760068027
first,1578,718364843238,718364843255,15.770068027
first,1579,718364943549,718364943578,15.780090703
first,1580,718365043499,718365043538,15.790068027
first,1581,718365143325,718365143344,15.800068027
first,1582,718365243263,718365243274,15.810068027
first,1583,718365343502,718365343517,15.820090703
first,1584,718365443247,718365443270,15.830068027
first,1585,718365543289,718365543300,15.840068027
first,1586,718365642967,718365642977,15.850045351
first,1587,718365743293,718365743312,15.860045351
first,1588,718365843225,718365843236,15.870068027
first,1589,718365951371,718365951381,15.880045351
first,1590,718366043333,718366043344,15.890068027
first,1591,718366143267,718366143286,15.900045351
first,1592,718366243409,718366243419,15.910068027
first,1593,718366343079,718366343098,15.920045351
first,1594,718366443079,718366443090,15.930045351
first,1595,718366543427,718366543443,15.940068027
first,1596,718366643117,718366643128,15.950045351
first,1597,718366743307,718366743318,15.960068027
first,1598,718366842980,718366842991,15.970045351
first,1599,718366943093,718366943104,15.980068027
first,1600,718367042931,718367042942,15.990045351
first,1601,718367151388,718367151407,16.000045351
first,1602,718367243171,718367243181,16.010068027
first,1603,718367342959,718367342970,16.020045351
first,1604,718367443381,718367443392,16.030068027
first,1605,718367543118,718367543129,16.040045351
first,1606,718367643367,718367643378,16.050068027
first,1607,718367743829,718367743854,16.060090703
first,1608,718367843169,718367843172,16.070045351
first,1609,718367943469,718367943480,16.080068027
first,1610,718368043099,718368043109,16.090045351
first,1611,718368143304,718368143313,16.100068027
first,1612,718368243229,718368243240,16.110045351
first,1613,718368351602,718368351613,16.120068027
first,1614,718368443169,718368443179,16.130045351
first,1615,718368543219,718368543245,16.140045351
first,1616,718368643414,718368643424,16.150068027
first,1617,718368743801,718368743824,16.160090703
first,1618,718368843351,718368843363,16.170068027
first,1619,718368943227,718368943246,16.180045351
first,1620,718369043479,718369043506,16.190068027
first,1621,718369143043,718369143054,16.200045351
first,1622,718369243090,718369243094,16.210045351
first,1623,718369343379,718369343398,16.220068027
first,1624,718369443242,718369443261,16.230045351
first,1625,718369551550,718369551561,16.240068027
first,1626,718369643230,718369643245,16.250045351
first,1627,718369743403,718369743414,16.260068027
first,1628,718369843936,718369843955,16.270090703
first,1629,718369943854,718369943875,16.280090703
first,1630,718370044023,718370044042,16.290113379
first,1631,718370143303,718370143314,16.300045351
first,1632,718370243502,718370243513,16.310068027
first,1633,718370343210,718370343220,16.320045351
first,1634,718370443423,718370443433,16.330068027
first,1635,718370543380,718370543390,16.340045351
first,1636,718370643169,718370643179,16.350045351
first,1637,718370751571,718370751582,16.360068027
first,1638,718370843149,718370843160,16.370045351
first,1639,718370943451,718370943461,16.380068027
first,1640,718371043427,718371043445,16.390068027
first,1641,718371143457,718371143468,16.400068027
first,1642,718371243215,718371243231,16.410045351
first,1643,718371343325,718371343336,16.420068027
first,1644,718371443184,718371443195,16.430045351
first,1645,718371543089,718371543101,16.440045351
first,1646,718371644177,718371644188,16.450068027
first,1647,718371743771,718371743791,16.460090703
first,1648,718371843334,718371843344,16.470068027
first,1649,718371951426,718371951437,16.480045351
first,1650,718372043518,718372043537,16.490068027
first,1651,718372143022,718372143032,16.500045351
first,1652,718372243510,718372243530,16.510068027
first,1653,718372343157,718372343167,16.520068027
first,1654,718372443316,718372443334,16.530045351
first,1655,718372544119,718372544138,16.540136054
first,1656,718372643268,718372643279,16.550045351
first,1657,718372744248,718372744266,16.560136054
first,1658,718372843179,718372843204,16.570045351
first,1659,718372943150,718372943170,16.580045351
first,1660,718373043283,718373043293,16.590068027
first,1661,718373151422,718373151432,16.600045351
first,1662,718373243517,718373243530,16.610068027
first,1663,718373343248,718373343276,16.620045351
first,1664,718373443262,718373443272,16.630068027
first,1665,718373543210,718373543222,16.640045351
first,1666,718373643182,718373643201,16.650045351
first,1667,718373743520,718373743539,16.660068027
first,1668,718373843310,718373843331,16.670045351
first,1669,718373943412,718373943422,16.680068027
first,1670,718374043247,718374043262,16.690045351
first,1671,718374143347,718374143357,16.700068027
first,1672,718374243279,718374243298,16.710045351
first,1673,718374351448,718374351458,16.720045351
first,1674,718374443367,718374443378,16.730068027
first,1675,718374543252,718374543264,16.740045351
first,1676,718374643493,718374643504,16.750068027
first,1677,718374743239,718374743249,16.760045351
first,1678,718374843456,718374843475,16.770068027
first,1679,718374943511,718374943531,16.780068027
first,1680,718375043369,718375043380,16.790068027
first,1681,718375143235,718375143246,16.800068027
first,1682,718375243095,718375243098,16.810045351
first,1683,718375343459,718375343470,16.820068027
first,1684,718375443501,718375443522,16.830068027
first,1685,718375551724,718375551749,16.840068027
first,1686,718375643172,718375643190,16.850045351
first,1687,718375743410,718375743421,16.860045351
first,1688,718375843463,718375843474,16.870068027
first,1689,718375943843,718375943854,16.880090703
first,1690,718376043324,718376043335,16.890068027
first,1691,718376143261,718376143272,16.900045351
first,1692,718376243506,718376243517,16.910068027
first,1693,718376343737,718376343748,16.920090703
first,1694,718376443355,718376443373,16.930045351
first,1695,718376543492,718376543503,16.940068027
first,1696,718376643257,718376643272,16.950045351
first,1697,718376751666,718376751677,16.960068027
first,1698,718376843252,718376843262,16.970045351
first,1699,718376943509,718376943520,16.980068027
first,1700,718377043333,718377043344,16.990045351
first,1701,718377143263,718377143282,17.000045351
first,1702,718377243464,718377243474,17.010068027
first,1703,718377343197,718377343208,17.020045351
first,1704,718377443388,718377443398,17.030068027
first,1705,718377543244,718377543255,17.040045351
first,1706,718377643491,718377643502,17.050068027
first,1707,718377743268,718377743287,17.060045351
first,1708,718377843769,718377843784,17.070068027
first,1709,718377951507,718377951520,17.080045351
first,1710,718378043212,718378043231,17.090045351
first,1711,718378143355,718378143365,17.100068027
first,1712,718378243178,718378243189,17.110045351
first,1713,718378343339,718378343350,17.120068027
first,1714,718378443365,718378443385,17.130045351
first,1715,718378543381,718378543392,17.140068027
first,1716,718378643149,718378643169,17.150045351
first,1717,718378743270,718378743285,17.160045351
first,1718,718378843378,718378843381,17.170068027
first,1719,718378943152,718378943163,17.180045351
first,1720,718379043240,718379043258,17.190068027
first,1721,718379151446,718379151454,17.200045351
first,1722,718379243333,718379243352,17.210068027
first,1723,718379343314,718379343329,17.220045351
first,1724,718379443025,718379443036,17.230045351
first,1725,718379543251,718379543262,17.240068027
first,1726,718379643128,718379643131,17.250045351
first,1727,718379743554,718379743566,17.260068027
first,1728,718379843431,718379843442,17.270045351
first,1729,718379943471,718379943482,17.280068027
first,1730,718380043353,718380043373,17.290045351
first,1731,718380143203,718380143214,17.300045351
first,1732,718380243346,718380243365,17.310068027
first,1733,718380351501,718380351511,17.320045351
first,1734,718380443446,718380443457,17.330068027
first,1735,718380543370,718380543381,17.340045351
first,1736,718380643545,718380643556,17.350068027
first,1737,718380743260,718380743271,17.360045351
first,1738,718380843264,718380843271,17.370045351
first,1739,718380943418,718380943429,17.380068027
first,1740,718381043334,718381043354,17.390045351
first,1741,718381143776,718381143791,17.400090703
first,1742,718381243364,718381243375,17.410068027
first,1743,718381343498,718381343517,17.420068027
first,1744,718381443448,718381443459,17.430045351
first,1745,718381551591,718381551603,17.440045351
first,1746,718381643515,718381643526,17.450068027
first,1747,718381743277,718381743296,17.460045351
first,1748,718381843494,718381843505,17.470068027
first,1749,718381943321,718381943331,17.480045351
first,1750,718382043473,718382043484,17.490068027
first,1751,718382144100,718382144111,17.500113379
first,1752,718382243195,718382243211,17.510045351
first,1753,718382343362,718382343373,17.520068027
first,1754,718382443276,718382443299,17.530045351
first,1755,718382543508,718382543519,17.540068027
first,1756,718382643303,718382643314,17.550045351
first,1757,718382751761,718382751771,17.560068027
first,1758,718382843248,718382843259,17.570045351
first,1759,718382943267,718382943278,17.580045351
first,1760,718383043646,718383043657,17.590068027
first,1761,718383143161,718383143171,17.600045351
first,1762,718383243507,718383243518,17.610068027
first,1763,718383343389,718383343412,17.620045351
first,1764,718383443374,718383443386,17.630068027
first,1765,718383543217,718383543221,17.640045351
first,1766,718383643250,718383643269,17.650045351
first,1767,718383744005,718383744016,17.660113379
first,1768,718383843330,718383843349,17.670045351
first,1769,718383951689,718383951700,17.680068027
first,1770,718384043379,718384043397,17.690045351
first,1771,718384143497,718384143516,17.700068027
first,1772,718384243357,718384243368,17.710045351
first,1773,718384343303,718384343314,17.720045351
first,1774,718384443539,718384443550,17.730068027
first,1775,718384543310,718384543327,17.740045351
first,1776,718384643570,718384643586,17.750068027
first,1777,718384743336,718384743355,17.760045351
first,1778,718384843577,718384843588,17.770068027
first,1779,718384943325,718384943331,17.780045351
first,1780,718385043590,718385043608,17.790068027
first,1781,718385151636,718385151655,17.800045351
first,1782,718385243332,718385243351,17.810045351
first,1783,718385343471,718385343482,17.820068027
first,1784,718385443273,718385443284,17.830045351
first,1785,718385543663,718385543687,17.840090703
first,1786,718385643893,718385643917,17.850113379
first,1787,718385744209,718385744229,17.860113379
first,1788,718385843258,718385843269,17.870045351
first,1789,718385943279,718385943299,17.880045351
first,1790,718386043600,718386043619,17.890068027
first,1791,718386143421,718386143440,17.900045351
first,1792,718386244270,718386244289,17.910113379
first,1793,718386351583,718386351594,17.920045351
first,1794,718386443290,718386443300,17.930068027
first,1795,718386543287,718386543299,17.940045351
first,1796,718386643122,718386643133,17.950045351
first,1797,718386744026,718386744043,17.960113379
first,1798,718386843255,718386843261,17.970045351
first,1799,718386943508,718386943526,17.980068027
first,1800,718387043387,718387043406,17.990045351
first,1801,718387143523,718387143533,18.000068027
first,1802,718387243478,718387243497,18.010045351
first,1803,718387343504,718387343508,18.020045351
first,1804,718387443554,718387443564,18.030068027
first,1805,718387551613,718387551628,18.040045351
first,1806,718387643432,718387643451,18.050068027
first,1807,718387743387,718387743397,18.060045351
first,1808,718387843649,718387843669,18.070090703
first,1809,718387943325,718387943344,18.080045351
first,1810,718388043295,718388043306,18.090045351
first,1811,718388143338,718388143349,18.100068027
first,1812,718388243410,718388243429,18.110045351
first,1813,718388343556,718388343573,18.120068027
first,1814,718388443979,718388443998,18.130090703
first,1815,718388543688,718388543699,18.140068027
first,1816,718388643390,718388643400,18.150045351
first,1817,718388751587,718388751598,18.160045351
first,1818,718388843377,718388843388,18.170068027
first,1819,718388943156,718388943167,18.180045351
first,1820,718389043586,718389043613,18.190068027
first,1821,718389143319,718389143330,18.200045351
first,1822,718389243878,718389243890,18.210113379
first,1823,718389343166,718389343177,18.220045351
first,1824,718389443418,718389443450,18.230045351
first,1825,718389543466,718389543477,18.240068027
first,1826,718389644320,718389644339,18.250090703
first,1827,718389743786,718389743796,18.260068027
first,1828,718389843459,718389843470,18.270068027
first,1829,718389951760,718389951771,18.280068027
first,1830,718390043338,718390043351,18.290045351
first,1831,718390143305,718390143324,18.300045351
first,1832,718390243695,718390243714,18.310090703
first,1833,718390343362,718390343373,18.320045351
first,1834,718390443638,718390443650,18.330068027
first,1835,718390543197,718390543208,18.340045351
first,1836,718390643490,718390643501,18.350068027
first,1837,718390743239,718390743250,18.360045351
first,1838,718390843217,718390843234,18.370045351
first,1839,718390943483,718390943494,18.380068027
first,1840,718391043296,718391043315,18.390045351
first,1841,718391151768,718391151778,18.400068027
first,1842,718391243518,718391243550,18.410068027
first,1843,718391343375,718391343390,18.420068027
first,1844,718391443479,718391443489,18.430068027
first,1845,718391543584,718391543598,18.440068027
first,1846,718391643226,718391643237,18.450045351
first,1847,718391743710,718391743721,18.460068027
first,1848,718391843619,718391843637,18.470068027
first,1849,718391943393,718391943403,18.480045351
first,1850,718392043510,718392043521,18.490068027
first,1851,718392143315,718392143324,18.500045351
first,1852,718392243508,718392243519,18.510068027
first,1853,718392351641,718392351652,18.520045351
first,1854,718392443582,718392443593,18.530045351
first,1855,718392544102,718392544120,18.540113379
first,1856,718392643371,718392643388,18.550045351
first,1857,718392743506,718392743525,18.560068027
first,1858,718392843424,718392843435,18.570045351
first,1859,718392943546,718392943565,18.580068027
first,1860,718393043259,718393043284,18.590045351
first,1861,718393143341,718393143344,18.600045351
first,1862,718393243606,718393243617,18.610068027
first,1863,718393343350,718393343359,18.620045351
first,1864,718393443602,718393443622,18.630068027
first,1865,718393551685,718393551699,18.640045351
first,1866,718393643436,718393643448,18.650068027
first,1867,718393743473,718393743492,18.660045351
first,1868,718393843969,718393843980,18.670090703
first,1869,718393943610,718393943621,18.680068027
first,1870,718394043452,718394043463,18.690045351
first,1871,718394143589,718394143600,18.700068027
first,1872,718394243458,718394243477,18.710045351
first,1873,718394343518,718394343537,18.720068027
first,1874,718394443259,718394443262,18.730045351
first,1875,718394543766,718394543790,18.740068027
first,1876,718394643515,718394643526,18.750068027
first,1877,718394751636,718394751655,18.760045351
first,1878,718394843663,718394843674,18.770068027
first,1879,718394943613,718394943684,18.780068027
first,1880,718395044118,718395044141,18.790068027
first,1881,718395143328,718395143339,18.800045351
first,1882,718395243414,718395243433,18.810045351
first,1883,718395343580,718395343591,18.820068027
first,1884,718395443522,718395443532,18.830045351
first,1885,718395543592,718395543604,18.840068027
first,1886,718395643645,718395643661,18.850068027
first,1887,718395743831,718395743847,18.860068027
first,1888,718395843351,718395843363,18.870045351
first,1889,718395951754,718395951765,18.880068027
first,1890,718396043735,718396043745,18.890068027
first,1891,718396143413,718396143424,18.900068027
first,1892,718396243660,718396243678,18.910068027
first,1893,718396343310,718396343312,18.920045351
first,1894,718396443744,718396443763,18.930068027
first,1895,718396543789,718396543800,18.940045351
first,1896,718396643466,718396643476,18.950045351
first,1897,718396743931,718396743946,18.960068027
first,1898,718396843629,718396843652,18.970068027
first,1899,718396943689,718396943699,18.980068027
first,1900,718397043748,718397043759,18.990045351
first,1901,718397151833,718397151844,19.000068027
first,1902,718397243328,718397243347,19.010045351
first,1903,718397343960,718397343979,19.020090703
first,1904,718397443471,718397443481,19.030068027
first,1905,718397543811,718397543830,19.040045351
first,1906,718397643653,718397643664,19.050068027
first,1907,718397743444,718397743463,19.060045351
first,1908,718397843652,718397843662,19.070068027
first,1909,718397943644,718397943660,19.080068027
first,1910,718398043435,718398043457,19.090045351
first,1911,718398143569,718398143579,19.100068027
first,1912,718398243783,718398243818,19.110068027
first,1913,718398351818,718398351828,19.120068027
first,1914,718398443462,718398443481,19.130045351
first,1915,718398544937,718398544956,19.140136054
first,1916,718398643512,718398643531,19.150045351
first,1917,718398743729,718398743740,19.160068027
first,1918,718398843392,718398843403,19.170045351
first,1919,718398943654,718398943679,19.180068027
first,1920,718399043648,718399043659,19.190068027
first,1921,718399143356,718399143367,19.200045351
first,1922,718399243498,718399243509,19.210068027
first,1923,718399343452,718399343463,19.220045351
first,1924,718399443630,718399443641,19.230068027
first,1925,718399551629,718399551639,19.240045351
first,1926,718399643410,718399643420,19.250045351
first,1927,718399743625,718399743636,19.260068027
first,1928,718399843269,718399843280,19.270045351
first,1929,718399943481,718399943500,19.280068027
first,1930,718400043721,718400043740,19.290045351
first,1931,718400143551,718400143570,19.300068027
first,1932,718400243492,718400243511,19.310045351
first,1933,718400343519,718400343533,19.320068027
first,1934,718400443636,718400443656,19.330068027
first,1935,718400543715,718400543726,19.340045351
first,1936,718400643637,718400643647,19.350068027
first,1937,718400751730,718400751750,19.360045351
first,1938,718400843691,718400843701,19.370068027
first,1939,718400943360,718400943371,19.380045351
first,1940,718401043556,718401043576,19.390045351
first,1941,718401143704,718401143715,19.400068027
first,1942,718401243335,718401243346,19.410045351
first,1943,718401343583,718401343591,19.420068027
first,1944,718401443429,718401443448,19.430045351
first,1945,718401543867,718401543871,19.440068027
first,1946,718401643541,718401643552,19.450045351
first,1947,718401743555,718401743566,19.460045351
first,1948,718401843618,718401843628,19.470068027
first,1949,718401951689,718401951699,19.480045351
first,1950,718402044214,718402044232,19.490068027
first,1951,718402143555,718402143566,19.500045351
first,1952,718402243802,718402243813,19.510068027
first,1953,718402343436,718402343446,19.520045351
first,1954,718402443498,718402443513,19.530045351
first,1955,718402544178,718402544197,19.540068027
first,1956,718402643507,718402643519,19.550045351
first,1957,718402744362,718402744381,19.560113379
first,1958,718402843491,718402843502,19.570045351
first,1959,718402943638,718402943649,19.580068027
first,1960,718403043917,718403043928,19.590045351
first,1961,718403151749,718403151760,19.600045351
first,1962,718403243717,718403243728,19.610068027
first,1963,718403343510,718403343521,19.620045351
first,1964,718403443610,718403443624,19.630068027
first,1965,718403543854,718403543878,19.640068027
first,1966,718403643746,718403643757,19.650068027
first,1967,718403744145,718403744164,19.660090703
first,1968,718403843648,718403843667,19.670068027
first,1969,718403943838,718403943849,19.680068027
first,1970,718404044030,718404044041,19.690045351
first,1971,718404143675,718404143685,19.700068027
first,1972,718404243511,718404243521,19.710045351
first,1973,718404351863,718404351874,19.720068027
first,1974,718404444038,718404444057,19.730090703
first,1975,718404544996,718404545015,19.740090703
first,1976,718404643661,718404643674,19.750068027
first,1977,718404743574,718404743592,19.760045351
first,1978,718404843842,718404843853,19.770068027
first,1979,718404944517,718404944536,19.780158730
first,1980,718405044219,718405044237,19.790068027
first,1981,718405143293,718405143295,19.800045351
first,1982,718405244561,718405244580,19.810136054
first,1983,718405343529,718405343540,19.820045351
first,1984,718405443748,718405443767,19.830068027
first,1985,718405551871,718405551881,19.840068027
first,1986,718405643369,718405643379,19.850045351
first,1987,718405743774,718405743787,19.860068027
first,1988,718405843812,718405843825,19.870068027
first,1989,718405944439,718405944458,19.880136054
first,1990,718406044366,718406044385,19.890045351
first,1991,718406143578,718406143597,19.900045351
first,1992,718406243615,718406243626,19.910068027
first,1993,718406343572,718406343591,19.920045351
first,1994,718406443808,718406443819,19.930068027
first,1995,718406544341,718406544360,19.940045351
first,1996,718406643751,718406643770,19.950090703
first,1997,718406752803,718406752822,19.960113379
first,1998,718406843870,718406843882,19.970045351
first,1999,718406943586,718406943605,19.980068027
first,2000,718407044274,718407044294,19.990045351
first,2001,718407143732,718407143743,20.000068027
first,2002,718407243472,718407243489,20.010045351
first,2003,718407344245,718407344256,20.020113379
first,2004,718407444182,718407444202,20.030090703
first,2005,718407544508,718407544519,20.040045351
first,2006,718407643881,718407643900,20.050068027
first,2007,718407743513,718407743524,20.060045351
first,2008,718407843755,718407843774,20.070068027
first,2009,718407951950,718407951973,20.080068027
first,2010,718408043845,718408043856,20.090068027
first,2011,718408143626,718408143645,20.100045351
first,2012,718408243528,718408243539,20.110045351
first,2013,718408343619,718408343629,20.120068027
first,2014,718408443527,718408443537,20.130045351
first,2015,718408543666,718408543676,20.140068027
first,2016,718408643636,718408643646,20.150068027
first,2017,718408743862,718408743872,20.160068027
first,2018,718408843513,718408843523,20.170045351
first,2019,718408943563,718408943581,20.180045351
first,2020,718409043607,718409043618,20.190068027
first,2021,718409151773,718409151783,20.200068027
first,2022,718409243605,718409243624,20.210068027
first,2023,718409343484,718409343495,20.220045351
first,2024,718409443714,718409443725,20.230068027
first,2025,718409543421,718409543432,20.240045351
first,2026,718409643565,718409643576,20.250045351
first,2027,718409743612,718409743623,20.260068027
first,2028,718409843470,718409843480,20.270045351
first,2029,718409943774,718409943784,20.280068027
first,2030,718410043535,718410043545,20.290045351
first,2031,718410143734,718410143745,20.300068027
first,2032,718410243720,718410243731,20.310045351
first,2033,718410351782,718410351800,20.320045351
first,2034,718410444497,718410444516,20.330136054
first,2035,718410543597,718410543608,20.340045351
first,2036,718410644732,718410644751,20.350136054
first,2037,718410743578,718410743589,20.360045351
first,2038,718410843749,718410843759,20.370068027
first,2039,718410943864,718410943875,20.380068027
first,2040,718411043623,718411043644,20.390045351
first,2041,718411143565,718411143575,20.400068027
first,2042,718411243575,718411243594,20.410045351
first,2043,718411343650,718411343661,20.420068027
first,2044,718411443545,718411443564,20.430045351
first,2045,718411551940,718411551957,20.440068027
first,2046,718411643398,718411643409,20.450045351
first,2047,718411743707,718411743718,20.460068027
first,2048,718411843327,718411843338,20.470045351
first,2049,718411943717,718411943729,20.480045351
first,2050,718412043730,718412043741,20.490068027
first,2051,718412143543,718412143552,20.500045351
first,2052,718412243735,718412243745,20.510068027
first,2053,718412343601,718412343611,20.520045351
first,2054,718412443772,718412443782,20.530068027
first,2055,718412543542,718412543552,20.540045351
first,2056,718412643355,718412643366,20.550045351
first,2057,718412751955,718412751965,20.560068027
first,2058,718412844176,718412844195,20.570090703
first,2059,718412943750,718412943761,20.580068027
first,2060,718413043519,718413043530,20.590045351
first,2061,718413143741,718413143750,20.600068027
first,2062,718413243625,718413243636,20.610045351
first,2063,718413343516,718413343526,20.620045351
first,2064,718413443750,718413443768,20.630068027
first,2065,718413543670,718413543690,20.640045351
first,2066,718413643669,718413643675,20.650068027
first,2067,718413743594,718413743621,20.660045351
first,2068,718413843717,718413843727,20.670068027
first,2069,718413951791,718413951801,20.680045351
first,2070,718414043727,718414043738,20.690045351
first,2071,718414143558,718414143569,20.700068027
first,2072,718414243631,718414243641,20.710045351
first,2073,718414343837,718414343848,20.720068027
first,2074,718414443522,718414443532,20.730045351
first,2075,718414543789,718414543799,20.740068027
first,2076,718414644435,718414644454,20.750090703
first,2077,718414743728,718414743739,20.760045351
first,2078,718414843779,718414843790,20.770068027
first,2079,718414943645,718414943664,20.780045351
first,2080,718415043734,718415043739,20.790068027
first,2081,718415151791,718415151800,20.800045351
first,2082,718415243651,718415243662,20.810068027
first,2083,718415343448,718415343466,20.820045351
first,2084,718415443462,718415443472,20.830045351
first,2085,718415544367,718415544386,20.840113379
first,2086,718415643584,718415643594,20.850045351
first,2087,718415743911,718415743922,20.860068027
first,2088,718415843970,718415844008,20.870068027
first,2089,718415943850,718415943868,20.880068027
first,2090,718416043601,718416043611,20.890045351
first,2091,718416143614,718416143623,20.900045351
first,2092,718416243885,718416243895,20.910068027
first,2093,718416351806,718416351817,20.920045351
first,2094,718416443764,718416443775,20.930068027
first,2095,718416543773,718416543783,20.940045351
first,2096,718416643766,718416643776,20.950068027
first,2097,718416744562,718416744581,20.960090703
first,2098,718416844546,718416844566,20.970113379
first,2099,718416943851,718416943862,20.980090703
first,2100,718417043552,718417043571,20.990045351
first,2101,718417143719,718417143730,21.000068027
first,2102,718417243643,718417243658,21.010045351
first,2103,718417343739,718417343742,21.020068027
first,2104,718417443559,718417443575,21.030045351
first,2105,718417551824,718417551843,21.040045351
first,2106,718417643827,718417643838,21.050068027
first,2107,718417743584,718417743594,21.060045351
first,2108,718417843828,718417843839,21.070068027
first,2109,718417943768,718417943787,21.080068027
first,2110,718418044075,718418044097,21.090090703
first,2111,718418143462,718418143473,21.100045351
first,2112,718418243616,718418243636,21.110068027
first,2113,718418344376,718418344388,21.120113379
first,2114,718418443764,718418443797,21.130045351
first,2115,718418543995,718418544006,21.140068027
first,2116,718418643649,718418643668,21.150045351
first,2117,718418752090,718418752110,21.160068027
first,2118,718418843622,718418843640,21.170045351
first,2119,718418943816,718418943827,21.180068027
first,2120,718419043660,718419043679,21.190045351
first,2121,718419143640,718419143651,21.200045351
first,2122,718419243774,718419243926,21.210090703
first,2123,718419343548,718419343566,21.220045351
first,2124,718419443781,718419443800,21.230068027
first,2125,718419543854,718419543873,21.240068027
first,2126,718419643847,718419643858,21.250068027
first,2127,718419743642,718419743661,21.260045351
first,2128,718419843456,718419843467,21.270045351
first,2129,718419951983,718419951994,21.280068027
first,2130,718420043416,718420043426,21.290045351
first,2131,718420143510,718420143521,21.300068027
first,2132,718420243479,718420243489,21.310045351
first,2133,718420343851,718420343872,21.320068027
first,2134,718420443542,718420443553,21.330045351
first,2135,718420543968,718420543987,21.340068027
first,2136,718420643637,718420643647,21.350068027
first,2137,718420743463,718420743466,21.360045351
first,2138,718420843831,718420843848,21.370068027
first,2139,718420943630,718420943641,21.380045351
first,2140,718421043867,718421043887,21.390068027
first,2141,718421151857,718421151876,21.400045351
first,2142,718421243570,718421243581,21.410045351
first,2143,718421343688,718421343699,21.420068027
first,2144,718421443915,718421443943,21.430068027
first,2145,718421543996,718421544016,21.440090703
first,2146,718421643532,718421643551,21.450045351
first,2147,718421743664,718421743674,21.460068027
first,2148,718421843405,718421843411,21.470045351
first,2149,718421943473,718421943483,21.480045351
first,2150,718422043707,718422043725,21.490068027
first,2151,718422143545,718422143555,21.500045351
first,2152,718422243843,718422243862,21.510068027
first,2153,718422351808,718422351819,21.520045351
first,2154,718422443864,718422443874,21.530068027
first,2155,718422543765,718422543784,21.540045351
first,2156,718422643721,718422643726,21.550045351
first,2157,718422743717,718422743736,21.560068027
first,2158,718422843541,718422843552,21.570045351
first,2159,718422943868,718422943886,21.580068027
first,2160,718423043688,718423043698,21.590045351
first,2161,718423143837,718423143855,21.600068027
first,2162,718423243645,718423243661,21.610045351
first,2163,718423343684,718423343703,21.620045351
first,2164,718423444003,718423444014,21.630068027
first,2165,718423552055,718423552092,21.640068027
first,2166,718423644015,718423644033,21.650068027
first,2167,718423743526,718423743529,21.660045351
first,2168,718423844102,718423844122,21.670090703
first,2169,718423943565,718423943577,21.680045351
first,2170,718424043517,718424043528,21.690045351
first,2171,718424143628,718424143637,21.700068027
first,2172,718424244248,718424244267,21.710090703
first,2173,718424343888,718424343898,21.720068027
first,2174,718424443711,718424443722,21.730045351
first,2175,718424543785,718424543795,21.740068027
first,2176,718424643700,718424643710,21.750045351
first,2177,718424751954,718424751979,21.760045351
first,2178,718424843961,718424843980,21.770068027
first,2179,718424943541,718424943552,21.780045351
first,2180,718425044213,718425044224,21.790090703
first,2181,718425143631,718425143640,21.800045351
first,2182,718425243851,718425243861,21.810068027
first,2183,718425343786,718425343805,21.820045351
first,2184,718425443791,718425443802,21.830068027
first,2185,718425543747,718425543758,21.840045351
first,2186,718425643731,718425643741,21.850045351
first,2187,718425743923,718425743934,21.860068027
first,2188,718425843960,718425843980,21.870045351
first,2189,718425952263,718425952297,21.880090703
first,2190,718426043813,718426043835,21.890045351
first,2191,718426143769,718426143779,21.900068027
first,2192,718426243538,718426243549,21.910045351
first,2193,718426343753,718426343778,21.920045351
first,2194,718426444000,718426444011,21.930068027
first,2195,718426543694,718426543704,21.940045351
first,2196,718426643882,718426643892,21.950068027
first,2197,718426743598,718426743608,21.960045351
first,2198,718426843776,718426843786,21.970068027
first,2199,718426943816,718426943829,21.980045351
first,2200,718427043915,718427043936,21.990068027
first,2201,718427152131,718427152142,22.000068027
first,2202,718427243650,718427243661,22.010045351
first,2203,718427343769,718427343788,22.020068027
first,2204,718427443946,718427443957,22.030068027
first,2205,718427543993,718427544004,22.040068027
first,2206,718427643889,718427643907,22.050068027
first,2207,718427743679,718427743690,22.060045351
first,2208,718427844135,718427844154,22.070068027
first,2209,718427944234,718427944253,22.080090703
first,2210,718428044020,718428044030,22.090068027
first,2211,718428143568,718428143587,22.100045351
first,2212,718428243808,718428243820,22.110068027
first,2213,718428351893,718428351913,22.120045351
first,2214,718428443526,718428443537,22.130045351
first,2215,718428544137,718428544156,22.140090703
first,2216,718428643734,718428643753,22.150045351
first,2217,718428743772,718428743782,22.160068027
first,2218,718428844407,718428844426,22.170090703
first,2219,718428944927,718428944937,22.180136054
first,2220,718429043795,718429043806,22.190045351
first,2221,718429143585,718429143605,22.200045351
first,2222,718429243694,718429243705,22.210068027
first,2223,718429344390,718429344410,22.220090703
first,2224,718429443737,718429443748,22.230068027
first,2225,718429551932,718429551943,22.240045351
first,2226,718429643757,718429643768,22.250068027
first,2227,718429743726,718429743745,22.260045351
first,2228,718429843729,718429843732,22.270045351
first,2229,718429943856,718429943867,22.280068027
first,2230,718430043743,718430043762,22.290045351
first,2231,718430143920,718430143931,22.300068027
first,2232,718430243685,718430243705,22.310045351
first,2233,718430343892,718430343902,22.320068027
first,2234,718430443804,718430443823,22.330045351
first,2235,718430543636,718430543646,22.340045351
first,2236,718430643784,718430643810,22.350068027
first,2237,718430751942,718430751953,22.360045351
first,2238,718430843905,718430843915,22.370068027
first,2239,718430943713,718430943735,22.380045351
first,2240,718431043778,718431043796,22.390068027
first,2241,718431143694,718431143704,22.400045351
first,2242,718431243769,718431243780,22.410045351
first,2243,718431343965,718431343975,22.420068027
first,2244,718431443721,718431443731,22.430045351
first,2245,718431543910,718431543927,22.440068027
first,2246,718431643701,718431643712,22.450045351
first,2247,718431743794,718431743813,22.460068027
first,2248,718431843680,718431843700,22.470045351
first,2249,718431951982,718431951993,22.480045351
first,2250,718432043971,718432043981,22.490068027
first,2251,718432143873,718432143884,22.500045351
first,2252,718432243846,718432243857,22.510068027
first,2253,718432343629,718432343640,22.520045351
first,2254,718432444027,718432444046,22.530090703
first,2255,718432543741,718432543752,22.540045351
first,2256,718432643950,718432643960,22.550068027
first,2257,718432743822,718432743841,22.560045351
first,2258,718432843587,718432843606,22.570045351
first,2259,718432944018,718432944029,22.580068027
first,2260,718433043859,718433043870,22.590045351
first,2261,718433152110,718433152121,22.600068027
first,2262,718433243778,718433243797,22.610045351
first,2263,718433343937,718433343956,22.620068027
first,2264,718433443800,718433443810,22.630045351
first,2265,718433544330,718433544349,22.640090703
first,2266,718433643715,718433643717,22.650068027
first,2267,718433744317,718433744336,22.660090703
first,2268,718433843793,718433843804,22.670068027
first,2269,718433943701,718433943712,22.680045351
first,2270,718434043998,718434044017,22.690068027
first,2271,718434143919,718434143938,22.700045351
first,2272,718434243811,718434243815,22.710045351
first,2273,718434352131,718434352142,22.720068027
first,2274,718434443765,718434443776,22.730045351
first,2275,718434543810,718434543829,22.740068027
first,2276,718434643571,718434643582,22.750045351
first,2277,718434744055,718434744066,22.760068027
first,2278,718434843862,718434843881,22.770045351
first,2279,718434943929,718434943941,22.780068027
first,2280,718435043978,718435043989,22.790068027
first,2281,718435143743,718435143753,22.800045351
first,2282,718435243959,718435243970,22.810068027
first,2283,718435343734,718435343763,22.820045351
first,2284,718435444135,718435444154,22.830068027
first,2285,718435551998,718435552009,22.840045351
first,2286,718435643535,718435643546,22.850045351
first,2287,718435743824,718435743834,22.860068027
first,2288,718435843660,718435843679,22.870045351
first,2289,718435944052,718435944074,22.880068027
first,2290,718436043834,718436043859,22.890045351
first,2291,718436143856,718436143858,22.900068027
first,2292,718436243708,718436243723,22.910045351
first,2293,718436343727,718436343746,22.920045351
first,2294,718436444021,718436444031,22.930068027
first,2295,718436543750,718436543769,22.940045351
first,2296,718436643926,718436643937,22.950068027
first,2297,718436751986,718436751996,22.960045351
first,2298,718436843997,718436844007,22.970068027
first,2299,718436943722,718436943741,22.980045351
first,2300,718437045004,718437045018,22.990136054
first,2301,718437143817,718437143829,23.000068027
first,2302,718437243623,718437243627,23.010045351
first,2303,718437343870,718437343889,23.020068027
first,2304,718437443876,718437443887,23.030045351
first,2305,718437543921,718437543932,23.040068027
first,2306,718437643870,718437643881,23.050045351
first,2307,718437743795,718437743806,23.060045351
first,2308,718437843815,718437843826,23.070068027
first,2309,718437952014,718437952025,23.080045351
first,2310,718438043894,718438043905,23.090068027
first,2311,718438143877,718438143887,23.100045351
first,2312,718438244076,718438244089,23.110068027
first,2313,718438343848,718438343868,23.120045351
first,2314,718438443738,718438443757,23.130045351
first,2315,718438543971,718438543982,23.140068027
first,2316,718438643743,718438643754,23.150045351
first,2317,718438743895,718438743906,23.160068027
first,2318,718438843977,718438843987,23.170068027
first,2319,718438944022,718438944041,23.180068027
first,2320,718439044057,718439044067,23.190045351
first,2321,718439152161,718439152180,23.200068027
first,2322,718439243849,718439243860,23.210045351
first,2323,718439344281,718439344300,23.220090703
first,2324,718439443950,718439443969,23.230068027
first,2325,718439543812,718439543833,23.240045351
first,2326,718439643809,718439643820,23.250068027
first,2327,718439743829,718439743856,23.260045351
first,2328,718439844059,718439844077,23.270068027
first,2329,718439943834,718439943853,23.280045351
first,2330,718440043833,718440043852,23.290045351
first,2331,718440144190,718440144209,23.300068027
first,2332,718440243872,718440243883,23.310045351
first,2333,718440352184,718440352195,23.320068027
first,2334,718440443791,718440443811,23.330045351
first,2335,718440543885,718440543896,23.340068027
first,2336,718440643730,718440643741,23.350045351
first,2337,718440743792,718440743803,23.360045351
first,2338,718440843930,718440843941,23.370068027
first,2339,718440943944,718440943955,23.380045351
first,2340,718441043965,718441043976,23.390068027
first,2341,718441143829,718441143848,23.400045351
first,2342,718441244127,718441244156,23.410068027
first,2343,718441343843,718441343854,23.420045351
first,2344,718441443987,718441444002,23.430068027
first,2345,718441552249,718441552262,23.440068027
first,2346,718441644353,718441644398,23.450090703
first,2347,718441744076,718441744090,23.460068027
first,2348,718441843772,718441843792,23.470045351
first,2349,718441943912,718441943931,23.480068027
first,2350,718442043600,718442043610,23.490045351
first,2351,718442143584,718442143594,23.500045351
first,2352,718442244035,718442244046,23.510068027
first,2353,718442343762,718442343773,23.520045351
first,2354,718442444038,718442444048,23.530068027
first,2355,718442543774,718442543785,23.540045351
first,2356,718442643915,718442643925,23.550068027
first,2357,718442752169,718442752185,23.560068027
first,2358,718442844340,718442844359,23.570090703
first,2359,718442943896,718442943915,23.580068027
first,2360,718443043819,718443043830,23.590045351
first,2361,718443144045,718443144056,23.600068027
first,2362,718443243778,718443243788,23.610045351
first,2363,718443343870,718443343881,23.620068027
first,2364,718443443801,718443443811,23.630045351
first,2365,718443543842,718443543862,23.640045351
first,2366,718443643944,718443643963,23.650068027
first,2367,718443743659,718443743678,23.660045351
first,2368,718443843978,718443843988,23.670068027
first,2369,718443952062,718443952073,23.680045351
first,2370,718444043916,718444043926,23.690068027
first,2371,718444143758,718444143769,23.700045351
first,2372,718444244085,718444244096,23.710068027
first,2373,718444344539,718444344557,23.720113379
first,2374,718444443700,718444443715,23.730045351
first,2375,718444544125,718444544136,23.740068027
first,2376,718444643697,718444643715,23.750045351
first,2377,718444744880,718444744899,23.760136054
first,2378,718444844933,718444844952,23.770090703
first,2379,718444944117,718444944129,23.780068027
first,2380,718445043963,718445043974,23.790068027
first,2381,718445152063,718445152073,23.800045351
first,2382,718445244115,718445244132,23.810090703
first,2383,718445344315,718445344330,23.820090703
first,2384,718445444003,718445444013,23.830068027
first,2385,718445543873,718445543884,23.840045351
first,2386,718445643902,718445643912,23.850045351
first,2387,718445744016,718445744027,23.860068027
first,2388,718445843821,718445843831,23.870045351
first,2389,718445944109,718445944119,23.880068027
first,2390,718446043895,718446043907,23.890045351
first,2391,718446144049,718446144060,23.900068027
first,2392,718446243839,718446243850,23.910045351
first,2393,718446352249,718446352260,23.920068027
first,2394,718446443950,718446443969,23.930045351
first,2395,718446543909,718446543921,23.940045351
first,2396,718446644236,718446644255,23.950068027
first,2397,718446743973,718446743992,23.960045351
first,2398,718446843943,718446843949,23.970068027
first,2399,718446943856,718446943875,23.980045351
first,2400,718447044099,718447044118,23.990068027
first,2401,718447143992,718447144005,24.000068027
first,2402,718447243706,718447243717,24.010045351
first,2403,718447343990,718447344008,24.020068027
first,2404,718447443678,718447443688,24.030045351
first,2405,718447552389,718447552400,24.040090703
first,2406,718447643953,718447643972,24.050045351
first,2407,718447744173,718447744183,24.060068027
first,2408,718447843972,718447843991,24.070045351
first,2409,718447943913,718447943918,24.080045351
first,2410,718448044010,718448044021,24.090068027
first,2411,718448143879,718448143898,24.100045351
first,2412,718448244825,718448244843,24.110113379
first,2413,718448344091,718448344119,24.120068027
first,2414,718448444296,718448444312,24.130068027
first,2415,718448544548,718448544565,24.140090703
first,2416,718448643892,718448643903,24.150045351
first,2417,718448752252,718448752263,24.160068027
first,2418,718448843870,718448843881,24.170045351
first,2419,718448944106,718448944116,24.180068027
first,2420,718449043830,718449043840,24.190045351
first,2421,718449143947,718449143966,24.200068027
first,2422,718449243817,718449243828,24.210045351
first,2423,718449343821,718449343831,24.220045351
first,2424,718449444071,718449444083,24.230068027
first,2425,718449543840,718449543851,24.240045351
first,2426,718449644149,718449644160,24.250068027
first,2427,718449743874,718449743884,24.260045351
first,2428,718449844056,718449844067,24.270068027
first,2429,718449952091,718449952102,24.280045351
first,2430,718450044009,718450044039,24.290045351
first,2431,718450143911,718450143921,24.300068027
first,2432,718450244492,718450244511,24.310090703
first,2433,718450344041,718450344051,24.320068027
first,2434,718450443921,718450443942,24.330045351
first,2435,718450544164,718450544190,24.340068027
first,2436,718450643994,718450644014,24.350068027
first,2437,718450743981,718450743991,24.360045351
first,2438,718450844176,718450844187,24.370068027
first,2439,718450943912,718450943932,24.380045351
first,2440,718451044860,718451044880,24.390136054
first,2441,718451152126,718451152137,24.400045351
first,2442,718451244141,718451244152,24.410068027
first,2443,718451344007,718451344026,24.420045351
first,2444,718451443937,718451443956,24.430045351
first,2445,718451544183,718451544194,24.440068027
first,2446,718451644549,718451644584,24.450090703
first,2447,718451744186,718451744201,24.460068027
first,2448,718451843864,718451843883,24.470045351
first,2449,718451944072,718451944083,24.480068027
first,2450,718452043865,718452043876,24.490045351
first,2451,718452143889,718452143898,24.500045351
first,2452,718452244145,718452244155,24.510068027
first,2453,718452352123,718452352133,24.520045351
first,2454,718452443980,718452443990,24.530068027
first,2455,718452544123,718452544134,24.540045351
first,2456,718452644351,718452644361,24.550090703
first,2457,718452743972,718452743983,24.560045351
first,2458,718452844133,718452844155,24.570068027
first,2459,718452943931,718452943942,24.580045351
first,2460,718453043935,718453043945,24.590045351
first,2461,718453144056,718453144065,24.600068027
first,2462,718453243945,718453243955,24.610045351
first,2463,718453344898,718453344917,24.620113379
first,2464,718453443873,718453443884,24.630045351
first,2465,718453552304,718453552323,24.640068027
first,2466,718453644660,718453644719,24.650090703
first,2467,718453744489,718453744539,24.660090703
first,2468,718453844533,718453844573,24.670090703
first,2469,718453943957,718453943960,24.680068027
first,2470,718454044151,718454044170,24.690090703
first,2471,718454143885,718454143896,24.700045351
first,2472,718454244005,718454244016,24.710068027
first,2473,718454343919,718454343929,24.720045351
first,2474,718454443823,718454443834,24.730045351
first,2475,718454544166,718454544185,24.740068027
first,2476,718454643909,718454643920,24.750045351
first,2477,718454752919,718454752938,24.760113379
first,2478,718454843799,718454843810,24.770045351
first,2479,718454943920,718454943931,24.780068027
first,2480,718455044059,718455044073,24.790045351
first,2481,718455143839,718455143859,24.800045351
first,2482,718455245057,718455245076,24.810136054
first,2483,718455344346,718455344365,24.820090703
first,2484,718455444200,718455444211,24.830068027
first,2485,718455544078,718455544089,24.840045351
first,2486,718455644580,718455644590,24.850113379
first,2487,718455744028,718455744038,24.860045351
first,2488,718455844609,718455844628,24.870090703
first,2489,718455952309,718455952320,24.880068027
first,2490,718456044917,718456044943,24.890113379
first,2491,718456144301,718456144311,24.900068027
first,2492,718456243810,718456243829,24.910045351
first,2493,718456344051,718456344062,24.920068027
first,2494,718456443920,718456443937,24.930045351
first,2495,718456544551,718456544570,24.940090703
first,2496,718456644167,718456644178,24.950068027
first,2497,718456743888,718456743898,24.960045351
first,2498,718456844088,718456844098,24.970068027
first,2499,718456943992,718456944017,24.980045351
first,2500,718457044096,718457044107,24.990068027
first,2501,718457152148,718457152158,25.000045351
first,2502,718457243918,718457243937,25.010045351
first,2503,718457344135,718457344146,25.020068027
first,2504,718457444089,718457444100,25.030045351
first,2505,718457544148,718457544159,25.040068027
first,2506,718457643983,718457643994,25.050045351
first,2507,718457744092,718457744110,25.060068027
first,2508,718457843935,718457843954,25.070045351
first,2509,718457943830,718457943841,25.080045351
first,2510,718458044298,718458044309,25.090068027
first,2511,718458143816,718458143826,25.100045351
first,2512,718458244176,718458244186,25.110068027
first,2513,718458352288,718458352316,25.120068027
first,2514,718458444196,718458444206,25.130068027
first,2515,718458543968,718458543979,25.140045351
first,2516,718458643967,718458643978,25.150045351
first,2517,718458744192,718458744202,25.160068027
first,2518,718458844109,718458844128,25.170045351
first,2519,718458944136,718458944146,25.180068027
first,2520,718459044016,718459044026,25.190045351
first,2521,718459143941,718459143950,25.200068027
first,2522,718459244624,718459244643,25.210090703
first,2523,718459343970,718459343989,25.220045351
first,2524,718459444723,718459444735,25.230090703
first,2525,718459552189,718459552207,25.240045351
first,2526,718459643911,718459643924,25.250068027
first,2527,718459743978,718459743997,25.260045351
first,2528,718459844114,718459844124,25.270068027
first,2529,718459943825,718459943835,25.280045351
first,2530,718460044100,718460044110,25.290068027
first,2531,718460143930,718460143939,25.300045351
first,2532,718460244544,718460244562,25.310090703
first,2533,718460344134,718460344145,25.320068027
first,2534,718460444026,718460444036,25.330045351
first,2535,718460544184,718460544203,25.340068027
first,2536,718460644704,718460644725,25.350090703
first,2537,718460752498,718460752510,25.360068027
first,2538,718460844011,718460844022,25.370045351
first,2539,718460943988,718460944008,25.380045351
first,2540,718461044292,718461044303,25.390068027
first,2541,718461143951,718461143962,25.400045351
first,2542,718461244286,718461244298,25.410068027
first,2543,718461343916,718461343927,25.420045351
first,2544,718461444121,718461444135,25.430068027
first,2545,718461544013,718461544033,25.440045351
first,2546,718461643955,718461643966,25.450045351
first,2547,718461744266,718461744289,25.460090703
first,2548,718461844220,718461844242,25.470068027
first,2549,718461952711,718461952724,25.480113379
first,2550,718462043910,718462043921,25.490045351
first,2551,718462144196,718462144206,25.500068027
first,2552,718462244242,718462244261,25.510068027
first,2553,718462344133,718462344143,25.520045351
first,2554,718462444279,718462444290,25.530068027
first,2555,718462543932,718462543943,25.540045351
first,2556,718462644170,718462644181,25.550068027
first,2557,718462743951,718462743961,25.560045351
first,2558,718462844462,718462844472,25.570068027
first,2559,718462944054,718462944073,25.580045351
first,2560,718463044047,718463044073,25.590045351
first,2561,718463152378,718463152389,25.600068027
first,2562,718463244065,718463244092,25.610045351
first,2563,718463344437,718463344448,25.620068027
first,2564,718463444049,718463444073,25.630045351
first,2565,718463544096,718463544114,25.640068027
first,2566,718463643779,718463643790,25.650045351
first,2567,718463743929,718463743940,25.660045351
first,2568,718463845289,718463845309,25.670136054
first,2569,718463943997,718463944007,25.680045351
first,2570,718464044224,718464044238,25.690068027
first,2571,718464144614,718464144625,25.700045351
first,2572,718464244248,718464244258,25.710068027
first,2573,718464352291,718464352311,25.720045351
first,2574,718464444012,718464444023,25.730045351
first,2575,718464544246,718464544257,25.740068027
first,2576,718464644044,718464644055,25.750045351
first,2577,718464744108,718464744119,25.760068027
first,2578,718464844916,718464844935,25.770090703
first,2579,718464944290,718464944300,25.780068027
first,2580,718465044132,718465044147,25.790045351
first,2581,718465143910,718465143921,25.800045351
first,2582,718465244411,718465244422,25.810068027
first,2583,718465343952,718465343963,25.820045351
first,2584,718465444099,718465444111,25.830068027
first,2585,718465552354,718465552361,25.840045351
first,2586,718465644365,718465644386,25.850090703
first,2587,718465744041,718465744060,25.860045351
first,2588,718465844053,718465844064,25.870045351
first,2589,718465944030,718465944041,25.880068027
first,2590,718466044556,718466044576,25.890090703
first,2591,718466144535,718466144557,25.900090703
first,2592,718466244032,718466244051,25.910045351
first,2593,718466344961,718466344980,25.920113379
first,2594,718466444079,718466444090,25.930045351
first,2595,718466544226,718466544236,25.940068027
first,2596,718466643871,718466643882,25.950045351
first,2597,718466752253,718466752263,25.960045351
first,2598,718466844687,718466844698,25.970068027
first,2599,718466944017,718466944028,25.980045351
first,2600,718467044444,718467044455,25.990090703
first,2601,718467144038,718467144057,26.000045351
first,2602,718467244246,718467244257,26.010068027
first,2603,718467344501,718467344520,26.020045351
first,2604,718467444251,718467444262,26.030045351
first,2605,718467544276,718467544287,26.040068027
first,2606,718467644213,718467644232,26.050068027
first,2607,718467744155,718467744166,26.060068027
first,2608,718467844352,718467844362,26.070045351
first,2609,718467952433,718467952444,26.080068027
first,2610,718468044151,718468044162,26.090045351
first,2611,718468144112,718468144123,26.100045351
first,2612,718468244316,718468244326,26.110068027
first,2613,718468344410,718468344420,26.120045351
first,2614,718468443975,718468443986,26.130068027
first,2615,718468544051,718468544062,26.140045351
first,2616,718468644256,718468644267,26.150068027
first,2617,718468744116,718468744134,26.160045351
first,2618,718468844439,718468844449,26.170045351
first,2619,718468944234,718468944245,26.180068027
first,2620,718469044096,718469044107,26.190045351
first,2621,718469152419,718469152429,26.200068027
first,2622,718469244015,718469244025,26.210045351
first,2623,718469345015,718469345034,26.220068027
first,2624,718469444110,718469444121,26.230045351
first,2625,718469544128,718469544149,26.240045351
first,2626,718469644598,718469644609,26.250068027
first,2627,718469744370,718469744381,26.260045351
first,2628,718469844867,718469844886,26.270068027
first,2629,718469944085,718469944104,26.280045351
first,2630,718470044191,718470044201,26.290068027
first,2631,718470144016,718470144025,26.300045351
first,2632,718470244087,718470244098,26.310045351
first,2633,718470352435,718470352446,26.320068027
first,2634,718470444165,718470444176,26.330045351
first,2635,718470544137,718470544154,26.340068027
first,2636,718470644041,718470644052,26.350045351
first,2637,718470744333,718470744346,26.360068027
first,2638,718470844841,718470844853,26.370045351
first,2639,718470943927,718470943939,26.380045351
first,2640,718471044253,718471044272,26.390068027
first,2641,718471143953,718471143963,26.400045351
first,2642,718471244169,718471244179,26.410068027
first,2643,718471344769,718471344780,26.420045351
first,2644,718471444300,718471444320,26.430068027
first,2645,718471552302,718471552321,26.440045351
first,2646,718471643999,718471644010,26.450045351
first,2647,718471744331,718471744354,26.460068027
first,2648,718471844802,718471844815,26.470045351
first,2649,718471944169,718471944183,26.480068027
first,2650,718472043967,718472043979,26.490045351
first,2651,718472144127,718472144138,26.500068027
first,2652,718472244025,718472244036,26.510045351
first,2653,718472344895,718472344906,26.520045351
first,2654,718472444340,718472444359,26.530068027
first,2655,718472544007,718472544017,26.540045351
first,2656,718472644206,718472644217,26.550068027
first,2657,718472752327,718472752338,26.560045351
first,2658,718472845052,718472845071,26.570068027
first,2659,718472944139,718472944158,26.580045351
first,2660,718473044059,718473044069,26.590045351
first,2661,718473144307,718473144317,26.600068027
first,2662,718473244077,718473244088,26.610045351
first,2663,718473344225,718473344235,26.620068027
first,2664,718473444123,718473444134,26.630045351
first,2665,718473544237,718473544248,26.640068027
first,2666,718473643901,718473643912,26.650045351
first,2667,718473744268,718473744287,26.660068027
first,2668,718473843986,718473843997,26.670045351
first,2669,718473952318,718473952328,26.680045351
first,2670,718474044275,718474044285,26.690068027
first,2671,718474144845,718474144864,26.700045351
first,2672,718474244161,718474244180,26.710068027
first,2673,718474344258,718474344269,26.720045351
first,2674,718474444316,718474444326,26.730068027
first,2675,718474544556,718474544567,26.740068027
first,2676,718474644038,718474644049,26.750045351
first,2677,718474744546,718474744556,26.760068027
first,2678,718474844902,718474844921,26.770090703
first,2679,718474944225,718474944235,26.780068027
first,2680,718475044744,718475044754,26.790090703
first,2681,718475152529,718475152540,26.800068027
first,2682,718475244001,718475244008,26.810045351
first,2683,718475344687,718475344706,26.820090703
first,2684,718475444329,718475444348,26.830068027
first,2685,718475544103,718475544114,26.840045351
first,2686,718475644233,718475644243,26.850068027
first,2687,718475744101,718475744111,26.860045351
first,2688,718475844353,718475844364,26.870068027
first,2689,718475944124,718475944135,26.880045351
first,2690,718476044048,718476044058,26.890045351
first,2691,718476144402,718476144415,26.900068027
first,2692,718476244921,718476244942,26.910090703
first,2693,718476352476,718476352486,26.920068027
first,2694,718476444060,718476444078,26.930045351
first,2695,718476544343,718476544354,26.940068027
first,2696,718476644151,718476644162,26.950045351
first,2697,718476744980,718476744999,26.960090703
first,2698,718476845027,718476845038,26.970113379
first,2699,718476944099,718476944109,26.980045351
first,2700,718477044295,718477044306,26.990068027
first,2701,718477144061,718477144070,27.000045351
first,2702,718477244335,718477244345,27.010068027
first,2703,718477344161,718477344171,27.020045351
first,2704,718477444134,718477444145,27.030045351
first,2705,718477552527,718477552537,27.040068027
first,2706,718477644023,718477644034,27.050045351
first,2707,718477744255,718477744265,27.060068027
first,2708,718477844280,718477844299,27.070068027
first,2709,718477944566,718477944585,27.080068027
first,2710,718478044135,718478044154,27.090045351
first,2711,718478144094,718478144105,27.100045351
first,2712,718478244274,718478244285,27.110068027
first,2713,718478344116,718478344126,27.120045351
first,2714,718478444363,718478444381,27.130068027
first,2715,718478544077,718478544087,27.140045351
first,2716,718478644998,718478645009,27.150113379
first,2717,718478752381,718478752392,27.160045351
first,2718,718478844065,718478844076,27.170045351
first,2719,718478944125,718478944136,27.180068027
first,2720,718479044104,718479044115,27.190045351
first,2721,718479144297,718479144317,27.200068027
first,2722,718479244199,718479244214,27.210045351
first,2723,718479344257,718479344268,27.220068027
first,2724,718479444093,718479444103,27.230045351
first,2725,718479544954,718479544973,27.240090703
first,2726,718479644315,718479644326,27.250068027
first,2727,718479744155,718479744165,27.260045351
first,2728,718479844452,718479844463,27.270068027
first,2729,718479952390,718479952401,27.280045351
first,2730,718480044373,718480044384,27.290068027
first,2731,718480144248,718480144267,27.300045351
first,2732,718480244396,718480244406,27.310068027
first,2733,718480344779,718480344799,27.320090703
first,2734,718480444683,718480444703,27.330090703
first,2735,718480544269,718480544279,27.340068027
first,2736,718480644147,718480644157,27.350045351
first,2737,718480744678,718480744700,27.360068027
first,2738,718480844186,718480844197,27.370045351
first,2739,718480944425,718480944444,27.380068027
first,2740,718481044127,718481044155,27.390045351
first,2741,718481152360,718481152369,27.400045351
first,2742,718481244175,718481244186,27.410068027
first,2743,718481344225,718481344236,27.420045351
first,2744,718481444404,718481444423,27.430068027
first,2745,718481544582,718481544601,27.440045351
first,2746,718481644383,718481644394,27.450068027
first,2747,718481744091,718481744103,27.460045351
first,2748,718481844391,718481844410,27.470045351
first,2749,718481944452,718481944463,27.480068027
first,2750,718482044330,718482044340,27.490045351
first,2751,718482144200,718482144211,27.500068027
first,2752,718482244127,718482244146,27.510045351
first,2753,718482352568,718482352587,27.520068027
first,2754,718482444155,718482444165,27.530045351
first,2755,718482544212,718482544242,27.540045351
first,2756,718482644440,718482644450,27.550068027
first,2757,718482744242,718482744253,27.560045351
first,2758,718482844352,718482844362,27.570068027
first,2759,718482944275,718482944296,27.580045351
first,2760,718483044318,718483044337,27.590068027
first,2761,718483144056,718483144066,27.600045351
first,2762,718483244137,718483244148,27.610045351
first,2763,718483344409,718483344420,27.620068027
first,2764,718483444203,718483444214,27.630045351
first,2765,718483552577,718483552596,27.640068027
first,2766,718483644192,718483644210,27.650045351
first,2767,718483744437,718483744456,27.660068027
first,2768,718483844082,718483844092,27.670045351
first,2769,718483944187,718483944197,27.680045351
first,2770,718484044493,718484044503,27.690068027
first,2771,718484144046,718484144057,27.700045351
first,2772,718484244265,718484244283,27.710068027
first,2773,718484344033,718484344043,27.720045351
first,2774,718484444362,718484444372,27.730068027
first,2775,718484544335,718484544346,27.740045351
first,2776,718484644183,718484644193,27.750045351
first,2777,718484752620,718484752630,27.760068027
first,2778,718484844335,718484844367,27.770045351
first,2779,718484944346,718484944356,27.780068027
first,2780,718485044640,718485044650,27.790045351
first,2781,718485144424,718485144434,27.800068027
first,2782,718485244182,718485244201,27.810045351
first,2783,718485344257,718485344277,27.820045351
first,2784,718485444432,718485444442,27.830068027
first,2785,718485544187,718485544198,27.840045351
first,2786,718485645065,718485645084,27.850113379
first,2787,718485744243,718485744254,27.860045351
first,2788,718485844375,718485844394,27.870068027
first,2789,718485952428,718485952439,27.880045351
first,2790,718486044149,718486044159,27.890045351
first,2791,718486144390,718486144399,27.900068027
first,2792,718486244987,718486245006,27.910090703
first,2793,718486344786,718486344819,27.920090703
first,2794,718486444284,718486444296,27.930045351
first,2795,718486544554,718486544573,27.940068027
first,2796,718486645039,718486645058,27.950090703
first,2797,718486744233,718486744264,27.960045351
first,2798,718486844807,718486844817,27.970090703
first,2799,718486944127,718486944137,27.980045351
first,2800,718487044450,718487044469,27.990068027
first,2801,718487152478,718487152489,28.000045351
first,2802,718487244406,718487244417,28.010068027
first,2803,718487344174,718487344199,28.020045351
first,2804,718487444483,718487444502,28.030068027
first,2805,718487544359,718487544370,28.040045351
first,2806,718487644385,718487644404,28.050045351
first,2807,718487744518,718487744537,28.060068027
first,2808,718487844207,718487844217,28.070045351
first,2809,718487944478,718487944488,28.080068027
first,2810,718488044133,718488044411,28.090068027
first,2811,718488144410,718488144420,28.100068027
first,2812,718488244315,718488244339,28.110045351
first,2813,718488352438,718488352449,28.120045351
first,2814,718488444435,718488444445,28.130068027
first,2815,718488544155,718488544164,28.140045351
first,2816,718488644649,718488644663,28.150068027
first,2817,718488744137,718488744150,28.160045351
first,2818,718488844321,718488844341,28.170045351
first,2819,718488944174,718488944185,28.180045351
first,2820,718489044322,718489044342,28.190045351
first,2821,718489144263,718489144272,28.200068027
first,2822,718489244745,718489244763,28.210090703
first,2823,718489344370,718489344380,28.220068027
first,2824,718489444164,718489444174,28.230045351
first,2825,718489552649,718489552668,28.240068027
first,2826,718489644099,718489644110,28.250045351
first,2827,718489745101,718489745120,28.260090703
first,2828,718489844570,718489844585,28.270068027
first,2829,718489944250,718489944262,28.280045351
first,2830,718490044418,718490044429,28.290068027
first,2831,718490144240,718490144259,28.300045351
first,2832,718490244424,718490244434,28.310068027
first,2833,718490344205,718490344215,28.320045351
first,2834,718490444128,718490444138,28.330045351
first,2835,718490544439,718490544449,28.340068027
first,2836,718490644437,718490644447,28.350045351
first,2837,718490753262,718490753283,28.360136054
first,2838,718490844268,718490844279,28.370045351
first,2839,718490944315,718490944326,28.380068027
first,2840,718491044192,718491044203,28.390045351
first,2841,718491144342,718491144352,28.400045351
first,2842,718491244464,718491244483,28.410068027
first,2843,718491344101,718491344112,28.420045351
first,2844,718491444522,718491444539,28.430068027
first,2845,718491544447,718491544458,28.440068027
first,2846,718491644509,718491644520,28.450068027
first,2847,718491744269,718491744287,28.460045351
first,2848,718491844272,718491844283,28.470045351
first,2849,718491952722,718491952748,28.480068027
first,2850,718492044117,718492044130,28.490045351
first,2851,718492144270,718492144289,28.500068027
first,2852,718492244105,718492244123,28.510045351
first,2853,718492344586,718492344605,28.520068027
first,2854,718492444234,718492444238,28.530045351
first,2855,718492544267,718492544301,28.540045351
first,2856,718492644812,718492644831,28.550068027
first,2857,718492744244,718492744254,28.560045351
first,2858,718492844639,718492844650,28.570068027
first,2859,718492944182,718492944201,28.580045351
first,2860,718493044489,718493044499,28.590068027
first,2861,718493152500,718493152519,28.600045351
first,2862,718493244203,718493244214,28.610045351
first,2863,718493344269,718493344287,28.620068027
first,2864,718493444276,718493444296,28.630045351
first,2865,718493544244,718493544255,28.640068027
first,2866,718493644173,718493644184,28.650045351
first,2867,718493744453,718493744463,28.660068027
first,2868,718493844308,718493844318,28.670045351
first,2869,718493944481,718493944492,28.680068027
first,2870,718494044223,718494044240,28.690045351
first,2871,718494144274,718494144286,28.700045351
first,2872,718494244349,718494244359,28.710068027
first,2873,718494352675,718494352711,28.720068027
first,2874,718494444483,718494444493,28.730068027
first,2875,718494544330,718494544341,28.740045351
first,2876,718494645099,718494645110,28.750113379
first,2877,718494745120,718494745139,28.760090703
first,2878,718494844316,718494844327,28.770045351
first,2879,718494944428,718494944438,28.780068027
first,2880,718495044343,718495044354,28.790045351
first,2881,718495144514,718495144524,28.800068027
first,2882,718495244270,718495244284,28.810045351
first,2883,718495344748,718495344764,28.820068027
first,2884,718495444340,718495444358,28.830045351
first,2885,718495552528,718495552540,28.840045351
first,2886,718495644551,718495644570,28.850068027
first,2887,718495744342,718495744362,28.860045351
first,2888,718495844477,718495844487,28.870068027
first,2889,718495944274,718495944285,28.880045351
first,2890,718496044415,718496044425,28.890068027
first,2891,718496144473,718496144484,28.900045351
first,2892,718496244373,718496244384,28.910045351
first,2893,718496344745,718496344759,28.920068027
first,2894,718496445763,718496445787,28.930158730
first,2895,718496544583,718496544595,28.940068027
first,2896,718496644378,718496644388,28.950045351
first,2897,718496752711,718496752721,28.960068027
first,2898,718496844254,718496844264,28.970045351
first,2899,718496944253,718496944264,28.980045351
first,2900,718497044721,718497044732,28.990090703
first,2901,718497144254,718497144263,29.000045351
first,2902,718497244490,718497244501,29.010068027
first,2903,718497344368,718497344387,29.020068027
first,2904,718497444536,718497444555,29.030068027
first,2905,718497544620,718497544639,29.040045351
first,2906,718497644780,718497644794,29.050045351
first,2907,718497744642,718497744654,29.060068027
first,2908,718497844262,718497844273,29.070045351
first,2909,718497952747,718497952758,29.080068027
first,2910,718498044346,718498044356,29.090045351
first,2911,718498144504,718498144514,29.100068027
first,2912,718498244209,718498244228,29.110045351
first,2913,718498344251,718498344262,29.120045351
first,2914,718498444446,718498444457,29.130068027
first,2915,718498545106,718498545125,29.140090703
first,2916,718498644671,718498644687,29.150068027
first,2917,718498744349,718498744368,29.160045351
first,2918,718498844494,718498844504,29.170068027
first,2919,718498944269,718498944279,29.180045351
first,2920,718499044364,718499044375,29.190045351
first,2921,718499152701,718499152711,29.200068027
first,2922,718499244315,718499244334,29.210045351
first,2923,718499344471,718499344481,29.220068027
first,2924,718499444357,718499444367,29.230045351
first,2925,718499544431,718499544441,29.240068027
first,2926,718499644311,718499644322,29.250045351
first,2927,718499744994,718499745013,29.260090703
first,2928,718499844578,718499844601,29.270068027
first,2929,718499944160,718499944171,29.280045351
first,2930,718500044417,718500044428,29.290068027
first,2931,718500144188,718500144199,29.300045351
first,2932,718500244734,718500244756,29.310090703
first,2933,718500352693,718500352735,29.320068027
first,2934,718500444451,718500444463,29.330045351
first,2935,718500544433,718500544444,29.340068027
first,2936,718500644557,718500644567,29.350045351
first,2937,718500744517,718500744528,29.360068027
first,2938,718500845179,718500845198,29.370090703
first,2939,718500944774,718500944804,29.380090703
first,2940,718501044923,718501044930,29.390090703
first,2941,718501144472,718501144483,29.400068027
first,2942,718501244292,718501244302,29.410045351
first,2943,718501344248,718501344266,29.420045351
first,2944,718501444672,718501444683,29.430090703
first,2945,718501552658,718501552669,29.440045351
first,2946,718501644618,718501644629,29.450068027
first,2947,718501744980,718501744999,29.460090703
first,2948,718501844640,718501844659,29.470068027
first,2949,718501944371,718501944390,29.480045351
first,2950,718502044211,718502044222,29.490045351
first,2951,718502144551,718502144569,29.500068027
first,2952,718502244224,718502244240,29.510045351
first,2953,718502344627,718502344638,29.520068027
first,2954,718502444299,718502444317,29.530045351
first,2955,718502544620,718502544630,29.540068027
first,2956,718502644355,718502644366,29.550045351
first,2957,718502752669,718502752688,29.560068027
first,2958,718502845372,718502845392,29.570113379
first,2959,718502944390,718502944401,29.580045351
first,2960,718503044578,718503044588,29.590068027
first,2961,718503144396,718503144417,29.600045351
first,2962,718503244447,718503244458,29.610068027
first,2963,718503345162,718503345181,29.620113379
first,2964,718503444376,718503444386,29.630045351
first,2965,718503544605,718503544615,29.640068027
first,2966,718503644451,718503644470,29.650045351
first,2967,718503744537,718503744548,29.660068027
first,2968,718503844304,718503844314,29.670045351
first,2969,718503952761,718503952772,29.680068027
first,2970,718504044358,718504044369,29.690045351
first,2971,718504144363,718504144382,29.700045351
first,2972,718504245365,718504245384,29.710136054
first,2973,718504344464,718504344482,29.720045351
first,2974,718504444521,718504444532,29.730068027
first,2975,718504544274,718504544284,29.740045351
first,2976,718504644540,718504644551,29.750068027
first,2977,718504744410,718504744424,29.760045351
first,2978,718504844340,718504844351,29.770045351
first,2979,718504944590,718504944601,29.780068027
first,2980,718505044479,718505044490,29.790045351
first,2981,718505152750,718505152760,29.800068027
first,2982,718505244386,718505244396,29.810045351
first,2983,718505344583,718505344602,29.820068027
first,2984,718505444425,718505444429,29.830045351
first,2985,718505544452,718505544462,29.840045351
first,2986,718505644478,718505644488,29.850068027
first,2987,718505744220,718505744231,29.860045351
first,2988,718505844500,718505844510,29.870068027
first,2989,718505944404,718505944415,29.880045351
first,2990,718506044500,718506044518,29.890068027
first,2991,718506144481,718506144492,29.900045351
first,2992,718506244556,718506244575,29.910068027
first,2993,718506352935,718506352956,29.920090703
first,2994,718506444415,718506444430,29.930045351
first,2995,718506544655,718506544672,29.940068027
first,2996,718506644554,718506644568,29.950068027
first,2997,718506744616,718506744626,29.960068027
first,2998,718506844335,718506844361,29.970045351
first,2999,718506944436,718506944450,29.980045351
first,3000,718507044508,718507044519,29.990068027
first,3001,718507144352,718507144361,30.000045351
first,3002,718507244602,718507244612,30.010068027
first,3003,718507344360,718507344386,30.020045351
first,3004,718507444514,718507444525,30.030068027
first,3005,718507552606,718507552616,30.040045351
first,3006,718507644508,718507644518,30.050068027
first,3007,718507744549,718507744560,30.060045351
first,3008,718507844524,718507844535,30.070045351
first,3009,718507944690,718507944710,30.080068027
first,3010,718508044581,718508044592,30.090045351
first,3011,718508144767,718508144778,30.100068027
first,3012,718508244438,718508244457,30.110045351
first,3013,718508344588,718508344599,30.120068027
first,3014,718508444361,718508444383,30.130045351
first,3015,718508544388,718508544398,30.140045351
first,3016,718508644635,718508644645,30.150068027
first,3017,718508752624,718508752635,30.160045351
first,3018,718508844658,718508844670,30.170068027
first,3019,718508944507,718508944518,30.180045351
first,3020,718509044552,718509044562,30.190068027
first,3021,718509144405,718509144414,30.200045351
first,3022,718509244357,718509244366,30.210045351
first,3023,718509344589,718509344599,30.220068027
first,3024,718509444391,718509444401,30.230045351
first,3025,718509544521,718509544531,30.240068027
first,3026,718509644405,718509644416,30.250045351
first,3027,718509744666,718509744677,30.260068027
first,3028,718509844434,718509844453,30.270045351
first,3029,718509952644,718509952656,30.280045351
first,3030,718510044717,718510044728,30.290068027
first,3031,718510144491,718510144502,30.300045351
first,3032,718510244642,718510244653,30.310068027
first,3033,718510344381,718510344391,30.320045351
first,3034,718510444626,718510444636,30.330068027
first,3035,718510545290,718510545309,30.340090703
first,3036,718510644434,718510644450,30.350045351
first,3037,718510744527,718510744537,30.360068027
first,3038,718510844501,718510844511,30.370045351
first,3039,718510944591,718510944602,30.380068027
first,3040,718511044515,718511044527,30.390045351
first,3041,718511152800,718511152810,30.400068027
first,3042,718511244396,718511244415,30.410045351
first,3043,718511345038,718511345057,30.420090703
first,3044,718511445444,718511445463,30.430113379
first,3045,718511544298,718511544317,30.440045351
first,3046,718511644493,718511644503,30.450068027
first,3047,718511744303,718511744313,30.460045351
first,3048,718511844673,718511844690,30.470068027
first,3049,718511944473,718511944484,30.480045351
first,3050,718512044382,718512044393,30.490045351
first,3051,718512144648,718512144666,30.500068027
first,3052,718512244435,718512244448,30.510045351
first,3053,718512352840,718512352851,30.520068027
first,3054,718512444434,718512444447,30.530045351
first,3055,718512544588,718512544598,30.540068027
first,3056,718512644395,718512644405,30.550045351
first,3057,718512744468,718512744478,30.560045351
first,3058,718512844549,718512844559,30.570068027
first,3059,718512944455,718512944485,30.580045351
first,3060,718513044652,718513044662,30.590068027
first,3061,718513144426,718513144445,30.600045351
first,3062,718513244658,718513244671,30.610068027
first,3063,718513344491,718513344502,30.620045351
first,3064,718513444476,718513444487,30.630045351
first,3065,718513552964,718513553026,30.640090703
first,3066,718513644979,718513644999,30.650090703
first,3067,718513744692,718513744702,30.660068027
first,3068,718513844390,718513844400,30.670045351
first,3069,718513944620,718513944630,30.680068027
first,3070,718514044696,718514044706,30.690045351
first,3071,718514144644,718514144654,30.700068027
first,3072,718514244397,718514244407,30.710045351
first,3073,718514344512,718514344531,30.720045351
first,3074,718514444673,718514444684,30.730068027
first,3075,718514544507,718514544517,30.740045351
first,3076,718514644704,718514644714,30.750068027
first,3077,718514752657,718514752668,30.760045351
first,3078,718514844620,718514844630,30.770068027
first,3079,718514944486,718514944496,30.780045351
first,3080,718515044497,718515044517,30.790045351
first,3081,718515144626,718515144636,30.800068027
first,3082,718515244627,718515244646,30.810045351
first,3083,718515344637,718515344648,30.820068027
first,3084,718515444512,718515444524,30.830045351
first,3085,718515544625,718515544637,30.840068027
first,3086,718515644484,718515644494,30.850045351
first,3087,718515744485,718515744497,30.860045351
first,3088,718515844585,718515844596,30.870068027
first,3089,718515952727,718515952738,30.880045351
first,3090,718516044520,718516044530,30.890068027
first,3091,718516144331,718516144349,30.900045351
first,3092,718516245220,718516245239,30.910113379
first,3093,718516344482,718516344493,30.920045351
first,3094,718516444509,718516444525,30.930068027
first,3095,718516544726,718516544736,30.940068027
first,3096,718516644533,718516644545,30.950045351
first,3097,718516744703,718516744714,30.960068027
first,3098,718516845187,718516845205,30.970090703
first,3099,718516944678,718516944689,30.980068027
first,3100,718517044475,718517044486,30.990045351
first,3101,718517152715,718517152726,31.000045351
first,3102,718517244582,718517244592,31.010068027
first,3103,718517344526,718517344553,31.020045351
first,3104,718517444570,718517444581,31.030068027
first,3105,718517544495,718517544506,31.040045351
first,3106,718517644614,718517644633,31.050068027
first,3107,718517744540,718517744552,31.060045351
first,3108,718517844445,718517844462,31.070045351
first,3109,718517944725,718517944736,31.080068027
first,3110,718518044516,718518044526,31.090045351
first,3111,718518144647,718518144657,31.100068027
first,3112,718518244519,718518244538,31.110045351
first,3113,718518352861,718518352871,31.120068027
first,3114,718518444529,718518444540,31.130045351
first,3115,718518544504,718518544515,31.140045351
first,3116,718518644655,718518644666,31.150068027
first,3117,718518744584,718518744600,31.160045351
first,3118,718518844748,718518844769,31.170068027
first,3119,718518944422,718518944441,31.180045351
first,3120,718519044623,718519044641,31.190068027
first,3121,718519144410,718519144421,31.200045351
first,3122,718519244584,718519244590,31.210045351
first,3123,718519344851,718519344862,31.220068027
first,3124,718519444414,718519444424,31.230045351
first,3125,718519552882,718519552893,31.240068027
first,3126,718519644497,718519644508,31.250045351
first,3127,718519744652,718519744662,31.260068027
first,3128,718519844497,718519844519,31.270045351
first,3129,718519944448,718519944459,31.280045351
first,3130,718520044702,718520044713,31.290068027
first,3131,718520144401,718520144420,31.300045351
first,3132,718520244771,718520244790,31.310068027
first,3133,718520344500,718520344519,31.320045351
first,3134,718520444681,718520444693,31.330068027
first,3135,718520544573,718520544597,31.340068027
first,3136,718520644533,718520644544,31.350045351
first,3137,718520752941,718520752960,31.360068027
first,3138,718520845303,718520845322,31.370090703
first,3139,718520944768,718520944778,31.380068027
first,3140,718521044669,718521044689,31.390068027
first,3141,718521144760,718521144771,31.400068027
first,3142,718521244604,718521244615,31.410045351
first,3143,718521344858,718521344870,31.420068027
first,3144,718521444845,718521444860,31.430068027
first,3145,718521544379,718521544390,31.440045351
first,3146,718521644718,718521644729,31.450068027
first,3147,718521744557,718521744576,31.460045351
first,3148,718521845544,718521845555,31.470136054
first,3149,718521952791,718521952802,31.480045351
first,3150,718522044737,718522044748,31.490068027
first,3151,718522144501,718522144520,31.500045351
first,3152,718522244603,718522244626,31.510068027
first,3153,718522344797,718522344811,31.520068027
first,3154,718522444416,718522444419,31.530045351
first,3155,718522544683,718522544702,31.540068027
first,3156,718522644555,718522644565,31.550045351
first,3157,718522744735,718522744746,31.560068027
first,3158,718522844550,718522844565,31.570045351
first,3159,718522944464,718522944475,31.580045351
first,3160,718523044737,718523044748,31.590068027
first,3161,718523152738,718523152747,31.600045351
first,3162,718523244762,718523244773,31.610068027
first,3163,718523345186,718523345206,31.620090703
first,3164,718523445348,718523445364,31.630113379
first,3165,718523545237,718523545256,31.640090703
first,3166,718523644984,718523645003,31.650090703
first,3167,718523744631,718523744641,31.660068027
first,3168,718523844480,718523844490,31.670045351
first,3169,718523944626,718523944636,31.680068027
first,3170,718524044400,718524044410,31.690045351
first,3171,718524144586,718524144595,31.700068027
first,3172,718524244532,718524244542,31.710045351
first,3173,718524352779,718524352790,31.720045351
first,3174,718524444723,718524444734,31.730068027
first,3175,718524544567,718524544586,31.740045351
first,3176,718524645701,718524645712,31.750068027
first,3177,718524744511,718524744521,31.760045351
first,3178,718524844760,718524844771,31.770068027
first,3179,718524944543,718524944553,31.780045351
first,3180,718525044597,718525044622,31.790045351
first,3181,718525144991,718525145002,31.800068027
first,3182,718525244525,718525244535,31.810045351
first,3183,718525344650,718525344660,31.820068027
first,3184,718525444594,718525444605,31.830045351
first,3185,718525552960,718525552972,31.840068027
first,3186,718525645144,718525645162,31.850113379
first,3187,718525744731,718525744741,31.860045351
first,3188,718525844689,718525844700,31.870068027
first,3189,718525944619,718525944651,31.880045351
first,3190,718526044749,718526044759,31.890068027
first,3191,718526144567,718526144586,31.900045351
first,3192,718526244780,718526244790,31.910068027
first,3193,718526344547,718526344558,31.920045351
first,3194,718526444652,718526444673,31.930045351
first,3195,718526544856,718526544867,31.940068027
first,3196,718526645244,718526645263,31.950090703
first,3197,718526752969,718526752980,31.960068027
first,3198,718526845130,718526845141,31.970068027
first,3199,718526945037,718526945048,31.980068027
first,3200,718527044483,718527044500,31.990045351
first,3201,718527145125,718527145136,32.000045351
first,3202,718527244863,718527244882,32.010068027
first,3203,718527344601,718527344620,32.020045351
first,3204,718527444741,718527444760,32.030068027
first,3205,718527545122,718527545141,32.040090703
first,3206,718527645168,718527645196,32.050068027
first,3207,718527744717,718527744732,32.060045351
first,3208,718527844802,718527844814,32.070068027
first,3209,718527952804,718527952815,32.080045351
first,3210,718528044573,718528044592,32.090045351
first,3211,718528145183,718528145202,32.100068027
first,3212,718528244749,718528244768,32.110045351
first,3213,718528344641,718528344660,32.120068027
first,3214,718528446457,718528446487,32.130113379
first,3215,718528544776,718528544787,32.140068027
first,3216,718528645438,718528645456,32.150090703
first,3217,718528744615,718528744625,32.160045351
first,3218,718528845637,718528845656,32.170113379
first,3219,718528945212,718528945236,32.180090703
first,3220,718529045360,718529045371,32.190068027
first,3221,718529152808,718529152817,32.200045351
first,3222,718529244745,718529244756,32.210068027
first,3223,718529344539,718529344551,32.220045351
first,3224,718529444464,718529444475,32.230045351
first,3225,718529544618,718529544628,32.240068027
first,3226,718529644516,718529644527,32.250045351
first,3227,718529744551,718529744562,32.260068027
first,3228,718529844585,718529844595,32.270045351
first,3229,718529944698,718529944709,32.280068027
first,3230,718530045257,718530045303,32.290090703
first,3231,718530145211,718530145222,32.300090703
first,3232,718530244588,718530244599,32.310068027
first,3233,718530352828,718530352838,32.320045351
first,3234,718530444686,718530444696,32.330068027
first,3235,718530544436,718530544448,32.340045351
first,3236,718530644602,718530644613,32.350068027
first,3237,718530744448,718530744476,32.360045351
first,3238,718530844412,718530844422,32.370045351
first,3239,718530944596,718530944607,32.380068027
first,3240,718531044505,718531044524,32.390045351
first,3241,718531145019,718531145037,32.400068027
first,3242,718531245169,718531245189,32.410090703
first,3243,718531344709,718531344728,32.420068027
first,3244,718531444414,718531444423,32.430045351
first,3245,718531552854,718531552884,32.440045351
first,3246,718531644984,718531644995,32.450068027
first,3247,718531744511,718531744531,32.460045351
first,3248,718531844730,718531844740,32.470068027
first,3249,718531945287,718531945299,32.480090703
first,3250,718532044646,718532044657,32.490068027
first,3251,718532144608,718532144619,32.500045351
first,3252,718532244518,718532244530,32.510045351
first,3253,718532344706,718532344718,32.520068027
first,3254,718532445049,718532445070,32.530090703
first,3255,718532544679,718532544690,32.540068027
first,3256,718532645800,718532645819,32.550090703
first,3257,718532752988,718532752998,32.560068027
first,3258,718532845255,718532845274,32.570090703
first,3259,718532945170,718532945189,32.580090703
first,3260,718533044783,718533044793,32.590068027
first,3261,718533145158,718533145167,32.600045351
first,3262,718533245647,718533245666,32.610113379
first,3263,718533345354,718533345373,32.620090703
first,3264,718533444973,718533444995,32.630068027
first,3265,718533545125,718533545136,32.640045351
first,3266,718533645506,718533645525,32.650090703
first,3267,718533744565,718533744575,32.660068027
first,3268,718533844526,718533844537,32.670045351
first,3269,718533952997,718533953008,32.680068027
first,3270,718534044564,718534044574,32.690045351
first,3271,718534145238,718534145247,32.700068027
first,3272,718534244627,718534244637,32.710045351
first,3273,718534344615,718534344625,32.720045351
first,3274,718534444910,718534444931,32.730068027
first,3275,718534545248,718534545259,32.740045351
first,3276,718534645231,718534645250,32.750068027
first,3277,718534744626,718534744636,32.760045351
first,3278,718534844799,718534844810,32.770068027
first,3279,718534944533,718534944544,32.780045351
first,3280,718535044843,718535044854,32.790068027
first,3281,718535152838,718535152847,32.800045351
first,3282,718535244649,718535244660,32.810045351
first,3283,718535344978,718535344989,32.820068027
first,3284,718535444614,718535444624,32.830045351
first,3285,718535544832,718535544843,32.840068027
first,3286,718535645285,718535645298,32.850045351
first,3287,718535744906,718535744917,32.860068027
first,3288,718535844688,718535844698,32.870045351
first,3289,718535944649,718535944660,32.880045351
first,3290,718536044818,718536044828,32.890068027
first,3291,718536145459,718536145468,32.900045351
first,3292,718536244782,718536244792,32.910068027
first,3293,718536352852,718536352863,32.920045351
first,3294,718536444892,718536444909,32.930068027
first,3295,718536544651,718536544662,32.940045351
first,3296,718536645386,718536645396,32.950045351
first,3297,718536745893,718536745912,32.960136054
first,3298,718536844665,718536844677,32.970045351
first,3299,718536945271,718536945281,32.980068027
first,3300,718537045393,718537045412,32.990090703
first,3301,718537145723,718537145734,33.000068027
first,3302,718537244385,718537244396,33.010045351
first,3303,718537345167,718537345186,33.020090703
first,3304,718537444877,718537444888,33.030068027
first,3305,718537552868,718537552879,33.040045351
first,3306,718537645582,718537645592,33.050068027
first,3307,718537744650,718537744661,33.060045351
first,3308,718537844804,718537844814,33.070068027
first,3309,718537944822,718537944842,33.080045351
first,3310,718538044783,718538044795,33.090045351
first,3311,718538145633,718538145652,33.100068027
first,3312,718538244687,718538244698,33.110045351
first,3313,718538344889,718538344900,33.120068027
first,3314,718538444646,718538444657,33.130045351
first,3315,718538544873,718538544884,33.140068027
first,3316,718538646079,718538646097,33.150090703
first,3317,718538752894,718538752904,33.160045351
first,3318,718538844893,718538844904,33.170068027
first,3319,718538944811,718538944830,33.180068027
first,3320,718539044941,718539044952,33.190068027
first,3321,718539145753,718539145772,33.200045351
first,3322,718539244826,718539244837,33.210068027
first,3323,718539344695,718539344705,33.220045351
first,3324,718539444660,718539444671,33.230045351
first,3325,718539544791,718539544801,33.240068027
first,3326,718539644957,718539644968,33.250045351
first,3327,718539745296,718539745306,33.260113379
first,3328,718539844658,718539844668,33.270045351
first,3329,718539953056,718539953067,33.280068027
first,3330,718540044617,718540044628,33.290045351
first,3331,718540144744,718540144753,33.300045351
first,3332,718540244885,718540244896,33.310068027
first,3333,718540344645,718540344656,33.320045351
first,3334,718540444774,718540444785,33.330068027
first,3335,718540544797,718540544808,33.340045351
first,3336,718540644919,718540644930,33.350068027
first,3337,718540744557,718540744582,33.360045351
first,3338,718540844655,718540844666,33.370045351
first,3339,718540944908,718540944919,33.380068027
first,3340,718541044734,718541044744,33.390045351
first,3341,718541153154,718541153164,33.400068027
first,3342,718541244634,718541244644,33.410045351
first,3343,718541344970,718541344981,33.420068027
first,3344,718541444865,718541444881,33.430045351
first,3345,718541545345,718541545367,33.440090703
first,3346,718541644607,718541644618,33.450045351
first,3347,718541744741,718541744751,33.460045351
first,3348,718541844924,718541844935,33.470068027
first,3349,718541944635,718541944645,33.480045351
first,3350,718542044986,718542045002,33.490068027
first,3351,718542144750,718542144760,33.500045351
first,3352,718542245788,718542245807,33.510136054
first,3353,718542353019,718542353031,33.520045351
first,3354,718542444827,718542444838,33.530045351
first,3355,718542545358,718542545368,33.540090703
first,3356,718542644670,718542644681,33.550045351
first,3357,718542744667,718542744677,33.560068027
first,3358,718542844608,718542844619,33.570045351
first,3359,718542945472,718542945483,33.580113379
first,3360,718543044640,718543044650,33.590045351
first,3361,718543144685,718543144694,33.600045351
first,3362,718543244854,718543244865,33.610068027
first,3363,718543344899,718543344918,33.620068027
first,3364,718543445659,718543445673,33.630136054
first,3365,718543552982,718543552994,33.640045351
first,3366,718543644803,718543644821,33.650068027
first,3367,718543744540,718543744551,33.660045351
first,3368,718543844684,718543844695,33.670045351
first,3369,718543945675,718543945694,33.680136054
first,3370,718544044733,718544044744,33.690045351
first,3371,718544144804,718544144814,33.700068027
first,3372,718544244726,718544244736,33.710045351
first,3373,718544345629,718544345648,33.720113379
first,3374,718544444699,718544444710,33.730045351
first,3375,718544544746,718544544756,33.740045351
first,3376,718544644965,718544644980,33.750068027
first,3377,718544752958,718544752970,33.760045351
first,3378,718544844928,718544844939,33.770068027
first,3379,718544944778,718544944809,33.780045351
first,3380,718545044871,718545044881,33.790068027
first,3381,718545144708,718545144717,33.800045351
first,3382,718545244672,718545244683,33.810045351
first,3383,718545344928,718545344938,33.820068027
first,3384,718545445390,718545445402,33.830090703
first,3385,718545544970,718545544982,33.840068027
first,3386,718545644760,718545644772,33.850045351
first,3387,718545744978,718545744988,33.860068027
first,3388,718545844759,718545844771,33.870045351
first,3389,718545953031,718545953041,33.880045351
first,3390,718546044973,718546044984,33.890068027
first,3391,718546144678,718546144686,33.900045351
first,3392,718546244880,718546244890,33.910068027
first,3393,718546344764,718546344775,33.920045351
first,3394,718546444884,718546444895,33.930068027
first,3395,718546544948,718546544969,33.940068027
first,3396,718546644789,718546644801,33.950045351
first,3397,718546744917,718546744928,33.960068027
first,3398,718546844797,718546844814,33.970045351
first,3399,718546944946,718546944957,33.980068027
first,3400,718547044782,718547044793,33.990045351
first,3401,718547153137,718547153146,34.000068027
first,3402,718547244699,718547244710,34.010045351
first,3403,718547344768,718547344778,34.020045351
first,3404,718547444963,718547444973,34.030068027
first,3405,718547544718,718547544728,34.040045351
first,3406,718547644950,718547644961,34.050068027
first,3407,718547744714,718547744725,34.060045351
first,3408,718547844949,718547844959,34.070068027
first,3409,718547947449,718547947468,34.080272109
first,3410,718548044774,718548044785,34.090045351
first,3411,718548144946,718548144956,34.100068027
first,3412,718548244785,718548244796,34.110045351
first,3413,718548353125,718548353135,34.120068027
first,3414,718548444784,718548444795,34.130045351
first,3415,718548545746,718548545765,34.140113379
first,3416,718548644682,718548644693,34.150045351
first,3417,718548744886,718548744896,34.160068027
first,3418,718548845390,718548845408,34.170090703
first,3419,718548944847,718548944857,34.180045351
first,3420,718549044843,718549044853,34.190068027
first,3421,718549144813,718549144824,34.200045351
first,3422,718549245302,718549245321,34.210068027
first,3423,718549344632,718549344643,34.220045351
first,3424,718549444929,718549444939,34.230068027
first,3425,718549552979,718549552990,34.240045351
first,3426,718549644831,718549644850,34.250045351
first,3427,718549744910,718549744921,34.260068027
first,3428,718549844803,718549844834,34.270045351
first,3429,718549944948,718549944960,34.280068027
first,3430,718550044786,718550044797,34.290045351
first,3431,718550145034,718550145053,34.300068027
first,3432,718550244697,718550244708,34.310045351
first,3433,718550344689,718550344700,34.320045351
first,3434,718550445037,718550445048,34.330068027
first,3435,718550544748,718550544759,34.340045351
first,3436,718550644983,718550644994,34.350068027
first,3437,718550752976,718550752987,34.360045351
first,3438,718550844973,718550844983,34.370068027
first,3439,718550944767,718550944778,34.380045351
first,3440,718551044785,718551044795,34.390045351
first,3441,718551144899,718551144908,34.400068027
first,3442,718551245570,718551245589,34.410090703
first,3443,718551345383,718551345406,34.420090703
first,3444,718551444940,718551444962,34.430068027
first,3445,718551545188,718551545199,34.440068027
first,3446,718551644872,718551644883,34.450045351
first,3447,718551744612,718551744623,34.460045351
first,3448,718551844967,718551844978,34.470068027
first,3449,718551953003,718551953013,34.480045351
first,3450,718552045085,718552045104,34.490068027
first,3451,718552144782,718552144792,34.500045351
first,3452,718552245065,718552245093,34.510068027
first,3453,718552344882,718552344892,34.520045351
first,3454,718552444696,718552444706,34.530045351
first,3455,718552545043,718552545054,34.540068027
first,3456,718552644973,718552644984,34.550045351
first,3457,718552744958,718552744969,34.560068027
first,3458,718552845033,718552845043,34.570068027
first,3459,718552944958,718552944968,34.580068027
first,3460,718553044779,718553044789,34.590045351
first,3461,718553152991,718553153001,34.600045351
first,3462,718553244997,718553245017,34.610068027
first,3463,718553345243,718553345253,34.620068027
first,3464,718553445009,718553445019,34.630068027
first,3465,718553545290,718553545310,34.640090703
first,3466,718553645277,718553645309,34.650090703
first,3467,718553744694,718553744705,34.660045351
first,3468,718553845429,718553845448,34.670090703
first,3469,718553944978,718553944988,34.680068027
first,3470,718554044742,718554044757,34.690045351
first,3471,718554144907,718554144917,34.700068027
first,3472,718554244807,718554244817,34.710045351
first,3473,718554353158,718554353169,34.720068027
first,3474,718554445432,718554445451,34.730090703
first,3475,718554544863,718554544873,34.740045351
first,3476,718554645895,718554645914,34.750136054
first,3477,718554744865,718554744878,34.760045351
first,3478,718554845744,718554845763,34.770113379
first,3479,718554944760,718554944770,34.780045351
first,3480,718555045026,718555045037,34.790068027
first,3481,718555144732,718555144742,34.800045351
first,3482,718555245012,718555245022,34.810068027
first,3483,718555345442,718555345461,34.820090703
first,3484,718555444804,718555444814,34.830045351
first,3485,718555553186,718555553197,34.840068027
first,3486,718555644883,718555644894,34.850045351
first,3487,718555744960,718555744970,34.860068027
first,3488,718555845654,718555845673,34.870090703
first,3489,718555945759,718555945779,34.880136054
first,3490,718556044705,718556044724,34.890045351
first,3491,718556144860,718556144869,34.900045351
first,3492,718556244978,718556244988,34.910068027
first,3493,718556344794,718556344804,34.920045351
first,3494,718556444882,718556444892,34.930068027
first,3495,718556544797,718556544807,34.940045351
first,3496,718556645292,718556645314,34.950068027
first,3497,718556753099,718556753111,34.960045351
first,3498,718556845120,718556845140,34.970045351
first,3499,718556945073,718556945087,34.980068027
first,3500,718557044788,718557044798,34.990045351
first,3501,718557144983,718557144999,35.000068027
first,3502,718557244855,718557244866,35.010045351
first,3503,718557344959,718557344969,35.020068027
first,3504,718557444862,718557444877,35.030045351
first,3505,718557544835,718557544909,35.040045351
first,3506,718557644938,718557644948,35.050068027
first,3507,718557744857,718557744868,35.060045351
first,3508,718557845116,718557845127,35.070068027
first,3509,718557953048,718557953058,35.080045351
first,3510,718558045961,718558045980,35.090136054
first,3511,718558144799,718558144808,35.100045351
first,3512,718558244840,718558244851,35.110045351
first,3513,718558345018,718558345029,35.120068027
first,3514,718558444830,718558444841,35.130045351
first,3515,718558545101,718558545112,35.140068027
first,3516,718558644940,718558644951,35.150045351
first,3517,718558745002,718558745013,35.160068027
first,3518,718558844786,718558844797,35.170045351
first,3519,718558944831,718558944842,35.180045351
first,3520,718559044999,718559045009,35.190068027
first,3521,718559153053,718559153062,35.200045351
first,3522,718559244980,718559244992,35.210068027
first,3523,718559344887,718559344900,35.220045351
first,3524,718559445013,718559445023,35.230068027
first,3525,718559544846,718559544857,35.240045351
first,3526,718559644958,718559644969,35.250045351
first,3527,718559745257,718559745268,35.260090703
first,3528,718559844792,718559844803,35.270045351
first,3529,718559945011,718559945021,35.280068027
first,3530,718560044960,718560044975,35.290045351
first,3531,718560144960,718560144969,35.300068027
first,3532,718560244962,718560244975,35.310045351
first,3533,718560353086,718560353097,35.320045351
first,3534,718560445090,718560445101,35.330068027
first,3535,718560544886,718560544897,35.340045351
first,3536,718560645002,718560645012,35.350068027
first,3537,718560744972,718560744984,35.360045351
first,3538,718560845225,718560845236,35.370068027
first,3539,718560944943,718560944962,35.380045351
first,3540,718561044801,718561044820,35.390045351
first,3541,718561145227,718561145238,35.400068027
first,3542,718561244848,718561244859,35.410045351
first,3543,718561345056,718561345067,35.420068027
first,3544,718561444858,718561444869,35.430045351
first,3545,718561553290,718561553303,35.440068027
first,3546,718561644893,718561644904,35.450045351
first,3547,718561744939,718561744950,35.460045351
first,3548,718561844955,718561844973,35.470068027
first,3549,718561944742,718561944753,35.480045351
first,3550,718562045013,718562045024,35.490068027
first,3551,718562145037,718562145056,35.500045351
first,3552,718562245091,718562245101,35.510068027
first,3553,718562344877,718562344887,35.520045351
first,3554,718562444959,718562444970,35.530068027
first,3555,718562545656,718562545675,35.540090703
first,3556,718562644975,718562645000,35.550045351
first,3557,718562753278,718562753289,35.560068027
first,3558,718562845052,718562845062,35.570045351
first,3559,718562945347,718562945357,35.580068027
first,3560,718563044903,718563044913,35.590045351
first,3561,718563145009,718563145019,35.600068027
first,3562,718563245031,718563245041,35.610045351
first,3563,718563345442,718563345461,35.620090703
first,3564,718563445042,718563445052,35.630068027
first,3565,718563544926,718563544964,35.640045351
first,3566,718563645857,718563645876,35.650113379
first,3567,718563744825,718563744836,35.660045351
first,3568,718563844952,718563844962,35.670068027
first,3569,718563953164,718563953175,35.680045351
first,3570,718564044725,718564044736,35.690045351
first,3571,718564145119,718564145129,35.700068027
first,3572,718564244839,718564244850,35.710045351
first,3573,718564345100,718564345110,35.720068027
first,3574,718564444882,718564444893,35.730045351
first,3575,718564545085,718564545095,35.740068027
first,3576,718564644997,718564645015,35.750045351
first,3577,718564744868,718564744887,35.760045351
first,3578,718564845850,718564845869,35.770113379
first,3579,718564945022,718564945033,35.780045351
first,3580,718565045942,718565045961,35.790113379
first,3581,718565153115,718565153126,35.800045351
first,3582,718565246108,718565246127,35.810136054
first,3583,718565345037,718565345048,35.820045351
first,3584,718565445581,718565445599,35.830090703
first,3585,718565545815,718565545834,35.840113379
first,3586,718565645502,718565645520,35.850090703
first,3587,718565745055,718565745066,35.860068027
first,3588,718565845556,718565845576,35.870090703
first,3589,718565945415,718565945435,35.880090703
first,3590,718566044941,718566044953,35.890045351
first,3591,718566144869,718566144880,35.900045351
first,3592,718566245072,718566245094,35.910068027
first,3593,718566353162,718566353177,35.920045351
first,3594,718566444976,718566444990,35.930068027
first,3595,718566544849,718566544859,35.940045351
first,3596,718566644925,718566644935,35.950068027
first,3597,718566744833,718566744846,35.960045351
first,3598,718566845026,718566845037,35.970045351
first,3599,718566945257,718566945269,35.980068027
first,3600,718567045062,718567045074,35.990045351
first,3601,718567145212,718567145222,36.000068027
first,3602,718567244916,718567244929,36.010045351
first,3603,718567345042,718567345052,36.020068027
first,3604,718567444895,718567444905,36.030045351
first,3605,718567553132,718567553142,36.040045351
first,3606,718567645220,718567645231,36.050068027
first,3607,718567744898,718567744909,36.060045351
first,3608,718567845124,718567845134,36.070068027
first,3609,718567944971,718567944985,36.080045351
first,3610,718568045071,718568045082,36.090068027
first,3611,718568145003,718568145014,36.100045351
first,3612,718568245302,718568245313,36.110068027
first,3613,718568345533,718568345544,36.120090703
first,3614,718568445473,718568445483,36.130090703
first,3615,718568545969,718568545988,36.140113379
first,3616,718568645674,718568645693,36.150090703
first,3617,718568753307,718568753318,36.160068027
first,3618,718568845648,718568845668,36.170090703
first,3619,718568945835,718568945845,36.180113379
first,3620,718569044993,718569045004,36.190045351
first,3621,718569144931,718569144939,36.200045351
first,3622,718569245057,718569245068,36.210068027
first,3623,718569345512,718569345532,36.220090703
first,3624,718569445840,718569445862,36.230113379
first,3625,718569545098,718569545110,36.240045351
first,3626,718569645760,718569645779,36.250113379
first,3627,718569744983,718569744993,36.260045351
first,3628,718569845077,718569845088,36.270045351
first,3629,718569953308,718569953318,36.280068027
first,3630,718570044962,718570044973,36.290045351
first,3631,718570145328,718570145347,36.300090703
first,3632,718570244927,718570244938,36.310045351
first,3633,718570346198,718570346218,36.320136054
first,3634,718570444899,718570444910,36.330045351
first,3635,718570544858,718570544869,36.340045351
first,3636,718570645298,718570645317,36.350068027
first,3637,718570744954,718570744965,36.360045351
first,3638,718570845158,718570845169,36.370068027
first,3639,718570944871,718570944882,36.380045351
first,3640,718571045111,718571045121,36.390068027
first,3641,718571153147,718571153156,36.400045351
first,3642,718571245669,718571245688,36.410090703
first,3643,718571345144,718571345155,36.420068027
first,3644,718571445020,718571445045,36.430045351
first,3645,718571545367,718571545385,36.440068027
first,3646,718571644933,718571644944,36.450045351
first,3647,718571744985,718571744996,36.460068027
first,3648,718571844995,718571845016,36.470045351
first,3649,718571944899,718571944910,36.480045351
first,3650,718572045253,718572045263,36.490068027
first,3651,718572144910,718572144920,36.500045351
first,3652,718572245296,718572245313,36.510068027
first,3653,718572353166,718572353177,36.520045351
first,3654,718572445178,718572445188,36.530068027
first,3655,718572545383,718572545405,36.540068027
first,3656,718572645110,718572645121,36.550045351
first,3657,718572745207,718572745218,36.560068027
first,3658,718572845018,718572845035,36.570045351
first,3659,718572945092,718572945102,36.580068027
first,3660,718573044995,718573045006,36.590045351
first,3661,718573145083,718573145092,36.600068027
first,3662,718573245001,718573245011,36.610045351
first,3663,718573344965,718573344976,36.620045351
first,3664,718573445070,718573445080,36.630068027
first,3665,718573553184,718573553195,36.640045351
first,3666,718573645193,718573645213,36.650068027
first,3667,718573744968,718573744979,36.660045351
first,3668,718573845166,718573845177,36.670068027
first,3669,718573945020,718573945031,36.680045351
first,3670,718574044954,718574044965,36.690045351
first,3671,718574145144,718574145154,36.700068027
first,3672,718574245508,718574245526,36.710090703
first,3673,718574345092,718574345102,36.720068027
first,3674,718574445025,718574445036,36.730045351
first,3675,718574545149,718574545160,36.740068027
first,3676,718574645217,718574645236,36.750045351
first,3677,718574753202,718574753213,36.760045351
first,3678,718574845105,718574845115,36.770068027
first,3679,718574945007,718574945036,36.780045351
first,3680,718575045222,718575045233,36.790068027
first,3681,718575144926,718575144935,36.800045351
first,3682,718575245246,718575245256,36.810068027
first,3683,718575344952,718575344962,36.820045351
first,3684,718575444978,718575444989,36.830045351
first,3685,718575545241,718575545251,36.840068027
first,3686,718575644969,718575644980,36.850045351
first,3687,718575745192,718575745202,36.860068027
first,3688,718575844981,718575844991,36.870045351
first,3689,718575953429,718575953440,36.880068027
first,3690,718576045039,718576045050,36.890045351
first,3691,718576145230,718576145239,36.900068027
first,3692,718576244976,718576244986,36.910045351
first,3693,718576344953,718576344964,36.920045351
first,3694,718576445114,718576445125,36.930068027
first,3695,718576544968,718576544979,36.940045351
first,3696,718576645205,718576645216,36.950068027
first,3697,718576744984,718576744995,36.960045351
first,3698,718576845421,718576845446,36.970068027
first,3699,718576945037,718576945062,36.980045351
first,3700,718577045167,718577045188,36.990045351
first,3701,718577153385,718577153395,37.000068027
first,3702,718577245036,718577245056,37.010045351
first,3703,718577345161,718577345171,37.020068027
first,3704,718577445086,718577445097,37.030045351
first,3705,718577546024,718577546044,37.040113379
first,3706,718577644973,718577644983,37.050045351
first,3707,718577745027,718577745037,37.060045351
first,3708,718577845087,718577845097,37.070068027
first,3709,718577945003,718577945014,37.080045351
first,3710,718578045122,718578045132,37.090068027
first,3711,718578144952,718578144961,37.100045351
first,3712,718578245242,718578245253,37.110068027
first,3713,718578353286,718578353297,37.120045351
first,3714,718578445193,718578445213,37.130045351
first,3715,718578545199,718578545210,37.140068027
first,3716,718578645752,718578645771,37.150090703
first,3717,718578745923,718578745942,37.160136054
first,3718,718578845029,718578845039,37.170045351
first,3719,718578945973,718578945983,37.180136054
first,3720,718579045040,718579045050,37.190045351
first,3721,718579145129,718579145139,37.200045351
first,3722,718579245904,718579245923,37.210113379
first,3723,718579344994,718579345004,37.220045351
first,3724,718579446086,718579446109,37.230136054
first,3725,718579553256,718579553267,37.240045351
first,3726,718579645980,718579645999,37.250113379
first,3727,718579744937,718579744948,37.260045351
first,3728,718579845090,718579845118,37.270045351
first,3729,718579945274,718579945286,37.280068027
first,3730,718580045007,718580045017,37.290045351
first,3731,718580145221,718580145230,37.300068027
first,3732,718580244985,718580244995,37.310045351
first,3733,718580345217,718580345228,37.320068027
first,3734,718580445187,718580445201,37.330045351
first,3735,718580544860,718580544870,37.340045351
first,3736,718580645211,718580645222,37.350068027
first,3737,718580753250,718580753260,37.360045351
first,3738,718580845188,718580845198,37.370068027
first,3739,718580945028,718580945039,37.380045351
first,3740,718581045275,718581045287,37.390068027
first,3741,718581144880,718581144891,37.400045351
first,3742,718581244898,718581244916,37.410045351
first,3743,718581345332,718581345350,37.420068027
first,3744,718581445066,718581445077,37.430045351
first,3745,718581545668,718581545696,37.440090703
first,3746,718581645095,718581645106,37.450045351
first,3747,718581745085,718581745095,37.460068027
first,3748,718581845149,718581845168,37.470045351
first,3749,718581953261,718581953271,37.480045351
first,3750,718582045249,718582045260,37.490068027
first,3751,718582145971,718582145990,37.500090703
first,3752,718582246119,718582246138,37.510136054
first,3753,718582345181,718582345193,37.520045351
first,3754,718582445287,718582445298,37.530068027
first,3755,718582545721,718582545740,37.540090703
first,3756,718582645226,718582645237,37.550068027
first,3757,718582744921,718582744932,37.560045351
first,3758,718582845033,718582845043,37.570045351
first,3759,718582945265,718582945276,37.580068027
first,3760,718583044992,718583045002,37.590045351
first,3761,718583153423,718583153433,37.600068027
first,3762,718583245074,718583245085,37.610045351
first,3763,718583345207,718583345217,37.620068027
first,3764,718583445095,718583445123,37.630045351
first,3765,718583545061,718583545071,37.640045351
first,3766,718583645140,718583645150,37.650068027
first,3767,718583745497,718583745517,37.660090703
first,3768,718583845166,718583845176,37.670068027
first,3769,718583945525,718583945544,37.680090703
first,3770,718584045003,718584045013,37.690068027
first,3771,718584144923,718584144934,37.700045351
first,3772,718584244840,718584244855,37.710045351
first,3773,718584353445,718584353450,37.720068027
first,3774,718584445009,718584445020,37.730045351
first,3775,718584545268,718584545278,37.740068027
first,3776,718584645860,718584645879,37.750090703
first,3777,718584745959,718584745977,37.760113379
first,3778,718584845102,718584845112,37.770045351
first,3779,718584945053,718584945065,37.780045351
first,3780,718585045120,718585045131,37.790068027
first,3781,718585144931,718585144944,37.800045351
first,3782,718585245404,718585245424,37.810068027
first,3783,718585345058,718585345069,37.820045351
first,3784,718585445204,718585445214,37.830068027
first,3785,718585553276,718585553286,37.840045351
first,3786,718585645098,718585645108,37.850045351
first,3787,718585745126,718585745137,37.860068027
first,3788,718585845046,718585845056,37.870045351
first,3789,718585945191,718585945201,37.880068027
first,3790,718586045224,718586045240,37.890068027
first,3791,718586145256,718586145265,37.900068027
first,3792,718586245187,718586245199,37.910045351
first,3793,718586345201,718586345219,37.920045351
first,3794,718586445262,718586445273,37.930068027
first,3795,718586545113,718586545123,37.940045351
first,3796,718586645874,718586645893,37.950113379
first,3797,718586753299,718586753310,37.960045351
first,3798,718586845446,718586845460,37.970068027
first,3799,718586945001,718586945013,37.980045351
first,3800,718587045125,718587045135,37.990045351
first,3801,718587145359,718587145370,38.000068027
first,3802,718587245085,718587245096,38.010045351
first,3803,718587345309,718587345320,38.020068027
first,3804,718587445090,718587445101,38.030045351
first,3805,718587545264,718587545274,38.040068027
first,3806,718587645079,718587645089,38.050045351
first,3807,718587745075,718587745086,38.060045351
first,3808,718587845306,718587845317,38.070068027
first,3809,718587953315,718587953326,38.080045351
first,3810,718588045247,718588045258,38.090068027
first,3811,718588145090,718588145099,38.100045351
first,3812,718588245315,718588245326,38.110068027
first,3813,718588345096,718588345107,38.120045351
first,3814,718588445078,718588445091,38.130045351
first,3815,718588545312,718588545323,38.140068027
first,3816,718588645098,718588645109,38.150045351
first,3817,718588745407,718588745418,38.160068027
first,3818,718588845087,718588845097,38.170045351
first,3819,718588946011,718588946030,38.180136054
first,3820,718589045158,718589045169,38.190045351
first,3821,718589153314,718589153322,38.200045351
first,3822,718589245736,718589245746,38.210090703
first,3823,718589345874,718589345894,38.220090703
first,3824,718589445569,718589445591,38.230090703
first,3825,718589544939,718589544951,38.240045351
first,3826,718589645258,718589645268,38.250068027
first,3827,718589745748,718589745766,38.260090703
first,3828,718589846170,718589846189,38.270113379
first,3829,718589945288,718589945307,38.280068027
first,3830,718590045134,718590045148,38.290045351
first,3831,718590145290,718590145299,38.300068027
first,3832,718590245822,718590245842,38.310090703
first,3833,718590353496,718590353507,38.320068027
first,3834,718590445791,718590445810,38.330090703
first,3835,718590545469,718590545484,38.340068027
first,3836,718590645242,718590645253,38.350045351
first,3837,718590745066,718590745077,38.360045351
first,3838,718590845325,718590845335,38.370068027
first,3839,718590944909,718590944929,38.380045351
first,3840,718591045288,718591045298,38.390068027
first,3841,718591145173,718591145201,38.400045351
first,3842,718591245206,718591245216,38.410068027
first,3843,718591345936,718591345956,38.420090703
first,3844,718591445139,718591445150,38.430045351
first,3845,718591553593,718591553605,38.440068027
first,3846,718591645103,718591645114,38.450045351
first,3847,718591745239,718591745251,38.460068027
first,3848,718591845020,718591845031,38.470045351
first,3849,718591945937,718591945956,38.480113379
first,3850,718592045174,718592045189,38.490045351
first,3851,718592145243,718592145254,38.500045351
first,3852,718592245365,718592245376,38.510068027
first,3853,718592345671,718592345681,38.520068027
first,3854,718592446103,718592446123,38.530113379
first,3855,718592545165,718592545176,38.540045351
first,3856,718592645444,718592645455,38.550068027
first,3857,718592753389,718592753401,38.560045351
first,3858,718592845338,718592845357,38.570045351
first,3859,718592945411,718592945422,38.580068027
first,3860,718593045175,718593045185,38.590045351
first,3861,718593145357,718593145366,38.600068027
first,3862,718593245133,718593245143,38.610045351
first,3863,718593345283,718593345294,38.620068027
first,3864,718593445664,718593445675,38.630045351
first,3865,718593545159,718593545169,38.640045351
first,3866,718593645299,718593645310,38.650068027
first,3867,718593745023,718593745027,38.660045351
first,3868,718593845302,718593845313,38.670068027
first,3869,718593953444,718593953455,38.680045351
first,3870,718594045376,718594045386,38.690068027
first,3871,718594145153,718594145162,38.700045351
first,3872,718594245835,718594245846,38.710045351
first,3873,718594345206,718594345217,38.720068027
first,3874,718594445499,718594445518,38.730045351
first,3875,718594545268,718594545279,38.740068027
first,3876,718594645183,718594645193,38.750045351
first,3877,718594745854,718594745864,38.760090703
first,3878,718594845101,718594845112,38.770045351
first,3879,718594946286,718594946305,38.780113379
first,3880,718595045492,718595045505,38.790068027
first,3881,718595153365,718595153374,38.800045351
first,3882,718595246173,718595246192,38.810136054
first,3883,718595345111,718595345122,38.820045351
first,3884,718595445759,718595445770,38.830068027
first,3885,718595545236,718595545249,38.840045351
first,3886,718595645182,718595645193,38.850045351
first,3887,718595745360,718595745371,38.860068027
first,3888,718595845236,718595845246,38.870045351
first,3889,718595946195,718595946214,38.880136054
first,3890,718596046080,718596046100,38.890113379
first,3891,718596145392,718596145402,38.900068027
first,3892,718596245718,718596245737,38.910090703
first,3893,718596353552,718596353562,38.920068027
first,3894,718596446168,718596446187,38.930090703
first,3895,718596545157,718596545167,38.940045351
first,3896,718596645374,718596645385,38.950068027
first,3897,718596745076,718596745086,38.960045351
first,3898,718596845339,718596845350,38.970068027
first,3899,718596945906,718596945935,38.980068027
first,3900,718597045425,718597045435,38.990068027
first,3901,718597145178,718597145187,39.000045351
first,3902,718597245300,718597245314,39.010045351
first,3903,718597345388,718597345399,39.020068027
first,3904,718597445359,718597445378,39.030045351
first,3905,718597553623,718597553634,39.040068027
first,3906,718597645166,718597645177,39.050045351
first,3907,718597745419,718597745430,39.060068027
first,3908,718597845203,718597845222,39.070045351
first,3909,718597945342,718597945361,39.080045351
first,3910,718598045231,718598045242,39.090068027
first,3911,718598145139,718598145148,39.100045351
first,3912,718598245402,718598245412,39.110068027
first,3913,718598345256,718598345267,39.120045351
first,3914,718598445586,718598445597,39.130068027
first,3915,718598545220,718598545231,39.140045351
first,3916,718598645187,718598645198,39.150045351
first,3917,718598753579,718598753590,39.160068027
first,3918,718598845190,718598845201,39.170045351
first,3919,718598945659,718598945669,39.180068027
first,3920,718599045092,718599045103,39.190045351
first,3921,718599145436,718599145445,39.200068027
first,3922,718599245184,718599245194,39.210045351
first,3923,718599345198,718599345208,39.220045351
first,3924,718599447349,718599447368,39.230136054
first,3925,718599545650,718599545669,39.240090703
first,3926,718599645436,718599645447,39.250068027
first,3927,718599745820,718599745839,39.260090703
first,3928,718599845327,718599845337,39.270068027
first,3929,718599953930,718599953949,39.280090703
first,3930,718600045090,718600045108,39.290045351
first,3931,718600145462,718600145473,39.300068027
first,3932,718600245829,718600245847,39.310090703
first,3933,718600346038,718600346056,39.320113379
first,3934,718600446360,718600446378,39.330090703
first,3935,718600545498,718600545508,39.340068027
first,3936,718600645673,718600645692,39.350090703
first,3937,718600746040,718600746059,39.360090703
first,3938,718600846142,718600846161,39.370113379
first,3939,718600945105,718600945124,39.380045351
first,3940,718601045483,718601045494,39.390068027
first,3941,718601153402,718601153421,39.400045351
first,3942,718601246135,718601246154,39.410113379
first,3943,718601345213,718601345233,39.420045351
first,3944,718601445783,718601445802,39.430090703
first,3945,718601545326,718601545338,39.440068027
first,3946,718601645151,718601645169,39.450045351
first,3947,718601745544,718601745577,39.460068027
first,3948,718601845247,718601845260,39.470045351
first,3949,718601946604,718601946615,39.480113379
first,3950,718602045185,718602045196,39.490045351
first,3951,718602145223,718602145231,39.500045351
first,3952,718602245296,718602245306,39.510068027
first,3953,718602353442,718602353452,39.520045351
first,3954,718602445922,718602445940,39.530068027
first,3955,718602545231,718602545245,39.540045351
first,3956,718602645459,718602645469,39.550068027
first,3957,718602745243,718602745253,39.560045351
first,3958,718602845220,718602845230,39.570045351
first,3959,718602946317,718602946336,39.580068027
first,3960,718603045247,718603045261,39.590045351
first,3961,718603145406,718603145416,39.600068027
first,3962,718603245271,718603245282,39.610045351
first,3963,718603345386,718603345397,39.620068027
first,3964,718603446052,718603446062,39.630045351
first,3965,718603553604,718603553615,39.640068027
first,3966,718603645938,718603645957,39.650090703
first,3967,718603745122,718603745140,39.660045351
first,3968,718603845277,718603845287,39.670068027
first,3969,718603946818,718603946838,39.680090703
first,3970,718604045421,718604045440,39.690068027
first,3971,718604145416,718604145427,39.700045351
first,3972,718604245429,718604245439,39.710068027
first,3973,718604345231,718604345241,39.720045351
first,3974,718604446009,718604446019,39.730045351
first,3975,718604545422,718604545433,39.740068027
first,3976,718604645595,718604645605,39.750045351
first,3977,718604753628,718604753638,39.760068027
first,3978,718604845281,718604845297,39.770045351
first,3979,718604946328,718604946339,39.780068027
first,3980,718605045225,718605045236,39.790045351
first,3981,718605145244,718605145253,39.800045351
first,3982,718605246275,718605246286,39.810068027
first,3983,718605345778,718605345788,39.820090703
first,3984,718605445437,718605445447,39.830068027
first,3985,718605546302,718605546322,39.840113379
first,3986,718605646411,718605646422,39.850136054
first,3987,718605745243,718605745254,39.860045351
first,3988,718605845224,718605845235,39.870045351
first,3989,718605953632,718605953643,39.880068027
first,3990,718606045235,718606045245,39.890045351
first,3991,718606145356,718606145365,39.900068027
first,3992,718606246252,718606246271,39.910068027
first,3993,718606346412,718606346430,39.920136054
first,3994,718606445190,718606445202,39.930045351
first,3995,718606545179,718606545190,39.940045351
first,3996,718606645450,718606645461,39.950068027
first,3997,718606745293,718606745303,39.960045351
first,3998,718606845478,718606845488,39.970068027
first,3999,718606945199,718606945209,39.980045351
first,4000,718607045865,718607045887,39.990090703
first,4001,718607153484,718607153493,40.000045351
first,4002,718607246068,718607246087,40.010090703
first,4003,718607345528,718607345541,40.020068027
first,4004,718607445241,718607445251,40.030045351
first,4005,718607545462,718607545472,40.040068027
first,4006,718607645318,718607645329,40.050045351
first,4007,718607745343,718607745353,40.060068027
first,4008,718607845300,718607845311,40.070045351
first,4009,718607945222,718607945232,40.080045351
first,4010,718608045468,718608045478,40.090068027
first,4011,718608145341,718608145350,40.100045351
first,4012,718608245359,718608245370,40.110068027
first,4013,718608353493,718608353503,40.120045351
first,4014,718608445443,718608445453,40.130068027
first,4015,718608545269,718608545280,40.140045351
first,4016,718608645479,718608645490,40.150068027
first,4017,718608745480,718608745491,40.160068027
first,4018,718608845391,718608845402,40.170045351
first,4019,718608945389,718608945400,40.180068027
first,4020,718609045315,718609045326,40.190045351
first,4021,718609145416,718609145425,40.200068027
first,4022,718609245320,718609245330,40.210045351
first,4023,718609345266,718609345276,40.220045351
first,4024,718609445400,718609445410,40.230068027
first,4025,718609553516,718609553527,40.240045351
first,4026,718609645537,718609645548,40.250068027
first,4027,718609745297,718609745307,40.260045351
first,4028,718609845457,718609845468,40.270068027
first,4029,718609945515,718609945526,40.280045351
first,4030,718610045397,718610045407,40.290068027
first,4031,718610145396,718610145414,40.300045351
first,4032,718610245888,718610245908,40.310090703
first,4033,718610345514,718610345526,40.320068027
first,4034,718610447091,718610447118,40.330226757
first,4035,718610545308,718610545327,40.340068027
first,4036,718610645782,718610645802,40.350090703
first,4037,718610754074,718610754093,40.360090703
first,4038,718610845154,718610845173,40.370045351
first,4039,718610945109,718610945119,40.380045351
first,4040,718611045317,718611045332,40.390068027
first,4041,718611145144,718611145154,40.400045351
first,4042,718611246256,718611246274,40.410113379
first,4043,718611345300,718611345319,40.420045351
first,4044,718611445492,718611445512,40.430068027
first,4045,718611545335,718611545345,40.440045351
first,4046,718611646156,718611646174,40.450090703
first,4047,718611745490,718611745501,40.460068027
first,4048,718611845198,718611845209,40.470045351
first,4049,718611953695,718611953706,40.480068027
first,4050,718612045151,718612045154,40.490045351
first,4051,718612145566,718612145578,40.500068027
first,4052,718612245306,718612245317,40.510045351
first,4053,718612345346,718612345357,40.520045351
first,4054,718612445554,718612445564,40.530068027
first,4055,718612545293,718612545303,40.540045351
first,4056,718612645539,718612645550,40.550068027
first,4057,718612745357,718612745369,40.560045351
first,4058,718612846202,718612846221,40.570113379
first,4059,718612945945,718612945964,40.580090703
first,4060,718613045298,718613045309,40.590045351
first,4061,718613153676,718613153685,40.600068027
first,4062,718613246026,718613246046,40.610090703
first,4063,718613346361,718613346380,40.620113379
first,4064,718613445479,718613445489,40.630045351
first,4065,718613546376,718613546395,40.640113379
first,4066,718613645933,718613645953,40.650090703
first,4067,718613745248,718613745259,40.660045351
first,4068,718613845442,718613845453,40.670068027
first,4069,718613945319,718613945330,40.680045351
first,4070,718614045759,718614045774,40.690068027
first,4071,718614145317,718614145328,40.700045351
first,4072,718614245452,718614245463,40.710068027
first,4073,718614353552,718614353563,40.720045351
first,4074,718614446092,718614446111,40.730090703
first,4075,718614546392,718614546411,40.740113379
first,4076,718614646171,718614646190,40.750090703
first,4077,718614745620,718614745631,40.760068027
first,4078,718614845367,718614845378,40.770045351
first,4079,718614946547,718614946574,40.780136054
first,4080,718615046079,718615046098,40.790090703
first,4081,718615145469,718615145479,40.800045351
first,4082,718615245907,718615245918,40.810090703
first,4083,718615345347,718615345358,40.820045351
first,4084,718615446618,718615446637,40.830136054
first,4085,718615553563,718615553574,40.840045351
first,4086,718615646001,718615646012,40.850090703
first,4087,718615745912,718615745922,40.860090703
first,4088,718615845433,718615845444,40.870045351
first,4089,718615946280,718615946291,40.880113379
first,4090,718616045409,718616045420,40.890045351
first,4091,718616145453,718616145463,40.900068027
first,4092,718616245401,718616245413,40.910045351
first,4093,718616345527,718616345538,40.920068027
first,4094,718616445387,718616445397,40.930045351
first,4095,718616545573,718616545583,40.940068027
first,4096,718616645927,718616645946,40.950090703
first,4097,718616753646,718616753657,40.960045351
first,4098,718616845616,718616845627,40.970068027
first,4099,718616945340,718616945351,40.980045351
first,4100,718617045865,718617045887,40.990090703
first,4101,718617145231,718617145242,41.000045351
first,4102,718617245560,718617245571,41.010068027
first,4103,718617346104,718617346122,41.020090703
first,4104,718617445406,718617445436,41.030045351
first,4105,718617545622,718617545634,41.040068027
first,4106,718617645360,718617645370,41.050045351
first,4107,718617745561,718617745572,41.060068027
first,4108,718617845343,718617845354,41.070045351
first,4109,718617953744,718617953754,41.080068027
first,4110,718618045349,718618045359,41.090045351
first,4111,718618145347,718618145356,41.100045351
first,4112,718618246853,718618246872,41.110158730
first,4113,718618345159,718618345170,41.120045351
first,4114,718618445582,718618445592,41.130068027
first,4115,718618546167,718618546188,41.140090703
first,4116,718618645666,718618645678,41.150068027
first,4117,718618745327,718618745338,41.160045351
first,4118,718618845318,718618845328,41.170045351
first,4119,718618945587,718618945598,41.180068027
first,4120,718619045401,718619045412,41.190045351
first,4121,718619153744,718619153754,41.200068027
first,4122,718619245297,718619245308,41.210045351
first,4123,718619345671,718619345681,41.220068027
first,4124,718619445358,718619445368,41.230045351
first,4125,718619545417,718619545436,41.240045351
first,4126,718619645523,718619645534,41.250068027
first,4127,718619745472,718619745483,41.260045351
first,4128,718619845570,718619845581,41.270068027
first,4129,718619945365,718619945375,41.280045351
first,4130,718620045718,718620045729,41.290068027
first,4131,718620145307,718620145318,41.300045351
first,4132,718620245316,718620245326,41.310045351
first,4133,718620353752,718620353762,41.320068027
first,4134,718620445457,718620445467,41.330045351
first,4135,718620545536,718620545547,41.340068027
first,4136,718620646010,718620646427,41.350136054
first,4137,718620745582,718620745592,41.360068027
first,4138,718620845380,718620845390,41.370045351
first,4139,718620946382,718620946401,41.380136054
first,4140,718621045547,718621045558,41.390068027
first,4141,718621145389,718621145399,41.400045351
first,4142,718621245609,718621245620,41.410068027
first,4143,718621345404,718621345423,41.420045351
first,4144,718621445449,718621445461,41.430068027
first,4145,718621553683,718621553703,41.440045351
first,4146,718621645757,718621645777,41.450090703
first,4147,718621745496,718621745515,41.460068027
first,4148,718621845394,718621845405,41.470045351
first,4149,718621945559,718621945570,41.480068027
first,4150,718622045463,718622045475,41.490045351
first,4151,718622145525,718622145535,41.500068027
first,4152,718622245902,718622245921,41.510090703
first,4153,718622345426,718622345436,41.520045351
first,4154,718622446278,718622446296,41.530113379
first,4155,718622545408,718622545419,41.540045351
first,4156,718622645633,718622645644,41.550068027
first,4157,718622753684,718622753698,41.560045351
first,4158,718622845736,718622845747,41.570068027
first,4159,718622945390,718622945400,41.580045351
first,4160,718623045624,718623045645,41.590045351
first,4161,718623145659,718623145669,41.600068027
first,4162,718623245463,718623245475,41.610045351
first,4163,718623345638,718623345648,41.620068027
first,4164,718623445379,718623445390,41.630045351
first,4165,718623545565,718623545576,41.640068027
first,4166,718623645390,718623645400,41.650045351
first,4167,718623745504,718623745516,41.660068027
first,4168,718623845341,718623845351,41.670045351
first,4169,718623953636,718623953647,41.680045351
first,4170,718624045338,718624045347,41.690068027
first,4171,718624145409,718624145418,41.700045351
first,4172,718624246289,718624246308,41.710136054
first,4173,718624345424,718624345435,41.720045351
first,4174,718624445652,718624445662,41.730068027
first,4175,718624545455,718624545465,41.740045351
first,4176,718624645345,718624645355,41.750045351
first,4177,718624745443,718624745453,41.760068027
first,4178,718624845877,718624845896,41.770090703
first,4179,718624946493,718624946512,41.780113379
first,4180,718625045451,718625045462,41.790045351
first,4181,718625153812,718625153831,41.800068027
first,4182,718625245656,718625245670,41.810068027
first,4183,718625345466,718625345474,41.820045351
first,4184,718625446119,718625446130,41.830113379
first,4185,718625545346,718625545356,41.840045351
first,4186,718625646102,718625646112,41.850113379
first,4187,718625745446,718625745456,41.860045351
first,4188,718625845648,718625845658,41.870068027
first,4189,718625945700,718625945710,41.880068027
first,4190,718626045392,718626045402,41.890045351
first,4191,718626145659,718626145669,41.900068027
first,4192,718626245894,718626245912,41.910090703
first,4193,718626353810,718626353820,41.920068027
first,4194,718626445443,718626445456,41.930045351
first,4195,718626545679,718626545691,41.940068027
first,4196,718626646154,718626646173,41.950090703
first,4197,718626745426,718626745436,41.960045351
first,4198,718626845688,718626845699,41.970068027
first,4199,718626945421,718626945432,41.980045351
first,4200,718627045564,718627045574,41.990068027
first,4201,718627145636,718627145656,42.000045351
first,4202,718627245681,718627245692,42.010068027
first,4203,718627345478,718627345489,42.020045351
first,4204,718627445621,718627445635,42.030045351
first,4205,718627553862,718627553874,42.040068027
first,4206,718627646124,718627646144,42.050090703
first,4207,718627745598,718627745609,42.060068027
first,4208,718627845438,718627845449,42.070045351
first,4209,718627945729,718627945740,42.080068027
first,4210,718628045407,718628045418,42.090045351
first,4211,718628145446,718628145455,42.100045351
first,4212,718628245697,718628245707,42.110068027
first,4213,718628345555,718628345565,42.120045351
first,4214,718628445663,718628445674,42.130068027
first,4215,718628546274,718628546293,42.140090703
first,4216,718628645825,718628645837,42.150068027
first,4217,718628753711,718628753723,42.160045351
first,4218,718628845515,718628845526,42.170045351
first,4219,718628945741,718628945752,42.180068027
first,4220,718629045539,718629045549,42.190045351
first,4221,718629145627,718629145636,42.200068027
first,4222,718629245604,718629245614,42.210045351
first,4223,718629345737,718629345747,42.220068027
first,4224,718629445556,718629445566,42.230045351
first,4225,718629545467,718629545478,42.240045351
first,4226,718629646581,718629646600,42.250136054
first,4227,718629745472,718629745483,42.260045351
first,4228,718629845763,718629845777,42.270068027
first,4229,718629953710,718629953721,42.280045351
first,4230,718630045619,718630045629,42.290068027
first,4231,718630145480,718630145489,42.300045351
first,4232,718630246419,718630246430,42.310136054
first,4233,718630345329,718630345339,42.320045351
first,4234,718630445520,718630445531,42.330045351
first,4235,718630545569,718630545580,42.340068027
first,4236,718630645399,718630645409,42.350045351
first,4237,718630745620,718630745630,42.360068027
first,4238,718630845488,718630845499,42.370045351
first,4239,718630945629,718630945639,42.380068027
first,4240,718631045450,718631045460,42.390045351
first,4241,718631153680,718631153691,42.400045351
first,4242,718631245692,718631245703,42.410068027
first,4243,718631345454,718631345464,42.420045351
first,4244,718631446410,718631446430,42.430113379
first,4245,718631545363,718631545373,42.440045351
first,4246,718631645685,718631645700,42.450068027
first,4247,718631745776,718631745806,42.460068027
first,4248,718631846055,718631846076,42.470090703
first,4249,718631945719,718631945730,42.480068027
first,4250,718632045896,718632045909,42.490090703
first,4251,718632145551,718632145562,42.500068027
first,4252,718632245529,718632245549,42.510045351
first,4253,718632353882,718632353892,42.520068027
first,4254,718632446142,718632446160,42.530090703
first,4255,718632545519,718632545529,42.540045351
first,4256,718632645740,718632645750,42.550068027
first,4257,718632745505,718632745516,42.560045351
first,4258,718632846683,718632846707,42.570136054
first,4259,718632945638,718632945649,42.580045351
first,4260,718633045678,718633045689,42.590068027
first,4261,718633145538,718633145548,42.600045351
first,4262,718633245547,718633245558,42.610045351
first,4263,718633345721,718633345731,42.620068027
first,4264,718633445579,718633445589,42.630045351
first,4265,718633553866,718633553877,42.640068027
first,4266,718633645531,718633645542,42.650045351
first,4267,718633745546,718633745559,42.660068027
first,4268,718633845442,718633845461,42.670045351
first,4269,718633945459,718633945470,42.680045351
first,4270,718634045811,718634045822,42.690068027
first,4271,718634145453,718634145462,42.700045351
first,4272,718634245537,718634245547,42.710068027
first,4273,718634345489,718634345500,42.720045351
first,4274,718634445705,718634445716,42.730068027
first,4275,718634545528,718634545539,42.740045351
first,4276,718634645501,718634645512,42.750045351
first,4277,718634753883,718634753894,42.760068027
first,4278,718634845611,718634845622,42.770045351
first,4279,718634945648,718634945658,42.780068027
first,4280,718635045577,718635045595,42.790045351
first,4281,718635145755,718635145774,42.800068027
first,4282,718635245432,718635245443,42.810045351
first,4283,718635345488,718635345498,42.820045351
first,4284,718635445697,718635445707,42.830068027
first,4285,718635545661,718635545672,42.840045351
first,4286,718635645786,718635645796,42.850068027
first,4287,718635745500,718635745510,42.860045351
first,4288,718635845742,718635845752,42.870068027
first,4289,718635953742,718635953753,42.880045351
first,4290,718636046075,718636046093,42.890090703
first,4291,718636145694,718636145705,42.900068027
first,4292,718636245497,718636245508,42.910045351
first,4293,718636345826,718636345845,42.920068027
first,4294,718636446278,718636446298,42.930090703
first,4295,718636546258,718636546268,42.940113379
first,4296,718636645535,718636645546,42.950045351
first,4297,718636746257,718636746277,42.960090703
first,4298,718636845695,718636845706,42.970068027
first,4299,718636946073,718636946092,42.980090703
first,4300,718637045879,718637045899,42.990090703
first,4301,718637153735,718637153745,43.000045351
first,4302,718637246448,718637246468,43.010113379
first,4303,718637345594,718637345605,43.020045351
first,4304,718637446295,718637446314,43.030113379
first,4305,718637546233,718637546252,43.040090703
first,4306,718637645689,718637645704,43.050045351
first,4307,718637745829,718637745842,43.060068027
first,4308,718637845621,718637845632,43.070045351
first,4309,718637945721,718637945731,43.080068027
first,4310,718638045647,718638045658,43.090045351
first,4311,718638145822,718638145833,43.100068027
first,4312,718638245533,718638245544,43.110045351
first,4313,718638353760,718638353770,43.120045351
first,4314,718638445665,718638445676,43.130068027
first,4315,718638545643,718638545654,43.140045351
first,4316,718638645751,718638645763,43.150068027
first,4317,718638745603,718638745622,43.160045351
first,4318,718638845834,718638845854,43.170068027
first,4319,718638945635,718638945645,43.180045351
first,4320,718639045579,718639045591,43.190045351
first,4321,718639145633,718639145642,43.200068027
first,4322,718639245595,718639245605,43.210045351
first,4323,718639345787,718639345797,43.220068027
first,4324,718639445539,718639445550,43.230045351
first,4325,718639553927,718639553937,43.240068027
first,4326,718639645538,718639645548,43.250045351
first,4327,718639745613,718639745624,43.260045351
first,4328,718639845812,718639845824,43.270068027
first,4329,718639945601,718639945613,43.280045351
first,4330,718640045774,718640045785,43.290068027
first,4331,718640145433,718640145443,43.300045351
first,4332,718640245793,718640245803,43.310068027
first,4333,718640345672,718640345683,43.320045351
first,4334,718640445605,718640445616,43.330045351
first,4335,718640545763,718640545774,43.340068027
first,4336,718640645657,718640645667,43.350045351
first,4337,718640753939,718640753949,43.360068027
first,4338,718640845593,718640845604,43.370045351
first,4339,718640945789,718640945800,43.380068027
first,4340,718641046008,718641046019,43.390068027
first,4341,718641145671,718641145682,43.400045351
first,4342,718641245754,718641245764,43.410068027
first,4343,718641345889,718641345899,43.420045351
first,4344,718641446275,718641446296,43.430113379
first,4345,718641545653,718641545678,43.440045351
first,4346,718641646014,718641646039,43.450090703
first,4347,718641745580,718641745590,43.460068027
first,4348,718641845478,718641845497,43.470045351
first,4349,718641954127,718641954147,43.480090703
first,4350,718642046121,718642046132,43.490090703
first,4351,718642145541,718642145550,43.500068027
first,4352,718642245547,718642245557,43.510045351
first,4353,718642345685,718642345696,43.520068027
first,4354,718642445567,718642445578,43.530045351
first,4355,718642545547,718642545558,43.540045351
first,4356,718642645737,718642645748,43.550068027
first,4357,718642746201,718642746220,43.560090703
first,4358,718642845743,718642845754,43.570068027
first,4359,718642945599,718642945610,43.580045351
first,4360,718643045790,718643045801,43.590068027
first,4361,718643153797,718643153806,43.600045351
first,4362,718643245629,718643245639,43.610045351
first,4363,718643345801,718643345811,43.620068027
first,4364,718643445498,718643445509,43.630045351
first,4365,718643545697,718643545708,43.640068027
first,4366,718643645690,718643645701,43.650045351
first,4367,718643745752,718643745762,43.660068027
first,4368,718643845433,718643845444,43.670045351
first,4369,718643945868,718643945879,43.680068027
first,4370,718644045564,718644045575,43.690045351
first,4371,718644145574,718644145583,43.700045351
first,4372,718644245754,718644245765,43.710068027
first,4373,718644353910,718644353922,43.720045351
first,4374,718644445883,718644445897,43.730068027
first,4375,718644545591,718644545601,43.740045351
first,4376,718644645806,718644645817,43.750068027
first,4377,718644745597,718644745607,43.760045351
first,4378,718644845573,718644845584,43.770045351
first,4379,718644945787,718644945797,43.780068027
first,4380,718645045573,718645045584,43.790045351
first,4381,718645145772,718645145782,43.800068027
first,4382,718645246304,718645246323,43.810090703
first,4383,718645345797,718645345808,43.820068027
first,4384,718645446413,718645446461,43.830090703
first,4385,718645553866,718645553877,43.840045351
first,4386,718645645753,718645645763,43.850068027
first,4387,718645745852,718645745869,43.860068027
first,4388,718645845822,718645845833,43.870068027
first,4389,718645945646,718645945673,43.880045351
first,4390,718646046662,718646046681,43.890136054
first,4391,718646145585,718646145595,43.900045351
first,4392,718646246033,718646246043,43.910068027
first,4393,718646345858,718646345869,43.920068027
first,4394,718646445556,718646445567,43.930045351
first,4395,718646546557,718646546568,43.940113379
first,4396,718646645667,718646645693,43.950045351
first,4397,718646753986,718646753997,43.960068027
first,4398,718646845650,718646845661,43.970045351
first,4399,718646945568,718646945578,43.980045351
first,4400,718647046569,718647046588,43.990113379
first,4401,718647145653,718647145663,44.000045351
first,4402,718647246515,718647246533,44.010113379
first,4403,718647345641,718647345657,44.020045351
first,4404,718647446475,718647446494,44.030113379
first,4405,718647546181,718647546192,44.040090703
first,4406,718647646258,718647646277,44.050090703
first,4407,718647746590,718647746609,44.060113379
first,4408,718647845591,718647845602,44.070045351
first,4409,718647954060,718647954071,44.080068027
first,4410,718648045534,718648045537,44.090045351
first,4411,718648145885,718648145896,44.100068027
first,4412,718648246321,718648246341,44.110090703
first,4413,718648345614,718648345625,44.120045351
first,4414,718648446535,718648446554,44.130113379
first,4415,718648545523,718648545533,44.140045351
first,4416,718648646422,718648646441,44.150113379
first,4417,718648745604,718648745614,44.160045351
first,4418,718648846800,718648846822,44.170136054
first,4419,718648945685,718648945696,44.180045351
first,4420,718649045740,718649045758,44.190045351
first,4421,718649154146,718649154165,44.200068027
first,4422,718649245674,718649245685,44.210045351
first,4423,718649345898,718649345909,44.220068027
first,4424,718649445600,718649445610,44.230045351
first,4425,718649545843,718649545854,44.240068027
first,4426,718649645583,718649645593,44.250045351
first,4427,718649745683,718649745694,44.260045351
first,4428,718649845813,718649845826,44.270068027
first,4429,718649945562,718649945573,44.280045351
first,4430,718650045863,718650045873,44.290068027
first,4431,718650145645,718650145654,44.300045351
first,4432,718650245815,718650245825,44.310068027
first,4433,718650353867,718650353877,44.320045351
first,4434,718650445631,718650445641,44.330045351
first,4435,718650545855,718650545865,44.340068027
first,4436,718650645661,718650645672,44.350045351
first,4437,718650745811,718650745822,44.360068027
first,4438,718650845643,718650845653,44.370045351
first,4439,718650945945,718650945956,44.380068027
first,4440,718651045800,718651045811,44.390045351
first,4441,718651145852,718651145862,44.400068027
first,4442,718651246625,718651246644,44.410113379
first,4443,718651346331,718651346350,44.420090703
first,4444,718651445797,718651445808,44.430068027
first,4445,718651553913,718651553923,44.440045351
first,4446,718651645914,718651645925,44.450068027
first,4447,718651745743,718651745762,44.460068027
first,4448,718651846183,718651846202,44.470090703
first,4449,718651946245,718651946265,44.480068027
first,4450,718652046625,718652046665,44.490113379
first,4451,718652146319,718652146337,44.500113379
first,4452,718652245733,718652245750,44.510045351
first,4453,718652345921,718652345931,44.520068027
first,4454,718652446174,718652446178,44.530090703
first,4455,718652546593,718652546612,44.540113379
first,4456,718652646239,718652646257,44.550090703
first,4457,718652753884,718652753895,44.560045351
first,4458,718652845883,718652845894,44.570068027
first,4459,718652946227,718652946245,44.580090703
first,4460,718653047162,718653047185,44.590158730
first,4461,718653145720,718653145740,44.600045351
first,4462,718653246680,718653246701,44.610136054
first,4463,718653345650,718653345661,44.620045351
first,4464,718653446332,718653446351,44.630090703
first,4465,718653545720,718653545730,44.640068027
first,4466,718653646297,718653646316,44.650090703
first,4467,718653745914,718653745933,44.660068027
first,4468,718653845729,718653845748,44.670045351
first,4469,718653954092,718653954103,44.680068027
first,4470,718654045546,718654045568,44.690045351
first,4471,718654145660,718654145669,44.700045351
first,4472,718654245836,718654245847,44.710068027
first,4473,718654345663,718654345673,44.720045351
first,4474,718654445959,718654445972,44.730068027
first,4475,718654545748,718654545759,44.740045351
first,4476,718654645856,718654645867,44.750068027
first,4477,718654745660,718654745671,44.760045351
first,4478,718654845728,718654845739,44.770045351
first,4479,718654945847,718654945857,44.780068027
first,4480,718655045720,718655045730,44.790045351
first,4481,718655154098,718655154108,44.800068027
first,4482,718655245683,718655245704,44.810045351
first,4483,718655345907,718655345917,44.820068027
first,4484,718655445719,718655445731,44.830045351
first,4485,718655545587,718655545598,44.840045351
first,4486,718655645949,718655645960,44.850068027
first,4487,718655745582,718655745611,44.860045351
first,4488,718655845906,718655845917,44.870068027
first,4489,718655945836,718655945847,44.880045351
first,4490,718656045857,718656045868,44.890068027
first,4491,718656145694,718656145703,44.900045351
first,4492,718656246167,718656246177,44.910090703
first,4493,718656354080,718656354091,44.920068027
first,4494,718656445804,718656445815,44.930045351
first,4495,718656546792,718656546811,44.940136054
first,4496,718656645785,718656645797,44.950045351
first,4497,718656746230,718656746249,44.960068027
first,4498,718656845577,718656845587,44.970045351
first,4499,718656945762,718656945772,44.980045351
first,4500,718657046858,718657046877,44.990136054
first,4501,718657145712,718657145721,45.000045351
first,4502,718657246669,718657246680,45.010113379
first,4503,718657345703,718657345713,45.020045351
first,4504,718657446121,718657446139,45.030068027
first,4505,718657553939,718657553950,45.040045351
first,4506,718657645869,718657645879,45.050068027
first,4507,718657745645,718657745655,45.060045351
first,4508,718657846122,718657846134,45.070068027
first,4509,718657946733,718657946752,45.080136054
first,4510,718658045758,718658045789,45.090045351
first,4511,718658145827,718658145836,45.100068027
first,4512,718658245752,718658245774,45.110045351
first,4513,718658345928,718658345939,45.120068027
first,4514,718658445696,718658445706,45.130045351
first,4515,718658545649,718658545659,45.140045351
first,4516,718658645849,718658645859,45.150068027
first,4517,718658754082,718658754101,45.160068027
first,4518,718658845897,718658845909,45.170068027
first,4519,718658945751,718658945762,45.180045351
first,4520,718659045817,718659045828,45.190068027
first,4521,718659145605,718659145616,45.200045351
first,4522,718659245877,718659245900,45.210045351
first,4523,718659345933,718659345944,45.220068027
first,4524,718659445749,718659445759,45.230045351
first,4525,718659545867,718659545877,45.240068027
first,4526,718659645754,718659645765,45.250045351
first,4527,718659746127,718659746138,45.260068027
first,4528,718659845762,718659845773,45.270045351
first,4529,718659954089,718659954111,45.280068027
first,4530,718660046316,718660046326,45.290068027
first,4531,718660145754,718660145763,45.300045351
first,4532,718660246205,718660246216,45.310068027
first,4533,718660345754,718660345765,45.320045351
first,4534,718660445870,718660445880,45.330068027
first,4535,718660545722,718660545733,45.340045351
first,4536,718660645680,718660645704,45.350045351
first,4537,718660746379,718660746389,45.360068027
first,4538,718660845634,718660845644,45.370045351
first,4539,718660945696,718660945707,45.380068027
first,4540,718661045765,718661045776,45.390045351
first,4541,718661154121,718661154130,45.400068027
first,4542,718661246261,718661246286,45.410045351
first,4543,718661345765,718661345775,45.420045351
first,4544,718661445934,718661445945,45.430068027
first,4545,718661545738,718661545748,45.440045351
first,4546,718661646014,718661646026,45.450068027
first,4547,718661746814,718661746826,45.460045351
first,4548,718661845827,718661845838,45.470068027
first,4549,718661945685,718661945696,45.480045351
first,4550,718662045995,718662046005,45.490045351
first,4551,718662146028,718662146039,45.500068027
first,4552,718662245830,718662245841,45.510045351
first,4553,718662354799,718662354817,45.520136054
first,4554,718662445748,718662445759,45.530045351
first,4555,718662546776,718662546795,45.540113379
first,4556,718662646578,718662646588,45.550113379
first,4557,718662745876,718662745886,45.560045351
first,4558,718662845910,718662845921,45.570068027
first,4559,718662946290,718662946309,45.580090703
first,4560,718663046893,718663046912,45.590136054
first,4561,718663145709,718663145718,45.600045351
first,4562,718663246033,718663246044,45.610068027
first,4563,718663345949,718663345963,45.620045351
first,4564,718663445744,718663445755,45.630045351
first,4565,718663554160,718663554170,45.640068027
first,4566,718663645751,718663645761,45.650045351
first,4567,718663746179,718663746198,45.660068027
first,4568,718663845649,718663845660,45.670045351
first,4569,718663945932,718663945943,45.680068027
first,4570,718664045698,718664045708,45.690045351
first,4571,718664145717,718664145727,45.700045351
first,4572,718664246149,718664246168,45.710068027
first,4573,718664345793,718664345814,45.720045351
first,4574,718664446151,718664446162,45.730068027
first,4575,718664546015,718664546026,45.740045351
first,4576,718664646281,718664646292,45.750068027
first,4577,718664754054,718664754065,45.760045351
first,4578,718664845948,718664845959,45.770068027
first,4579,718664945779,718664945790,45.780045351
first,4580,718665046831,718665046850,45.790090703
first,4581,718665145718,718665145728,45.800068027
first,4582,718665245914,718665245924,45.810045351
first,4583,718665345988,718665345999,45.820068027
first,4584,718665445866,718665445877,45.830045351
first,4585,718665545990,718665546000,45.840068027
first,4586,718665645777,718665645788,45.850045351
first,4587,718665746163,718665746182,45.860045351
first,4588,718665845773,718665845784,45.870068027
first,4589,718665954044,718665954055,45.880045351
first,4590,718666045983,718666045994,45.890068027
first,4591,718666145732,718666145741,45.900045351
first,4592,718666246341,718666246352,45.910068027
first,4593,718666345828,718666345848,45.920045351
first,4594,718666445741,718666445751,45.930045351
first,4595,718666545939,718666545949,45.940068027
first,4596,718666645971,718666645997,45.950068027
first,4597,718666746611,718666746637,45.960090703
first,4598,718666845765,718666845776,45.970045351
first,4599,718666946090,718666946103,45.980068027
first,4600,718667046137,718667046141,45.990068027
first,4601,718667154021,718667154032,46.000045351
first,4602,718667246711,718667246730,46.010068027
first,4603,718667345624,718667345642,46.020045351
first,4604,718667446803,718667446824,46.030136054
first,4605,718667546299,718667546310,46.040068027
first,4606,718667646556,718667646575,46.050113379
first,4607,718667746563,718667746582,46.060045351
first,4608,718667845844,718667845855,46.070045351
first,4609,718667945955,718667945966,46.080068027
first,4610,718668045816,718668045827,46.090045351
first,4611,718668145987,718668145997,46.100068027
first,4612,718668246772,718668246783,46.110045351
first,4613,718668354183,718668354194,46.120068027
first,4614,718668445774,718668445785,46.130045351
first,4615,718668545838,718668545849,46.140045351
first,4616,718668645963,718668645974,46.150068027
first,4617,718668746515,718668746526,46.160045351
first,4618,718668846063,718668846074,46.170068027
first,4619,718668945786,718668945806,46.180045351
first,4620,718669046017,718669046028,46.190068027
first,4621,718669145617,718669145627,46.200045351
first,4622,718669246344,718669246364,46.210045351
first,4623,718669345891,718669345901,46.220068027
first,4624,718669445748,718669445759,46.230045351
first,4625,718669554188,718669554199,46.240068027
first,4626,718669645884,718669645895,46.250045351
first,4627,718669746753,718669746764,46.260068027
first,4628,718669845744,718669845755,46.270045351
first,4629,718669945712,718669945722,46.280045351
first,4630,718670045922,718670045933,46.290068027
first,4631,718670145799,718670145809,46.300045351
first,4632,718670247043,718670247054,46.310068027
first,4633,718670345810,718670345820,46.320045351
first,4634,718670446010,718670446021,46.330068027
first,4635,718670545760,718670545769,46.340045351
first,4636,718670645831,718670645850,46.350045351
first,4637,718670754207,718670754218,46.360068027
first,4638,718670845807,718670845817,46.370045351
first,4639,718670945994,718670946005,46.380068027
first,4640,718671045976,718671045987,46.390045351
first,4641,718671145977,718671145986,46.400068027
first,4642,718671245825,718671245835,46.410045351
first,4643,718671345914,718671345924,46.420068027
first,4644,718671445846,718671445868,46.430045351
first,4645,718671545925,718671545936,46.440045351
first,4646,718671646097,718671646117,46.450068027
first,4647,718671745793,718671745805,46.460045351
first,4648,718671845884,718671845895,46.470068027
first,4649,718671954048,718671954058,46.480045351
first,4650,718672046798,718672046818,46.490136054
first,4651,718672145760,718672145781,46.500045351
first,4652,718672245875,718672245886,46.510045351
first,4653,718672346083,718672346096,46.520068027
first,4654,718672445873,718672445885,46.530045351
first,4655,718672546574,718672546585,46.540113379
first,4656,718672646412,718672646431,46.550090703
first,4657,718672746640,718672746660,46.560113379
first,4658,718672846586,718672846605,46.570090703
first,4659,718672946705,718672946724,46.580090703
first,4660,718673046891,718673046911,46.590113379
first,4661,718673154207,718673154223,46.600068027
first,4662,718673246977,718673246997,46.610113379
first,4663,718673346691,718673346710,46.620090703
first,4664,718673446168,718673446179,46.630068027
first,4665,718673546654,718673546724,46.640113379
first,4666,718673646591,718673646612,46.650090703
first,4667,718673746563,718673746582,46.660113379
first,4668,718673845718,718673845737,46.670045351
first,4669,718673946052,718673946063,46.680068027
first,4670,718674046406,718674046424,46.690090703
first,4671,718674145992,718674146001,46.700068027
first,4672,718674246465,718674246483,46.710090703
first,4673,718674354068,718674354078,46.720045351
first,4674,718674446905,718674446924,46.730113379
first,4675,718674546425,718674546444,46.740090703
first,4676,718674645999,718674646010,46.750068027
first,4677,718674745779,718674745790,46.760045351
first,4678,718674845984,718674845994,46.770068027
first,4679,718674945868,718674945878,46.780045351
first,4680,718675045742,718675045752,46.790045351
first,4681,718675146131,718675146142,46.800068027
first,4682,718675246001,718675246012,46.810068027
first,4683,718675346072,718675346083,46.820068027
first,4684,718675446725,718675446745,46.830113379
first,4685,718675554254,718675554264,46.840068027
first,4686,718675646115,718675646125,46.850045351
first,4687,718675746494,718675746513,46.860090703
first,4688,718675845949,718675845960,46.870068027
first,4689,718675945897,718675945908,46.880045351
first,4690,718676045953,718676045964,46.890068027
first,4691,718676145896,718676145905,46.900045351
first,4692,718676246114,718676246125,46.910068027
first,4693,718676345830,718676345840,46.920045351
first,4694,718676445930,718676445941,46.930045351
first,4695,718676546039,718676546050,46.940068027
first,4696,718676645990,718676646001,46.950045351
first,4697,718676754793,718676754813,46.960113379
first,4698,718676845879,718676845890,46.970045351
first,4699,718676946099,718676946109,46.980068027
first,4700,718677045954,718677045966,46.990045351
first,4701,718677146594,718677146613,47.000090703
first,4702,718677246975,718677246995,47.010113379
first,4703,718677347059,718677347078,47.020113379
first,4704,718677446796,718677446815,47.030113379
first,4705,718677545864,718677545875,47.040045351
first,4706,718677646419,718677646430,47.050068027
first,4707,718677746704,718677746723,47.060090703
first,4708,718677846269,718677846289,47.070068027
first,4709,718677954839,718677954858,47.080113379
first,4710,718678046645,718678046665,47.090090703
first,4711,718678146060,718678146071,47.100068027
first,4712,718678246655,718678246675,47.110090703
first,4713,718678346112,718678346123,47.120068027
first,4714,718678446758,718678446777,47.130090703
first,4715,718678546941,718678546960,47.140113379
first,4716,718678646634,718678646653,47.150090703
first,4717,718678746654,718678746673,47.160090703
first,4718,718678846103,718678846114,47.170068027
first,4719,718678946562,718678946581,47.180090703
first,4720,718679046902,718679046922,47.190136054
first,4721,718679154092,718679154103,47.200045351
first,4722,718679246296,718679246307,47.210068027
first,4723,718679346630,718679346649,47.220090703
first,4724,718679446674,718679446693,47.230090703
first,4725,718679547131,718679547150,47.240136054
first,4726,718679645789,718679645808,47.250045351
first,4727,718679746105,718679746124,47.260068027
first,4728,718679845637,718679845638,47.270045351
first,4729,718679946834,718679946853,47.280113379
first,4730,718680046061,718680046080,47.290045351
first,4731,718680145907,718680145918,47.300045351
first,4732,718680246764,718680246784,47.310113379
first,4733,718680354144,718680354155,47.320045351
first,4734,718680446096,718680446107,47.330068027
first,4735,718680545914,718680545924,47.340045351
first,4736,718680646152,718680646163,47.350068027
first,4737,718680745908,718680745918,47.360045351
first,4738,718680845890,718680845900,47.370045351
first,4739,718680947022,718680947041,47.380136054
first,4740,718681046527,718681046546,47.390090703
first,4741,718681146972,718681146991,47.400113379
first,4742,718681246023,718681246035,47.410045351
first,4743,718681345903,718681345914,47.420068027
first,4744,718681446048,718681446067,47.430045351
first,4745,718681554131,718681554142,47.440045351
first,4746,718681646235,718681646255,47.450068027
first,4747,718681745810,718681745821,47.460045351
first,4748,718681845968,718681845986,47.470068027
first,4749,718681945917,718681945928,47.480045351
first,4750,718682046097,718682046107,47.490068027
first,4751,718682145915,718682145923,47.500045351
first,4752,718682246419,718682246430,47.510090703
first,4753,718682346508,718682346527,47.520113379
first,4754,718682446323,718682446349,47.530068027
first,4755,718682546501,718682546512,47.540090703
first,4756,718682645937,718682645960,47.550045351
first,4757,718682754325,718682754336,47.560068027
first,4758,718682846608,718682846618,47.570090703
first,4759,718682946559,718682946578,47.580090703
first,4760,718683046900,718683046919,47.590113379
first,4761,718683146017,718683146028,47.600045351
first,4762,718683247038,718683247079,47.610136054
first,4763,718683345815,718683345825,47.620045351
first,4764,718683446882,718683446901,47.630136054
first,4765,718683546463,718683546482,47.640090703
first,4766,718683646626,718683646646,47.650090703
first,4767,718683746875,718683746894,47.660113379
first,4768,718683846373,718683846392,47.670090703
first,4769,718683954327,718683954337,47.680068027
first,4770,718684045879,718684045889,47.690045351
first,4771,718684146122,718684146131,47.700068027
first,4772,718684246769,718684246787,47.710090703
first,4773,718684346645,718684346664,47.720090703
first,4774,718684446902,718684446921,47.730113379
first,4775,718684546417,718684546435,47.740090703
first,4776,718684646163,718684646174,47.750068027
first,4777,718684746003,718684746014,47.760045351
first,4778,718684846094,718684846105,47.770068027
first,4779,718684946018,718684946030,47.780045351
first,4780,718685046178,718685046188,47.790068027
first,4781,718685154150,718685154159,47.800045351
first,4782,718685245979,718685245992,47.810045351
first,4783,718685347220,718685347239,47.820136054
first,4784,718685445954,718685445965,47.830045351
first,4785,718685546189,718685546200,47.840068027
first,4786,718685645960,718685645971,47.850045351
first,4787,718685746174,718685746185,47.860068027
first,4788,718685846097,718685846120,47.870045351
first,4789,718685945988,718685945999,47.880045351
first,4790,718686046168,718686046179,47.890068027
first,4791,718686146040,718686146049,47.900045351
first,4792,718686246165,718686246175,47.910068027
first,4793,718686354170,718686354181,47.920045351
first,4794,718686446245,718686446256,47.930068027
first,4795,718686545905,718686545916,47.940045351
first,4796,718686645943,718686645954,47.950045351
first,4797,718686746121,718686746131,47.960068027
first,4798,718686845990,718686846001,47.970045351
first,4799,718686946222,718686946234,47.980068027
first,4800,718687045984,718687045994,47.990045351
first,4801,718687146139,718687146148,48.000068027
first,4802,718687246083,718687246094,48.010045351
first,4803,718687345922,718687345933,48.020045351
first,4804,718687446150,718687446160,48.030068027
first,4805,718687554531,718687554543,48.040068027
first,4806,718687646351,718687646362,48.050068027
first,4807,718687746020,718687746031,48.060045351
first,4808,718687846112,718687846123,48.070068027
first,4809,718687946330,718687946343,48.080068027
first,4810,718688046167,718688046179,48.090045351
first,4811,718688146242,718688146251,48.100068027
first,4812,718688245975,718688245985,48.110045351
first,4813,718688346196,718688346206,48.120068027
first,4814,718688445966,718688445976,48.130045351
first,4815,718688546138,718688546149,48.140068027
first,4816,718688646069,718688646079,48.150045351
first,4817,718688754215,718688754225,48.160045351
first,4818,718688846132,718688846143,48.170068027
first,4819,718688946541,718688946560,48.180090703
first,4820,718689046832,718689046851,48.190113379
first,4821,718689145964,718689145974,48.200045351
first,4822,718689246179,718689246190,48.210068027
first,4823,718689346030,718689346040,48.220045351
first,4824,718689446084,718689446109,48.230045351
first,4825,718689546180,718689546191,48.240068027
first,4826,718689646016,718689646026,48.250045351
first,4827,718689746144,718689746155,48.260068027
first,4828,718689846017,718689846028,48.270045351
first,4829,718689954370,718689954380,48.280068027
first,4830,718690045975,718690045986,48.290045351
first,4831,718690145967,718690145978,48.300045351
first,4832,718690246171,718690246183,48.310068027
first,4833,718690345964,718690345976,48.320045351
first,4834,718690446243,718690446253,48.330068027
first,4835,718690546709,718690546731,48.340090703
first,4836,718690646138,718690646149,48.350068027
first,4837,718690745970,718690745980,48.360045351
first,4838,718690845980,718690845991,48.370045351
first,4839,718690946131,718690946142,48.380068027
first,4840,718691046030,718691046041,48.390045351
first,4841,718691154374,718691154384,48.400068027
first,4842,718691246032,718691246051,48.410045351
first,4843,718691346282,718691346296,48.420068027
first,4844,718691446040,718691446059,48.430045351
first,4845,718691546117,718691546138,48.440045351
first,4846,718691646642,718691646662,48.450113379
first,4847,718691745948,718691745959,48.460045351
first,4848,718691846261,718691846271,48.470068027
first,4849,718691946001,718691946012,48.480045351
first,4850,718692046099,718692046109,48.490068027
first,4851,718692145997,718692146006,48.500045351
first,4852,718692246179,718692246189,48.510068027
first,4853,718692354354,718692354373,48.520068027
first,4854,718692446246,718692446258,48.530068027
first,4855,718692546143,718692546154,48.540068027
first,4856,718692646064,718692646095,48.550045351
first,4857,718692746175,718692746185,48.560068027
first,4858,718692846053,718692846066,48.570045351
first,4859,718692946190,718692946201,48.580068027
first,4860,718693046046,718693046056,48.590045351
first,4861,718693145967,718693145976,48.600045351
first,4862,718693246225,718693246236,48.610068027
first,4863,718693346052,718693346072,48.620045351
first,4864,718693446258,718693446268,48.630068027
first,4865,718693554383,718693554404,48.640068027
first,4866,718693646197,718693646208,48.650068027
first,4867,718693746442,718693746461,48.660090703
first,4868,718693845841,718693845851,48.670045351
first,4869,718693946087,718693946098,48.680068027
first,4870,718694045930,718694045941,48.690045351
first,4871,718694146177,718694146187,48.700068027
first,4872,718694246589,718694246607,48.710090703
first,4873,718694346272,718694346283,48.720068027
first,4874,718694446722,718694446739,48.730090703
first,4875,718694546658,718694546676,48.740090703
first,4876,718694646256,718694646266,48.750068027
first,4877,718694754339,718694754350,48.760045351
first,4878,718694846235,718694846246,48.770068027
first,4879,718694946023,718694946033,48.780045351
first,4880,718695046209,718695046219,48.790068027
first,4881,718695146153,718695146164,48.800045351
first,4882,718695246015,718695246026,48.810045351
first,4883,718695346328,718695346339,48.820068027
first,4884,718695446014,718695446025,48.830045351
first,4885,718695546120,718695546131,48.840068027
first,4886,718695646042,718695646053,48.850045351
first,4887,718695746279,718695746299,48.860068027
first,4888,718695845980,718695845992,48.870045351
first,4889,718695954344,718695954355,48.880045351
first,4890,718696046211,718696046221,48.890068027
first,4891,718696146056,718696146065,48.900045351
first,4892,718696246225,718696246236,48.910068027
first,4893,718696345989,718696345999,48.920045351
first,4894,718696446218,718696446229,48.930068027
first,4895,718696546059,718696546070,48.940045351
first,4896,718696646032,718696646042,48.950045351
first,4897,718696746240,718696746251,48.960068027
first,4898,718696846017,718696846027,48.970045351
first,4899,718696947237,718696947260,48.980136054
first,4900,718697046177,718697046188,48.990045351
first,4901,718697154447,718697154457,49.000068027
first,4902,718697246025,718697246035,49.010045351
first,4903,718697346089,718697346099,49.020045351
first,4904,718697446190,718697446201,49.030068027
first,4905,718697546642,718697546662,49.040090703
first,4906,718697646355,718697646366,49.050068027
first,4907,718697746654,718697746673,49.060090703
first,4908,718697846341,718697846352,49.070068027
first,4909,718697946319,718697946330,49.080045351
first,4910,718698046349,718698046360,49.090045351
first,4911,718698146474,718698146485,49.100068027
first,4912,718698246822,718698246841,49.110090703
first,4913,718698355035,718698355054,49.120113379
first,4914,718698446816,718698446835,49.130090703
first,4915,718698546957,718698546968,49.140113379
first,4916,718698646094,718698646108,49.150045351
first,4917,718698747151,718698747170,49.160113379
first,4918,718698846102,718698846113,49.170045351
first,4919,718698946100,718698946114,49.180045351
first,4920,718699047020,718699047038,49.190113379
first,4921,718699146014,718699146025,49.200045351
first,4922,718699246088,718699246098,49.210068027
first,4923,718699345872,718699345883,49.220045351
first,4924,718699446927,718699446946,49.230113379
first,4925,718699554297,718699554308,49.240045351
first,4926,718699646060,718699646071,49.250045351
first,4927,718699747005,718699747024,49.260113379
first,4928,718699846326,718699846345,49.270068027
first,4929,718699946218,718699946228,49.280068027
first,4930,718700046692,718700046711,49.290090703
first,4931,718700146222,718700146231,49.300068027
first,4932,718700246708,718700246726,49.310090703
first,4933,718700346219,718700346230,49.320045351
first,4934,718700446257,718700446267,49.330068027
first,4935,718700546719,718700546738,49.340090703
first,4936,718700647157,718700647176,49.350113379
first,4937,718700754294,718700754304,49.360045351
first,4938,718700847215,718700847234,49.370113379
first,4939,718700946928,718700946947,49.380090703
first,4940,718701046854,718701046873,49.390090703
first,4941,718701147177,718701147196,49.400113379
first,4942,718701246864,718701246883,49.410090703
first,4943,718701346504,718701346516,49.420068027
first,4944,718701446450,718701446461,49.430045351
first,4945,718701546289,718701546300,49.440068027
first,4946,718701646088,718701646099,49.450045351
first,4947,718701746120,718701746140,49.460045351
first,4948,718701846262,718701846273,49.470068027
first,4949,718701954321,718701954332,49.480045351
first,4950,718702046302,718702046313,49.490068027
first,4951,718702146064,718702146073,49.500045351
first,4952,718702246369,718702246381,49.510068027
first,4953,718702347208,718702347234,49.520113379
first,4954,718702446341,718702446357,49.530068027
first,4955,718702547151,718702547185,49.540113379
first,4956,718702645979,718702645990,49.550045351
first,4957,718702746245,718702746257,49.560068027
first,4958,718702845992,718702846003,49.570045351
first,4959,718702946285,718702946295,49.580068027
first,4960,718703046204,718703046215,49.590045351
first,4961,718703154321,718703154331,49.600045351
first,4962,718703246513,718703246523,49.610068027
first,4963,718703346238,718703346249,49.620045351
first,4964,718703446700,718703446710,49.630090703
first,4965,718703546668,718703546679,49.640090703
first,4966,718703647169,718703647188,49.650136054
first,4967,718703745935,718703745939,49.660045351
first,4968,718703846323,718703846349,49.670068027
first,4969,718703946242,718703946253,49.680068027
first,4970,718704046545,718704046564,49.690090703
first,4971,718704146302,718704146312,49.700068027
first,4972,718704246749,718704246768,49.710090703
first,4973,718704355089,718704355108,49.720113379
first,4974,718704446282,718704446293,49.730045351
first,4975,718704546194,718704546204,49.740045351
first,4976,718704646138,718704646149,49.750068027
first,4977,718704746284,718704746295,49.760045351
first,4978,718704846196,718704846206,49.770068027
first,4979,718704946136,718704946147,49.780045351
first,4980,718705046375,718705046386,49.790068027
first,4981,718705146080,718705146090,49.800045351
first,4982,718705246130,718705246140,49.810045351
first,4983,718705346278,718705346288,49.820068027
first,4984,718705446850,718705446869,49.830090703
first,4985,718705554515,718705554526,49.840068027
first,4986,718705646860,718705646879,49.850090703
first,4987,718705747211,718705747230,49.860113379
first,4988,718705846910,718705846929,49.870090703
first,4989,718705947148,718705947168,49.880113379
first,4990,718706046868,718706046887,49.890090703
first,4991,718706146236,718706146245,49.900045351
first,4992,718706247183,718706247202,49.910113379
first,4993,718706346225,718706346235,49.920045351
first,4994,718706447172,718706447191,49.930113379
first,4995,718706546889,718706546908,49.940090703
first,4996,718706646440,718706646451,49.950068027
first,4997,718706754367,718706754377,49.960045351
first,4998,718706845938,718706845949,49.970045351
first,4999,718706946343,718706946362,49.980068027
first,5000,718707046253,718707046263,49.990045351
first,5001,718707146359,718707146370,50.000068027
first,5002,718707246140,718707246151,50.010045351
first,5003,718707346370,718707346381,50.020068027
first,5004,718707446143,718707446170,50.030045351
first,5005,718707546131,718707546142,50.040045351
first,5006,718707646369,718707646379,50.050068027
first,5007,718707746217,718707746235,50.060045351
first,5008,718707846395,718707846409,50.070068027
first,5009,718707954374,718707954384,50.080045351
first,5010,718708047333,718708047354,50.090136054
first,5011,718708146879,718708146898,50.100090703
first,5012,718708247040,718708247059,50.110090703
first,5013,718708347213,718708347233,50.120113379
first,5014,718708446970,718708446989,50.130090703
first,5015,718708547313,718708547332,50.140136054
first,5016,718708646903,718708646922,50.150090703
first,5017,718708747297,718708747316,50.160113379
first,5018,718708847041,718708847060,50.170090703
first,5019,718708946929,718708946948,50.180090703
first,5020,718709047121,718709047140,50.190113379
first,5021,718709154389,718709154399,50.200045351
first,5022,718709247342,718709247366,50.210136054
first,5023,718709346600,718709346619,50.220090703
first,5024,718709447067,718709447085,50.230113379
first,5025,718709546158,718709546169,50.240045351
first,5026,718709646333,718709646359,50.250045351
first,5027,718709747209,718709747228,50.260113379
first,5028,718709846876,718709846895,50.270090703
first,5029,718709947228,718709947247,50.280113379
first,5030,718710046919,718710046939,50.290090703
first,5031,718710146434,718710146445,50.300068027
first,5032,718710246892,718710246911,50.310090703
first,5033,718710354385,718710354395,50.320045351
first,5034,718710446592,718710446604,50.330068027
first,5035,718710546786,718710546805,50.340090703
first,5036,718710646346,718710646357,50.350068027
first,5037,718710746299,718710746309,50.360045351
first,5038,718710846335,718710846345,50.370068027
first,5039,718710946208,718710946219,50.380045351
first,5040,718711046156,718711046166,50.390045351
first,5041,718711146330,718711146339,50.400068027
first,5042,718711246223,718711246233,50.410045351
first,5043,718711346373,718711346384,50.420068027
first,5044,718711446371,718711446382,50.430045351
first,5045,718711554647,718711554657,50.440068027
first,5046,718711646146,718711646156,50.450045351
first,5047,718711746471,718711746484,50.460068027
first,5048,718711846448,718711846459,50.470068027
first,5049,718711946267,718711946278,50.480045351
first,5050,718712046414,718712046425,50.490068027
first,5051,718712146151,718712146160,50.500045351
first,5052,718712246403,718712246413,50.510068027
first,5053,718712346283,718712346302,50.520045351
first,5054,718712446366,718712446376,50.530068027
first,5055,718712546982,718712546987,50.540090703
first,5056,718712646429,718712646449,50.550068027
first,5057,718712754569,718712754579,50.560068027
first,5058,718712846270,718712846280,50.570045351
first,5059,718712946356,718712946366,50.580068027
first,5060,718713046233,718713046253,50.590045351
first,5061,718713146380,718713146390,50.600068027
first,5062,718713246232,718713246260,50.610045351
first,5063,718713346267,718713346288,50.620045351
first,5064,718713446451,718713446462,50.630068027
first,5065,718713546288,718713546299,50.640045351
first,5066,718713646379,718713646390,50.650068027
first,5067,718713746247,718713746266,50.660045351
first,5068,718713847016,718713847035,50.670113379
first,5069,718713954500,718713954513,50.680045351
first,5070,718714046771,718714046791,50.690090703
first,5071,718714146397,718714146407,50.700068027
first,5072,718714247193,718714247212,50.710113379
first,5073,718714347108,718714347127,50.720113379
first,5074,718714446292,718714446303,50.730045351
first,5075,718714546443,718714546454,50.740068027
first,5076,718714646163,718714646172,50.750045351
first,5077,718714747045,718714747065,50.760090703
first,5078,718714847511,718714847531,50.770158730
first,5079,718714946213,718714946224,50.780045351
first,5080,718715047144,718715047163,50.790113379
first,5081,718715154430,718715154439,50.800045351
first,5082,718715247301,718715247321,50.810113379
first,5083,718715346891,718715346910,50.820090703
first,5084,718715446945,718715446964,50.830090703
first,5085,718715547069,718715547089,50.840113379
first,5086,718715646263,718715646273,50.850045351
first,5087,718715747276,718715747295,50.860113379
first,5088,718715846247,718715846258,50.870045351
first,5089,718715946775,718715946786,50.880068027
first,5090,718716046198,718716046209,50.890045351
first,5091,718716146411,718716146422,50.900045351
first,5092,718716247160,718716247179,50.910113379
first,5093,718716354447,718716354457,50.920045351
first,5094,718716447156,718716447174,50.930113379
first,5095,718716546951,718716546971,50.940090703
first,5096,718716647207,718716647226,50.950113379
first,5097,718716747112,718716747131,50.960090703
first,5098,718716846952,718716846971,50.970090703
first,5099,718716947363,718716947382,50.980113379
first,5100,718717047011,718717047032,50.990090703
first,5101,718717146738,718717146749,51.000068027
first,5102,718717247075,718717247094,51.010090703
first,5103,718717346421,718717346431,51.020068027
first,5104,718717446248,718717446264,51.030045351
first,5105,718717554457,718717554467,51.040045351
first,5106,718717646389,718717646399,51.050068027
first,5107,718717746274,718717746284,51.060045351
first,5108,718717846350,718717846369,51.070068027
first,5109,718717946583,718717946600,51.080068027
first,5110,718718046440,718718046451,51.090068027
first,5111,718718147026,718718147105,51.100090703
first,5112,718718246926,718718246948,51.110090703
first,5113,718718346607,718718346618,51.120068027
first,5114,718718447032,718718447043,51.130090703
first,5115,718718547229,718718547248,51.140136054
first,5116,718718647042,718718647061,51.150090703
first,5117,718718755261,718718755265,51.160113379
first,5118,718718846336,718718846347,51.170045351
first,5119,718718946877,718718946889,51.180068027
first,5120,718719046904,718719046923,51.190090703
first,5121,718719146041,718719146050,51.200045351
first,5122,718719247199,718719247219,51.210136054
first,5123,718719347044,718719347063,51.220090703
first,5124,718719446523,718719446535,51.230068027
first,5125,718719546815,718719546834,51.240090703
first,5126,718719646432,718719646442,51.250068027
first,5127,718719746318,718719746328,51.260045351
first,5128,718719846191,718719846201,51.270045351
first,5129,718719954630,718719954640,51.280068027
first,5130,718720046780,718720046798,51.290090703
first,5131,718720146375,718720146384,51.300068027
first,5132,718720246298,718720246312,51.310045351
first,5133,718720347466,718720347488,51.320136054
first,5134,718720447019,718720447039,51.330090703
first,5135,718720546250,718720546274,51.340045351
first,5136,718720646440,718720646450,51.350068027
first,5137,718720746293,718720746303,51.360045351
first,5138,718720846359,718720846369,51.370068027
first,5139,718720946247,718720946258,51.380045351
first,5140,718721046356,718721046367,51.390068027
first,5141,718721154480,718721154490,51.400045351
first,5142,718721246249,718721246260,51.410045351
first,5143,718721346381,718721346391,51.420068027
first,5144,718721446340,718721446350,51.430045351
first,5145,718721546296,718721546307,51.440068027
first,5146,718721646293,718721646303,51.450045351
first,5147,718721746498,718721746512,51.460068027
first,5148,718721846093,718721846104,51.470045351
first,5149,718721946361,718721946371,51.480045351
first,5150,718722046320,718722046330,51.490068027
first,5151,718722146271,718722146280,51.500045351
first,5152,718722246576,718722246586,51.510068027
first,5153,718722354491,718722354502,51.520045351
first,5154,718722446532,718722446543,51.530068027
first,5155,718722546833,718722546855,51.540113379
first,5156,718722646312,718722646327,51.550045351
first,5157,718722746352,718722746371,51.560068027
first,5158,718722846203,718722846215,51.570045351
first,5159,718722946507,718722946529,51.580068027
first,5160,718723046538,718723046549,51.590045351
first,5161,718723146437,718723146447,51.600068027
first,5162,718723246326,718723246336,51.610045351
first,5163,718723346269,718723346279,51.620045351
first,5164,718723446510,718723446521,51.630068027
first,5165,718723554559,718723554573,51.640045351
first,5166,718723646465,718723646476,51.650068027
first,5167,718723746549,718723746571,51.660045351
first,5168,718723846427,718723846439,51.670068027
first,5169,718723946267,718723946278,51.680045351
first,5170,718724046299,718724046309,51.690045351
first,5171,718724146325,718724146334,51.700068027
first,5172,718724246290,718724246301,51.710045351
first,5173,718724346618,718724346628,51.720068027
first,5174,718724446274,718724446284,51.730045351
first,5175,718724546577,718724546587,51.740068027
first,5176,718724646327,718724646338,51.750045351
first,5177,718724754526,718724754547,51.760045351
first,5178,718724847087,718724847097,51.770113379
first,5179,718724946236,718724946251,51.780045351
first,5180,718725046753,718725046764,51.790068027
first,5181,718725146292,718725146300,51.800045351
first,5182,718725247333,718725247352,51.810113379
first,5183,718725346298,718725346309,51.820045351
first,5184,718725447032,718725447052,51.830090703
first,5185,718725546461,718725546482,51.840068027
first,5186,718725646204,718725646221,51.850045351
first,5187,718725747286,718725747306,51.860113379
first,5188,718725846236,718725846246,51.870045351
first,5189,718725954686,718725954696,51.880068027
first,5190,718726046598,718726046617,51.890045351
first,5191,718726146461,718726146470,51.900068027
first,5192,718726246581,718726246592,51.910068027
first,5193,718726346229,718726346240,51.920045351
first,5194,718726446479,718726446489,51.930068027
first,5195,718726546549,718726546560,51.940045351
first,5196,718726646486,718726646497,51.950068027
first,5197,718726746353,718726746370,51.960045351
first,5198,718726846402,718726846413,51.970068027
first,5199,718726946264,718726946275,51.980045351
first,5200,718727046929,718727046948,51.990045351
first,5201,718727154706,718727154717,52.000068027
first,5202,718727246264,718727246267,52.010045351
first,5203,718727346552,718727346563,52.020068027
first,5204,718727446307,718727446317,52.030045351
first,5205,718727546634,718727546644,52.040068027
first,5206,718727646357,718727646367,52.050045351
first,5207,718727746469,718727746480,52.060068027
first,5208,718727847470,718727847489,52.070113379
first,5209,718727946502,718727946512,52.080045351
first,5210,718728046657,718728046670,52.090068027
first,5211,718728146250,718728146269,52.100045351
first,5212,718728246632,718728246652,52.110068027
first,5213,718728354659,718728354670,52.120045351
first,5214,718728446411,718728446436,52.130045351
first,5215,718728547482,718728547501,52.140136054
first,5216,718728646364,718728646374,52.150045351
first,5217,718728746555,718728746566,52.160068027
first,5218,718728846313,718728846323,52.170045351
first,5219,718728946546,718728946556,52.180068027
first,5220,718729046695,718729046705,52.190045351
first,5221,718729146225,718729146234,52.200045351
first,5222,718729246680,718729246690,52.210068027
first,5223,718729346721,718729346732,52.220068027
first,5224,718729446945,718729446957,52.230090703
first,5225,718729554548,718729554559,52.240045351
first,5226,718729646502,718729646512,52.250068027
first,5227,718729746897,718729746915,52.260090703
first,5228,718729847028,718729847047,52.270090703
first,5229,718729947118,718729947137,52.280113379
first,5230,718730046659,718730046670,52.290045351
first,5231,718730146635,718730146654,52.300068027
first,5232,718730247087,718730247106,52.310090703
first,5233,718730347272,718730347291,52.320113379
first,5234,718730446907,718730446925,52.330090703
first,5235,718730546672,718730546683,52.340045351
first,5236,718730646413,718730646432,52.350068027
first,5237,718730754593,718730754612,52.360045351
first,5238,718730847200,718730847219,52.370113379
first,5239,718730946361,718730946372,52.380045351
first,5240,718731046353,718731046364,52.390068027
first,5241,718731146362,718731146371,52.400045351
first,5242,718731246520,718731246550,52.410045351
first,5243,718731346487,718731346497,52.420068027
first,5244,718731446394,718731446404,52.430045351
first,5245,718731546945,718731546956,52.440068027
first,5246,718731646402,718731646412,52.450045351
first,5247,718731747229,718731747253,52.460113379
first,5248,718731847088,718731847107,52.470090703
first,5249,718731954582,718731954593,52.480045351
first,5250,718732047213,718732047232,52.490068027
first,5251,718732146383,718732146393,52.500045351
first,5252,718732246567,718732246578,52.510068027
first,5253,718732346263,718732346274,52.520045351
first,5254,718732446760,718732446771,52.530068027
first,5255,718732547031,718732547042,52.540045351
first,5256,718732646544,718732646555,52.550068027
first,5257,718732747210,718732747229,52.560090703
first,5258,718732847121,718732847132,52.570068027
first,5259,718732946433,718732946444,52.580068027
first,5260,718733047017,718733047027,52.590045351
first,5261,718733154743,718733154753,52.600068027
first,5262,718733247092,718733247111,52.610090703
first,5263,718733347003,718733347014,52.620068027
first,5264,718733446534,718733446546,52.630045351
first,5265,718733546996,718733547006,52.640045351
first,5266,718733646515,718733646530,52.650068027
first,5267,718733746286,718733746298,52.660045351
first,5268,718733846434,718733846446,52.670068027
first,5269,718733946555,718733946581,52.680068027
first,5270,718734047318,718734047340,52.690068027
first,5271,718734146325,718734146341,52.700045351
first,5272,718734246287,718734246297,52.710045351
first,5273,718734355220,718734355240,52.720113379
first,5274,718734446473,718734446487,52.730045351
first,5275,718734547317,718734547328,52.740068027
first,5276,718734646478,718734646489,52.750045351
first,5277,718734747093,718734747103,52.760090703
first,5278,718734847159,718734847178,52.770090703
first,5279,718734947312,718734947335,52.780090703
first,5280,718735047103,718735047122,52.790068027
first,5281,718735146366,718735146375,52.800045351
first,5282,718735247436,718735247455,52.810113379
first,5283,718735347185,718735347204,52.820090703
first,5284,718735447434,718735447453,52.830113379
first,5285,718735554626,718735554637,52.840045351
first,5286,718735647117,718735647136,52.850090703
first,5287,718735746659,718735746670,52.860068027
first,5288,718735846510,718735846521,52.870045351
first,5289,718735946658,718735946669,52.880068027
first,5290,718736047341,718736047360,52.890045351
first,5291,718736146734,718736146745,52.900068027
first,5292,718736246388,718736246399,52.910045351
first,5293,718736347171,718736347190,52.920090703
first,5294,718736447449,718736447469,52.930113379
first,5295,718736547177,718736547196,52.940090703
first,5296,718736646585,718736646596,52.950068027
first,5297,718736754620,718736754630,52.960045351
first,5298,718736846580,718736846591,52.970068027
first,5299,718736946518,718736946528,52.980045351
first,5300,718737046348,718737046358,52.990045351
first,5301,718737146572,718737146581,53.000068027
first,5302,718737246389,718737246408,53.010045351
first,5303,718737347116,718737347135,53.020068027
first,5304,718737446461,718737446472,53.030045351
first,5305,718737546562,718737546573,53.040068027
first,5306,718737646451,718737646462,53.050045351
first,5307,718737746479,718737746489,53.060045351
first,5308,718737846476,718737846487,53.070068027
first,5309,718737954641,718737954652,53.080045351
first,5310,718738047508,718738047528,53.090113379
first,5311,718738146556,718738146565,53.100045351
first,5312,718738246585,718738246596,53.110068027
first,5313,718738346381,718738346391,53.120045351
first,5314,718738446501,718738446516,53.130045351
first,5315,718738546729,718738546739,53.140068027
first,5316,718738646404,718738646415,53.150045351
first,5317,718738746588,718738746599,53.160068027
first,5318,718738846460,718738846471,53.170045351
first,5319,718738946610,718738946621,53.180068027
first,5320,718739046466,718739046477,53.190045351
first,5321,718739154642,718739154652,53.200045351
first,5322,718739246541,718739246551,53.210068027
first,5323,718739346455,718739346477,53.220045351
first,5324,718739447530,718739447549,53.230136054
first,5325,718739546445,718739546456,53.240045351
first,5326,718739646647,718739646658,53.250068027
first,5327,718739746380,718739746391,53.260045351
first,5328,718739846643,718739846653,53.270068027
first,5329,718739946516,718739946526,53.280045351
first,5330,718740046413,718740046423,53.290045351
first,5331,718740146584,718740146594,53.300068027
first,5332,718740246552,718740246563,53.310045351
first,5333,718740354816,718740354826,53.320068027
first,5334,718740446416,718740446426,53.330045351
first,5335,718740547315,718740547334,53.340113379
first,5336,718740646532,718740646547,53.350045351
first,5337,718740746567,718740746594,53.360045351
first,5338,718740846615,718740846626,53.370068027
first,5339,718740947100,718740947119,53.380090703
first,5340,718741046795,718741046806,53.390068027
first,5341,718741146389,718741146398,53.400045351
first,5342,718741247297,718741247316,53.410113379
first,5343,718741346334,718741346353,53.420045351
first,5344,718741446916,718741446935,53.430090703
first,5345,718741554828,718741554839,53.440068027
first,5346,718741646455,718741646465,53.450045351
first,5347,718741747209,718741747249,53.460090703
first,5348,718741846526,718741846545,53.470045351
first,5349,718741946658,718741946669,53.480068027
first,5350,718742046982,718742047003,53.490090703
first,5351,718742146308,718742146320,53.500045351
first,5352,718742246665,718742246676,53.510068027
first,5353,718742346507,718742346519,53.520045351
first,5354,718742446699,718742446710,53.530068027
first,5355,718742546889,718742546907,53.540090703
first,5356,718742646690,718742646700,53.550068027
first,5357,718742754694,718742754705,53.560045351
first,5358,718742846325,718742846336,53.570045351
first,5359,718742946533,718742946544,53.580068027
first,5360,718743046419,718743046439,53.590045351
first,5361,718743146464,718743146475,53.600068027
first,5362,718743246277,718743246288,53.610045351
first,5363,718743346464,718743346475,53.620068027
first,5364,718743446334,718743446345,53.630045351
first,5365,718743546451,718743546461,53.640045351
first,5366,718743646625,718743646635,53.650068027
first,5367,718743746598,718743746609,53.660045351
first,5368,718743846584,718743846595,53.670068027
first,5369,718743954685,718743954696,53.680045351
first,5370,718744046628,718744046648,53.690068027
first,5371,718744146263,718744146272,53.700045351
first,5372,718744246340,718744246351,53.710045351
first,5373,718744346547,718744346558,53.720068027
first,5374,718744446456,718744446466,53.730045351
first,5375,718744547618,718744547637,53.740113379
first,5376,718744647283,718744647302,53.750090703
first,5377,718744747524,718744747544,53.760113379
first,5378,718744847284,718744847303,53.770090703
first,5379,718744947366,718744947386,53.780090703
first,5380,718745047538,718745047557,53.790113379
first,5381,718745155144,718745155164,53.800090703
first,5382,718745247622,718745247641,53.810113379
first,5383,718745347139,718745347158,53.820090703
first,5384,718745446738,718745446749,53.830068027
first,5385,718745547200,718745547219,53.840090703
first,5386,718745647256,718745647275,53.850090703
first,5387,718745747680,718745747699,53.860113379
first,5388,718745847206,718745847225,53.870090703
first,5389,718745946702,718745946713,53.880068027
first,5390,718746047494,718746047514,53.890090703
first,5391,718746146981,718746146985,53.900090703
first,5392,718746246742,718746246753,53.910068027
first,5393,718746354908,718746354927,53.920068027
first,5394,718746446511,718746446522,53.930045351
first,5395,718746547121,718746547139,53.940090703
first,5396,718746646616,718746646627,53.950068027
first,5397,718746747125,718746747144,53.960090703
first,5398,718746846708,718746846719,53.970068027
first,5399,718746946446,718746946456,53.980045351
first,5400,718747046712,718747046723,53.990068027
first,5401,718747146430,718747146439,54.000045351
first,5402,718747246495,718747246505,54.010045351
first,5403,718747346734,718747346747,54.020068027
first,5404,718747446519,718747446529,54.030045351
first,5405,718747554880,718747554890,54.040068027
first,5406,718747646395,718747646405,54.050045351
first,5407,718747746701,718747746712,54.060068027
first,5408,718747846554,718747846579,54.070045351
first,5409,718747946609,718747946620,54.080045351
first,5410,718748046698,718748046708,54.090068027
first,5411,718748146810,718748146819,54.100068027
first,5412,718748246705,718748246716,54.110068027
first,5413,718748346457,718748346468,54.120045351
first,5414,718748446593,718748446603,54.130068027
first,5415,718748546502,718748546512,54.140045351
first,5416,718748646508,718748646518,54.150045351
first,5417,718748754885,718748754895,54.160068027
first,5418,718748846402,718748846412,54.170045351
first,5419,718748946729,718748946739,54.180068027
first,5420,718749046489,718749046499,54.190045351
first,5421,718749146477,718749146486,54.200068027
first,5422,718749246286,718749246297,54.210045351
first,5423,718749346315,718749346326,54.220045351
first,5424,718749446728,718749446739,54.230068027
first,5425,718749546749,718749546760,54.240045351
first,5426,718749646762,718749646773,54.250068027
first,5427,718749746563,718749746574,54.260045351
first,5428,718749846671,718749846682,54.270068027
first,5429,718749954738,718749954748,54.280045351
first,5430,718750046561,718750046571,54.290045351
first,5431,718750146668,718750146677,54.300068027
first,5432,718750246503,718750246513,54.310045351
first,5433,718750346740,718750346750,54.320068027
first,5434,718750447371,718750447382,54.330090703
first,5435,718750546915,718750546926,54.340068027
first,5436,718750646525,718750646535,54.350045351
first,5437,718750747056,718750747076,54.360090703
first,5438,718750847760,718750847781,54.370158730
first,5439,718750946663,718750946676,54.380045351
first,5440,718751046700,718751046711,54.390068027
first,5441,718751154741,718751154751,54.400045351
first,5442,718751247942,718751247961,54.410181406
first,5443,718751346525,718751346536,54.420045351
first,5444,718751446519,718751446530,54.430045351
first,5445,718751546679,718751546691,54.440068027
first,5446,718751646592,718751646603,54.450045351
first,5447,718751746700,718751746720,54.460068027
first,5448,718751847124,718751847144,54.470090703
first,5449,718751946746,718751946757,54.480068027
first,5450,718752046638,718752046648,54.490045351
first,5451,718752146562,718752146581,54.500045351
first,5452,718752246796,718752246806,54.510068027
first,5453,718752354767,718752354778,54.520045351
first,5454,718752446706,718752446717,54.530068027
first,5455,718752546647,718752546668,54.540045351
first,5456,718752646798,718752646827,54.550068027
first,5457,718752746653,718752746664,54.560045351
first,5458,718752846642,718752846654,54.570045351
first,5459,718752946738,718752946749,54.580068027
first,5460,718753046590,718753046621,54.590045351
first,5461,718753146813,718753146822,54.600068027
first,5462,718753246636,718753246655,54.610068027
first,5463,718753346803,718753346814,54.620068027
first,5464,718753446652,718753446662,54.630045351
first,5465,718753554931,718753554941,54.640068027
first,5466,718753646577,718753646587,54.650045351
first,5467,718753746587,718753746606,54.660045351
first,5468,718753846953,718753846963,54.670068027
first,5469,718753946601,718753946629,54.680045351
first,5470,718754047631,718754047651,54.690136054
first,5471,718754146529,718754146539,54.700045351
first,5472,718754246851,718754246862,54.710068027
first,5473,718754346474,718754346485,54.720045351
first,5474,718754446617,718754446636,54.730045351
first,5475,718754546859,718754546870,54.740068027
first,5476,718754646518,718754646528,54.750045351
first,5477,718754755060,718754755079,54.760068027
first,5478,718754846769,718754846780,54.770045351
first,5479,718754947617,718754947637,54.780113379
first,5480,718755047398,718755047417,54.790090703
first,5481,718755146800,718755146810,54.800045351
first,5482,718755247665,718755247685,54.810136054
first,5483,718755347019,718755347030,54.820068027
first,5484,718755447442,718755447462,54.830113379
first,5485,718755547347,718755547366,54.840090703
first,5486,718755647160,718755647179,54.850113379
first,5487,718755747295,718755747314,54.860090703
first,5488,718755847310,718755847330,54.870090703
first,5489,718755955618,718755955637,54.880136054
first,5490,718756047304,718756047323,54.890090703
first,5491,718756146849,718756146860,54.900068027
first,5492,718756246666,718756246677,54.910045351
first,5493,718756346829,718756346840,54.920068027
first,5494,718756446672,718756446683,54.930045351
first,5495,718756547696,718756547716,54.940090703
first,5496,718756647644,718756647663,54.950113379
first,5497,718756747455,718756747475,54.960113379
first,5498,718756847715,718756847735,54.970113379
first,5499,718756947395,718756947415,54.980090703
first,5500,718757047625,718757047644,54.990113379
first,5501,718757154801,718757154812,55.000045351
first,5502,718757247217,718757247236,55.010090703
first,5503,718757347678,718757347697,55.020136054
first,5504,718757447177,718757447198,55.030090703
first,5505,718757546952,718757546967,55.040068027
first,5506,718757646594,718757646606,55.050045351
first,5507,718757746763,718757746774,55.060068027
first,5508,718757846681,718757846691,55.070045351
first,5509,718757946574,718757946584,55.080045351
first,5510,718758046796,718758046807,55.090068027
first,5511,718758146530,718758146539,55.100045351
first,5512,718758247081,718758247103,55.110090703
first,5513,718758354968,718758354981,55.120068027
first,5514,718758446762,718758446772,55.130068027
first,5515,718758547445,718758547464,55.140090703
first,5516,718758646591,718758646602,55.150045351
first,5517,718758746754,718758746764,55.160068027
first,5518,718758846621,718758846631,55.170045351
first,5519,718758946715,718758946725,55.180068027
first,5520,718759046578,718759046589,55.190045351
first,5521,718759146571,718759146581,55.200068027
first,5522,718759246586,718759246596,55.210045351
first,5523,718759346645,718759346655,55.220045351
first,5524,718759446812,718759446823,55.230068027
first,5525,718759554843,718759554855,55.240045351
first,5526,718759646877,718759646888,55.250068027
first,5527,718759746684,718759746694,55.260045351
first,5528,718759846673,718759846684,55.270068027
first,5529,718759946574,718759946585,55.280045351
first,5530,718760046736,718760046747,55.290068027
first,5531,718760146584,718760146595,55.300045351
first,5532,718760246645,718760246662,55.310045351
first,5533,718760346752,718760346763,55.320068027
first,5534,718760446640,718760446651,55.330045351
first,5535,718760546884,718760546895,55.340068027
first,5536,718760646569,718760646579,55.350045351
first,5537,718760755199,718760755220,55.360090703
first,5538,718760847533,718760847544,55.370090703
first,5539,718760946589,718760946600,55.380045351
first,5540,718761046808,718761046819,55.390068027
first,5541,718761147651,718761147663,55.400113379
first,5542,718761246880,718761246891,55.410068027
first,5543,718761346656,718761346666,55.420045351
first,5544,718761446798,718761446809,55.430068027
first,5545,718761547261,718761547280,55.440090703
first,5546,718761646876,718761646887,55.450045351
first,5547,718761746857,718761746871,55.460068027
first,5548,718761846575,718761846586,55.470045351
first,5549,718761955539,718761955551,55.480113379
first,5550,718762046610,718762046621,55.490045351
first,5551,718762146821,718762146830,55.500068027
first,5552,718762247384,718762247403,55.510090703
first,5553,718762346712,718762346730,55.520045351
first,5554,718762446768,718762446779,55.530068027
first,5555,718762546936,718762546956,55.540045351
first,5556,718762646831,718762646841,55.550068027
first,5557,718762746635,718762746645,55.560045351
first,5558,718762846798,718762846808,55.570068027
first,5559,718762947454,718762947474,55.580090703
first,5560,718763046747,718763046757,55.590045351
first,5561,718763155010,718763155020,55.600068027
first,5562,718763246664,718763246675,55.610045351
first,5563,718763347768,718763347787,55.620136054
first,5564,718763446590,718763446609,55.630045351
first,5565,718763546659,718763546670,55.640068027
first,5566,718763646568,718763646578,55.650045351
first,5567,718763746633,718763746643,55.660045351
first,5568,718763846775,718763846794,55.670068027
first,5569,718763946573,718763946583,55.680045351
first,5570,718764046782,718764046792,55.690068027
first,5571,718764146603,718764146614,55.700045351
first,5572,718764246859,718764246870,55.710068027
first,5573,718764354876,718764354886,55.720045351
first,5574,718764446742,718764446752,55.730045351
first,5575,718764546807,718764546817,55.740068027
first,5576,718764646680,718764646690,55.750045351
first,5577,718764746762,718764746773,55.760068027
first,5578,718764846690,718764846701,55.770045351
first,5579,718764946821,718764946832,55.780068027
first,5580,718765046605,718765046619,55.790045351
first,5581,718765146636,718765146646,55.800045351
first,5582,718765246933,718765246944,55.810068027
first,5583,718765346520,718765346530,55.820045351
first,5584,718765446873,718765446887,55.830068027
first,5585,718765554930,718765554941,55.840045351
first,5586,718765646992,718765647003,55.850068027
first,5587,718765746848,718765746858,55.860068027
first,5588,718765846984,718765846995,55.870068027
first,5589,718765946840,718765946851,55.880068027
first,5590,718766047222,718766047232,55.890068027
first,5591,718766147075,718766147094,55.900090703
first,5592,718766247402,718766247422,55.910090703
first,5593,718766347738,718766347757,55.920136054
first,5594,718766446598,718766446609,55.930045351
first,5595,718766546870,718766546881,55.940045351
first,5596,718766646826,718766646837,55.950068027
first,5597,718766755304,718766755323,55.960090703
first,5598,718766847754,718766847774,55.970113379
first,5599,718766947389,718766947408,55.980090703
first,5600,718767047820,718767047840,55.990113379
first,5601,718767146749,718767146759,56.000045351
first,5602,718767247720,718767247739,56.010113379
first,5603,718767346554,718767346564,56.020045351
first,5604,718767446620,718767446636,56.030045351
first,5605,718767546771,718767546785,56.040068027
first,5606,718767646795,718767646816,56.050068027
first,5607,718767747145,718767747163,56.060090703
first,5608,718767846776,718767846787,56.070068027
first,5609,718767955135,718767955154,56.080068027
first,5610,718768047094,718768047113,56.090068027
first,5611,718768146678,718768146687,56.100045351
first,5612,718768247062,718768247074,56.110068027
first,5613,718768346660,718768346671,56.120045351
first,5614,718768446842,718768446853,56.130068027
first,5615,718768546751,718768546762,56.140045351
first,5616,718768646812,718768646823,56.150068027
first,5617,718768746673,718768746685,56.160045351
first,5618,718768846832,718768846843,56.170045351
first,5619,718768946884,718768946894,56.180068027
first,5620,718769046729,718769046739,56.190045351
first,5621,718769155101,718769155111,56.200068027
first,5622,718769246590,718769246600,56.210045351
first,5623,718769346913,718769346924,56.220068027
first,5624,718769446664,718769446674,56.230045351
first,5625,718769546734,718769546744,56.240045351
first,5626,718769646918,718769646931,56.250068027
first,5627,718769746949,718769746960,56.260068027
first,5628,718769846970,718769846981,56.270068027
first,5629,718769946666,718769946676,56.280045351
first,5630,718770046859,718770046869,56.290068027
first,5631,718770146559,718770146576,56.300045351
first,5632,718770247167,718770247186,56.310068027
first,5633,718770355081,718770355092,56.320068027
first,5634,718770446986,718770447005,56.330045351
first,5635,718770546876,718770546887,56.340068027
first,5636,718770646741,718770646752,56.350045351
first,5637,718770746858,718770746868,56.360068027
first,5638,718770847430,718770847441,56.370090703
first,5639,718770946598,718770946609,56.380045351
first,5640,718771046859,718771046870,56.390068027
first,5641,718771146663,718771146674,56.400045351
first,5642,718771247689,718771247708,56.410136054
first,5643,718771347417,718771347436,56.420090703
first,5644,718771446826,718771446836,56.430068027
first,5645,718771554997,718771555011,56.440045351
first,5646,718771646875,718771646894,56.450045351
first,5647,718771747836,718771747844,56.460136054
first,5648,718771846832,718771846843,56.470045351
first,5649,718771946915,718771946926,56.480068027
first,5650,718772046701,718772046711,56.490045351
first,5651,718772146892,718772146903,56.500068027
first,5652,718772246870,718772246889,56.510045351
first,5653,718772346674,718772346693,56.520045351
first,5654,718772446892,718772446904,56.530068027
first,5655,718772546720,718772546731,56.540045351
first,5656,718772646881,718772646900,56.550068027
first,5657,718772755097,718772755117,56.560045351
first,5658,718772846927,718772846938,56.570068027
first,5659,718772946763,718772946774,56.580045351
first,5660,718773046756,718773046785,56.590045351
first,5661,718773146893,718773146903,56.600068027
first,5662,718773246837,718773246847,56.610045351
first,5663,718773346878,718773346889,56.620068027
first,5664,718773446774,718773446798,56.630045351
first,5665,718773547012,718773547023,56.640068027
first,5666,718773646939,718773646958,56.650045351
first,5667,718773746952,718773746963,56.660068027
first,5668,718773846720,718773846740,56.670045351
first,5669,718773954978,718773954990,56.680045351
first,5670,718774047016,718774047027,56.690068027
first,5671,718774146666,718774146675,56.700045351
first,5672,718774246988,718774247000,56.710068027
first,5673,718774346830,718774346840,56.720045351
first,5674,718774446910,718774446921,56.730068027
first,5675,718774546765,718774546775,56.740045351
first,5676,718774646717,718774646727,56.750045351
first,5677,718774746962,718774746972,56.760068027
first,5678,718774846713,718774846724,56.770045351
first,5679,718774946910,718774946920,56.780068027
first,5680,718775046776,718775046786,56.790045351
first,5681,718775155117,718775155136,56.800068027
first,5682,718775246736,718775246747,56.810045351
first,5683,718775346828,718775346848,56.820045351
first,5684,718775446989,718775447000,56.830068027
first,5685,718775546744,718775546754,56.840045351
first,5686,718775646903,718775646913,56.850068027
first,5687,718775746851,718775746861,56.860045351
first,5688,718775846923,718775846933,56.870068027
first,5689,718775946736,718775946747,56.880045351
first,5690,718776046745,718776046755,56.890045351
first,5691,718776146912,718776146921,56.900068027
first,5692,718776246744,718776246754,56.910045351
first,5693,718776355198,718776355209,56.920068027
first,5694,718776446770,718776446781,56.930045351
first,5695,718776547075,718776547085,56.940068027
first,5696,718776647439,718776647458,56.950090703
first,5697,718776747269,718776747288,56.960090703
first,5698,718776846850,718776846860,56.970068027
first,5699,718776946749,718776946760,56.980045351
first,5700,718777046996,718777047007,56.990068027
first,5701,718777146727,718777146738,57.000045351
first,5702,718777246924,718777246935,57.010068027
first,5703,718777346761,718777346771,57.020045351
first,5704,718777446737,718777446750,57.030045351
first,5705,718777555286,718777555305,57.040068027
first,5706,718777647229,718777647240,57.050090703
first,5707,718777747001,718777747012,57.060068027
first,5708,718777846902,718777846917,57.070045351
first,5709,718777947089,718777947100,57.080068027
first,5710,718778046727,718778046737,57.090045351
first,5711,718778146959,718778146968,57.100045351
first,5712,718778247235,718778247254,57.110090703
first,5713,718778346969,718778346985,57.120068027
first,5714,718778447076,718778447087,57.130068027
first,5715,718778546744,718778546754,57.140045351
first,5716,718778647012,718778647023,57.150068027
first,5717,718778755208,718778755230,57.160068027
first,5718,718778846763,718778846774,57.170045351
first,5719,718778947746,718778947766,57.180113379
first,5720,718779046808,718779046819,57.190045351
first,5721,718779146737,718779146746,57.200068027
first,5722,718779246812,718779246822,57.210045351
first,5723,718779346939,718779346949,57.220068027
first,5724,718779446807,718779446830,57.230045351
first,5725,718779546825,718779546835,57.240045351
first,5726,718779646969,718779646980,57.250068027
first,5727,718779747590,718779747609,57.260090703
first,5728,718779847763,718779847782,57.270113379
first,5729,718779955013,718779955024,57.280045351
first,5730,718780047736,718780047755,57.290113379
first,5731,718780147517,718780147536,57.300090703
first,5732,718780247509,718780247528,57.310090703
first,5733,718780347937,718780347956,57.320113379
first,5734,718780447724,718780447737,57.330090703
first,5735,718780547862,718780547880,57.340136054
first,5736,718780646857,718780646879,57.350045351
first,5737,718780746952,718780746963,57.360068027
first,5738,718780847005,718780847015,57.370068027
first,5739,718780947238,718780947255,57.380068027
first,5740,718781046940,718781046950,57.390045351
first,5741,718781155437,718781155456,57.400090703
first,5742,718781247124,718781247135,57.410068027
first,5743,718781347558,718781347577,57.420090703
first,5744,718781446975,718781446985,57.430068027
first,5745,718781547351,718781547369,57.440090703
first,5746,718781646970,718781646982,57.450068027
first,5747,718781746859,718781746880,57.460068027
first,5748,718781847167,718781847187,57.470090703
first,5749,718781946899,718781946910,57.480068027
first,5750,718782047413,718782047432,57.490090703
first,5751,718782146898,718782146908,57.500068027
first,5752,718782246644,718782246655,57.510045351
first,5753,718782355853,718782355872,57.520136054
first,5754,718782446932,718782446942,57.530045351
first,5755,718782547483,718782547502,57.540090703
first,5756,718782647869,718782647888,57.550113379
first,5757,718782747320,718782747339,57.560068027
first,5758,718782847754,718782847773,57.570113379
first,5759,718782946913,718782946924,57.580045351
first,5760,718783047956,718783047975,57.590136054
first,5761,718783146718,718783146728,57.600045351
first,5762,718783247421,718783247441,57.610090703
first,5763,718783346885,718783346895,57.620068027
first,5764,718783446858,718783446869,57.630045351
first,5765,718783555186,718783555196,57.640068027
first,5766,718783646605,718783646617,57.650045351
first,5767,718783746961,718783746972,57.660068027
first,5768,718783846762,718783846781,57.670045351
first,5769,718783946703,718783946715,57.680045351
first,5770,718784046937,718784046949,57.690068027
first,5771,718784146837,718784146847,57.700045351
first,5772,718784247163,718784247178,57.710068027
first,5773,718784346750,718784346761,57.720045351
first,5774,718784447067,718784447077,57.730068027
first,5775,718784546814,718784546825,57.740045351
first,5776,718784646818,718784646829,57.750045351
first,5777,718784755219,718784755230,57.760068027
first,5778,718784846806,718784846817,57.770045351
first,5779,718784947009,718784947020,57.780068027
first,5780,718785046908,718785046919,57.790045351
first,5781,718785147872,718785147891,57.800113379
first,5782,718785247578,718785247597,57.810090703
first,5783,718785346803,718785346814,57.820045351
first,5784,718785447775,718785447794,57.830113379
first,5785,718785546912,718785546927,57.840045351
first,5786,718785647017,718785647028,57.850068027
first,5787,718785747604,718785747623,57.860090703
first,5788,718785847749,718785847768,57.870113379
first,5789,718785955117,718785955128,57.880045351
first,5790,718786047557,718786047577,57.890090703
first,5791,718786147327,718786147338,57.900068027
first,5792,718786247600,718786247619,57.910090703
first,5793,718786347791,718786347810,57.920113379
first,5794,718786446842,718786446854,57.930045351
first,5795,718786546970,718786546980,57.940068027
first,5796,718786646996,718786647008,57.950068027
first,5797,718786746905,718786746916,57.960045351
first,5798,718786847598,718786847609,57.970113379
first,5799,718786946876,718786946893,57.980045351
first,5800,718787047007,718787047017,57.990068027
first,5801,718787155050,718787155059,58.000045351
first,5802,718787247062,718787247072,58.010068027
first,5803,718787347362,718787347381,58.020090703
first,5804,718787447955,718787447974,58.030113379
first,5805,718787547041,718787547052,58.040045351
first,5806,718787647479,718787647498,58.050090703
first,5807,718787747116,718787747127,58.060068027
first,5808,718787847409,718787847428,58.070090703
first,5809,718787947930,718787947949,58.080113379
first,5810,718788047586,718788047605,58.090090703
first,5811,718788146996,718788147007,58.100068027
first,5812,718788246911,718788246942,58.110045351
first,5813,718788355068,718788355079,58.120045351
first,5814,718788447130,718788447142,58.130068027
first,5815,718788546877,718788546887,58.140045351
first,5816,718788647061,718788647072,58.150068027
first,5817,718788746952,718788746965,58.160045351
first,5818,718788847125,718788847136,58.170068027
first,5819,718788946924,718788946951,58.180045351
first,5820,718789046890,718789046900,58.190045351
first,5821,718789146826,718789146837,58.200068027
first,5822,718789246937,718789246948,58.210068027
first,5823,718789346989,718789346999,58.220068027
first,5824,718789446893,718789446903,58.230045351
first,5825,718789555261,718789555271,58.240068027
first,5826,718789646883,718789646894,58.250045351
first,5827,718789746805,718789746829,58.260045351
first,5828,718789846978,718789846989,58.270068027
first,5829,718789946900,718789946913,58.280045351
first,5830,718790046983,718790046995,58.290068027
first,5831,718790146697,718790146708,58.300045351
first,5832,718790247109,718790247119,58.310068027
first,5833,718790346988,718790347009,58.320045351
first,5834,718790446863,718790446874,58.330045351
first,5835,718790547156,718790547167,58.340068027
first,5836,718790646854,718790646865,58.350045351
first,5837,718790755256,718790755266,58.360068027
first,5838,718790846905,718790846916,58.370045351
first,5839,718790947128,718790947140,58.380068027
first,5840,718791046815,718791046834,58.390045351
first,5841,718791146833,718791146842,58.400045351
first,5842,718791247468,718791247487,58.410068027
first,5843,718791347557,718791347585,58.420045351
first,5844,718791447044,718791447055,58.430068027
first,5845,718791547723,718791547743,58.440090703
first,5846,718791646928,718791646939,58.450068027
first,5847,718791746845,718791746856,58.460045351
first,5848,718791847456,718791847498,58.470068027
first,5849,718791955976,718791956002,58.480136054
first,5850,718792047457,718792047478,58.490090703
first,5851,718792147740,718792147759,58.500136054
first,5852,718792246775,718792246786,58.510045351
first,5853,718792347218,718792347229,58.520068027
first,5854,718792446962,718792446972,58.530045351
first,5855,718792547604,718792547615,58.540113379
first,5856,718792647099,718792647109,58.550068027
first,5857,718792747634,718792747653,58.560090703
first,5858,718792847515,718792847525,58.570068027
first,5859,718792946947,718792946957,58.580045351
first,5860,718793047673,718793047692,58.590113379
first,5861,718793155109,718793155119,58.600045351
first,5862,718793247551,718793247572,58.610090703
first,5863,718793347968,718793347987,58.620113379
first,5864,718793446990,718793447001,58.630045351
first,5865,718793547763,718793547782,58.640113379
first,5866,718793647468,718793647486,58.650090703
first,5867,718793747828,718793747847,58.660113379
first,5868,718793847884,718793847903,58.670090703
first,5869,718793946777,718793946788,58.680045351
first,5870,718794047199,718794047210,58.690068027
first,5871,718794146821,718794146831,58.700045351
first,5872,718794247851,718794247870,58.710113379
first,5873,718794355122,718794355132,58.720045351
first,5874,718794447095,718794447110,58.730068027
first,5875,718794546936,718794546948,58.740045351
first,5876,718794647017,718794647027,58.750068027
first,5877,718794746941,718794746951,58.760045351
first,5878,718794847106,718794847117,58.770045351
first,5879,718794947096,718794947106,58.780068027
first,5880,718795046904,718795046915,58.790045351
first,5881,718795147147,718795147158,58.800068027
first,5882,718795246898,718795246908,58.810045351
first,5883,718795347535,718795347546,58.820068027
first,5884,718795447082,718795447095,58.830068027
first,5885,718795555175,718795555195,58.840045351
first,5886,718795647152,718795647163,58.850068027
first,5887,718795747022,718795747032,58.860045351
first,5888,718795847190,718795847200,58.870068027
first,5889,718795947164,718795947177,58.880068027
first,5890,718796047150,718796047166,58.890068027
first,5891,718796147460,718796147471,58.900045351
first,5892,718796246824,718796246835,58.910045351
first,5893,718796348333,718796348337,58.920136054
first,5894,718796446984,718796447000,58.930045351
first,5895,718796547260,718796547270,58.940068027
first,5896,718796647533,718796647544,58.950045351
first,5897,718796755350,718796755361,58.960068027
first,5898,718796847436,718796847455,58.970045351
first,5899,718796946980,718796946991,58.980045351
first,5900,718797047314,718797047325,58.990090703
first,5901,718797146943,718797146954,59.000045351
first,5902,718797247211,718797247230,59.010068027
first,5903,718797347634,718797347645,59.020045351
first,5904,718797447207,718797447226,59.030068027
first,5905,718797547009,718797547020,59.040045351
first,5906,718797647601,718797647727,59.050090703
first,5907,718797747157,718797747171,59.060068027
first,5908,718797847153,718797847165,59.070045351
first,5909,718797955358,718797955369,59.080068027
first,5910,718798046959,718798046970,59.090045351
first,5911,718798147195,718798147205,59.100068027
first,5912,718798246938,718798246949,59.110045351
first,5913,718798347547,718798347557,59.120045351
first,5914,718798447247,718798447261,59.130068027
first,5915,718798546942,718798546953,59.140045351
first,5916,718798648151,718798648170,59.150113379
first,5917,718798747074,718798747084,59.160045351
first,5918,718798848507,718798848526,59.170113379
first,5919,718798947055,718798947071,59.180045351
first,5920,718799047651,718799047670,59.190090703
first,5921,718799155326,718799155337,59.200068027
first,5922,718799247455,718799247474,59.210090703
first,5923,718799348527,718799348546,59.220113379
first,5924,718799446999,718799447009,59.230045351
first,5925,718799547099,718799547109,59.240068027
first,5926,718799646913,718799646924,59.250045351
first,5927,718799747056,718799747067,59.260045351
first,5928,718799848146,718799848156,59.270068027
first,5929,718799946969,718799946981,59.280045351
first,5930,718800047147,718800047158,59.290068027
first,5931,718800146871,718800146881,59.300045351
first,5932,718800247168,718800247178,59.310068027
first,5933,718800355175,718800355185,59.320045351
first,5934,718800446950,718800446960,59.330045351
first,5935,718800547212,718800547231,59.340068027
first,5936,718800647176,718800647195,59.350068027
first,5937,718800747103,718800747114,59.360068027
first,5938,718800847771,718800847782,59.370045351
first,5939,718800947033,718800947044,59.380068027
first,5940,718801047057,718801047068,59.390045351
first,5941,718801147938,718801147957,59.400068027
first,5942,718801247060,718801247071,59.410045351
first,5943,718801347755,718801347766,59.420045351
first,5944,718801447192,718801447202,59.430068027
first,5945,718801555224,718801555244,59.440045351
first,5946,718801647154,718801647165,59.450068027
first,5947,718801746960,718801746979,59.460045351
first,5948,718801847895,718801847915,59.470068027
first,5949,718801947022,718801947039,59.480045351
first,5950,718802047199,718802047210,59.490045351
first,5951,718802147120,718802147129,59.500068027
first,5952,718802246877,718802246888,59.510045351
first,5953,718802347163,718802347174,59.520068027
first,5954,718802447525,718802447546,59.530090703
first,5955,718802547942,718802547953,59.540113379
first,5956,718802646948,718802646959,59.550045351
first,5957,718802755216,718802755226,59.560045351
first,5958,718802847961,718802847980,59.570113379
first,5959,718802947204,718802947225,59.580068027
first,5960,718803048147,718803048170,59.590136054
first,5961,718803147089,718803147100,59.600045351
first,5962,718803247020,718803247031,59.610068027
first,5963,718803347543,718803347562,59.620090703
first,5964,718803447059,718803447070,59.630045351
first,5965,718803547920,718803547939,59.640113379
first,5966,718803647042,718803647053,59.650045351
first,5967,718803747262,718803747273,59.660068027
first,5968,718803847026,718803847036,59.670045351
first,5969,718803955478,718803955489,59.680068027
first,5970,718804046860,718804046879,59.690045351
first,5971,718804147061,718804147081,59.700068027
first,5972,718804247190,718804247202,59.710068027
first,5973,718804346969,718804346980,59.720045351
first,5974,718804447383,718804447401,59.730068027
first,5975,718804546954,718804546966,59.740045351
first,5976,718804647205,718804647215,59.750068027
first,5977,718804747000,718804747010,59.760045351
first,5978,718804846984,718804846994,59.770045351
first,5979,718804947188,718804947199,59.780068027
first,5980,718805046977,718805046987,59.790045351
first,5981,718805155386,718805155396,59.800068027
first,5982,718805247041,718805247063,59.810045351
first,5983,718805347275,718805347285,59.820068027
first,5984,718805446984,718805446994,59.830045351
first,5985,718805546980,718805546990,59.840045351
first,5986,718805647197,718805647209,59.850068027
first,5987,718805747064,718805747075,59.860045351
first,5988,718805847211,718805847222,59.870068027
first,5989,718805948269,718805948289,59.880113379
first,5990,718806047290,718806047300,59.890068027
first,5991,718806147005,718806147014,59.900045351
first,5992,718806247031,718806247042,59.910045351
first,5993,718806355390,718806355400,59.920068027
first,5994,718806447043,718806447053,59.930045351
first,5995,718806547141,718806547152,59.940068027
first,5996,718806647097,718806647108,59.950045351
first,5997,718806747322,718806747333,59.960068027
first,5998,718806847017,718806847028,59.970045351
first,5999,718806947060,718806947089,59.980045351
first,6000,718807047166,718807047176,59.990068027
poll,0,718207023995,718207024002,0.000000000
poll,0,718207029917,718207029918,0.000000000
poll,0,718207034924,718207034936,0.000000000
poll,0,718207039945,718207039945,0.000000000
poll,0,718207044962,718207044963,0.000000000
poll,0,718207049977,718207049978,0.000000000
poll,0,718207054984,718207054985,0.000000000
poll,0,718207059992,718207059992,0.000000000
poll,0,718207064999,718207064999,0.000000000
poll,0,718207070013,718207070014,0.000000000
poll,0,718207075032,718207075032,0.000000000
poll,0,718207080049,718207080049,0.000000000
poll,0,718207085066,718207085066,0.000000000
poll,0,718207090079,718207090079,0.000000000
poll,0,718207095087,718207095088,0.000000000
poll,0,718207100096,718207100096,0.000000000
poll,0,718207105101,718207105102,0.000000000
poll,0,718207110119,718207110119,0.000000000
poll,10,718208046926,718208046927,0.090544218
poll,10,718208051930,718208051930,0.091043084
poll,10,718208056933,718208056933,0.091564626
poll,10,718208061941,718208061942,0.092063492
poll,10,718208066960,718208066961,0.092562358
poll,10,718208071962,718208071963,0.093061224
poll,10,718208076964,718208076965,0.093560091
poll,10,718208081974,718208081975,0.094058957
poll,10,718208086992,718208086993,0.094557823
poll,10,718208091998,718208091998,0.095056689
poll,10,718208097007,718208097008,0.095555556
poll,10,718208102010,718208102011,0.096054422
poll,10,718208107012,718208107012,0.096553288
poll,10,718208112014,718208112014,0.097052154
poll,10,718208117031,718208117032,0.097573696
poll,10,718208122041,718208122042,0.098072562
poll,10,718208127044,718208127045,0.098571429
poll,10,718208132060,718208132061,0.099070295
poll,20,718209047168,718209047169,0.190566893
poll,20,718209052173,718209052174,0.191065760
poll,20,718209057186,718209057187,0.191587302
poll,20,718209062203,718209062203,0.192086168
poll,20,718209067218,718209067219,0.192585034
poll,20,718209072233,718209072233,0.193083900
poll,20,718209077241,718209077242,0.193582766
poll,20,718209082260,718209082261,0.194081633
poll,20,718209087267,718209087268,0.194580499
poll,20,718209092282,718209092284,0.195079365
poll,20,718209097299,718209097300,0.195578231
poll,20,718209102312,718209102314,0.196099773
poll,20,718209107316,718209107317,0.196598639
poll,20,718209112318,718209112319,0.197097506
poll,20,718209117336,718209117337,0.197596372
poll,20,718209122340,718209122341,0.198095238
poll,20,718209127357,718209127358,0.198594104
poll,20,718209132373,718209132374,0.199092971
poll,30,718210047205,718210047206,0.290566893
poll,30,718210052216,718210052217,0.291065760
poll,30,718210057227,718210057228,0.291564626
poll,30,718210062238,718210062239,0.292086168
poll,30,718210067256,718210067257,0.292585034
poll,30,718210072272,718210072273,0.293083900
poll,30,718210077287,718210077288,0.293582766
poll,30,718210082294,718210082295,0.294081633
poll,30,718210087313,718210087314,0.294580499
poll,30,718210092324,718210092324,0.295079365
poll,30,718210097331,718210097331,0.295578231
poll,30,718210102366,718210102366,0.296099773
poll,30,718210107369,718210107369,0.296598639
poll,30,718210112387,718210112388,0.297097506
poll,30,718210117395,718210117396,0.297596372
poll,30,718210122399,718210122400,0.298095238
poll,30,718210127401,718210127401,0.298594104
poll,30,718210132418,718210132418,0.299092971
poll,40,718211047839,718211047853,0.390634921
poll,40,718211052878,718211052879,0.391133787
poll,40,718211057881,718211057881,0.391632653
poll,40,718211062886,718211062887,0.392131519
poll,40,718211067889,718211067890,0.392630385
poll,40,718211072904,718211072905,0.393129252
poll,40,718211077919,718211077919,0.393628118
poll,40,718211082932,718211082933,0.394126984
poll,40,718211087935,718211087936,0.394625850
poll,40,718211092948,718211092949,0.395124717
poll,40,718211097963,718211097963,0.395646259
poll,40,718211102978,718211102978,0.396145125
poll,40,718211107984,718211107985,0.396643991
poll,40,718211112988,718211112992,0.397142857
poll,40,718211117999,718211117999,0.397641723
poll,40,718211123000,718211123001,0.398140590
poll,40,718211128013,718211128014,0.398639456
poll,40,718211133029,718211133029,0.399138322
poll,50,718212047901,718212047902,0.490612245
poll,50,718212052919,718212052920,0.491111111
poll,50,718212057930,718212057934,0.491609977
poll,50,718212062954,718212062954,0.492131519
poll,50,718212067964,718212067965,0.492630385
poll,50,718212072974,718212072974,0.493129252
poll,50,718212077975,718212077975,0.493628118
poll,50,718212082979,718212082980,0.494126984
poll,50,718212087994,718212087995,0.494625850
poll,50,718212093010,718212093011,0.495124717
poll,50,718212098017,718212098018,0.495623583
poll,50,718212103029,718212103029,0.496122449
poll,50,718212108044,718212108045,0.496621315
poll,50,718212113058,718212113058,0.497142857
poll,50,718212118074,718212118074,0.497641723
poll,50,718212123084,718212123084,0.498140590
poll,50,718212128087,718212128088,0.498639456
poll,50,718212133100,718212133100,0.499138322
poll,60,718213047542,718213047543,0.590589569
poll,60,718213052548,718213052548,0.591088435
poll,60,718213057551,718213057551,0.591609977
poll,60,718213062560,718213062582,0.592108844
poll,60,718213067604,718213067605,0.592607710
poll,60,718213072618,718213072618,0.593106576
poll,60,718213077640,718213077664,0.593605442
poll,60,718213082698,718213082699,0.594104308
poll,60,718213087714,718213087715,0.594625850
poll,60,718213092717,718213092717,0.595124717
poll,60,718213097718,718213097719,0.595623583
poll,60,718213102735,718213102735,0.596122449
poll,60,718213107750,718213107750,0.596621315
poll,60,718213112767,718213112767,0.597120181
poll,60,718213117779,718213117779,0.597619048
poll,60,718213122794,718213122795,0.598117914
poll,60,718213127810,718213127810,0.598616780
poll,60,718213132811,718213132812,0.599115646
poll,70,718214047207,718214047209,0.690566893
poll,70,718214052219,718214052219,0.691065760
poll,70,718214057236,718214057237,0.691564626
poll,70,718214062349,718214062370,0.692086168
poll,70,718214067404,718214067405,0.692585034
poll,70,718214072423,718214072424,0.693083900
poll,70,718214077440,718214077440,0.693605442
poll,70,718214082442,718214082443,0.694104308
poll,70,718214087444,718214087445,0.694603175
poll,70,718214092462,718214092462,0.695102041
poll,70,718214097471,718214097472,0.695600907
poll,70,718214102473,718214102474,0.696099773
poll,70,718214107475,718214107479,0.696598639
poll,70,718214112502,718214112502,0.697097506
poll,70,718214117518,718214117519,0.697596372
poll,70,718214122536,718214122537,0.698095238
poll,70,718214127538,718214127539,0.698616780
poll,70,718214132540,718214132541,0.699115646
poll,80,718215046963,718215046964,0.790544218
poll,80,718215051981,718215051984,0.791043084
poll,80,718215057005,718215057006,0.791564626
poll,80,718215062015,718215062026,0.792063492
poll,80,718215067051,718215067052,0.792562358
poll,80,718215072070,718215072071,0.793061224
poll,80,718215077130,718215077131,0.793560091
poll,80,718215082149,718215082150,0.794058957
poll,80,718215087166,718215087166,0.794580499
poll,80,718215092182,718215092183,0.795079365
poll,80,718215097195,718215097196,0.795578231
poll,80,718215102197,718215102197,0.796077098
poll,80,718215107215,718215107216,0.796575964
poll,80,718215112217,718215112218,0.797074830
poll,80,718215117226,718215117227,0.797573696
poll,80,718215122227,718215122228,0.798072562
poll,80,718215127246,718215127246,0.798571429
poll,80,718215132263,718215132264,0.799070295
poll,90,718216047030,718216047031,0.890566893
poll,90,718216052051,718216052052,0.891065760
poll,90,718216057058,718216057059,0.891564626
poll,90,718216062072,718216062084,0.892086168
poll,90,718216067093,718216067093,0.892585034
poll,90,718216072095,718216072095,0.893083900
poll,90,718216077113,718216077114,0.893582766
poll,90,718216082117,718216082117,0.894081633
poll,90,718216087118,718216087119,0.894580499
poll,90,718216092134,718216092134,0.895079365
poll,90,718216097152,718216097153,0.895578231
poll,90,718216102154,718216102154,0.896077098
poll,90,718216107155,718216107156,0.896575964
poll,90,718216112174,718216112174,0.897097506
poll,90,718216117191,718216117192,0.897596372
poll,90,718216122192,718216122193,0.898095238
poll,90,718216127194,718216127195,0.898594104
poll,90,718216132204,718216132205,0.899092971
poll,100,718217047094,718217047105,0.990566893
poll,100,718217052239,718217052239,0.991088435
poll,100,718217057255,718217057256,0.991587302
poll,100,718217062272,718217062273,0.992086168
poll,100,718217067288,718217067289,0.992585034
poll,100,718217072300,718217072301,0.993083900
poll,100,718217077317,718217077317,0.993582766
poll,100,718217082331,718217082332,0.994081633
poll,100,718217087342,718217087346,0.994603175
poll,100,718217092369,718217092370,0.995102041
poll,100,718217097386,718217097386,0.995600907
poll,100,718217102404,718217102404,0.996099773
poll,100,718217107421,718217107421,0.996598639
poll,100,718217112427,718217112428,0.997097506
poll,100,718217117442,718217117442,0.997596372
poll,100,718217122456,718217122456,0.998095238
poll,100,718217127469,718217127469,0.998594104
poll,100,718217132487,718217132488,0.999115646
poll,110,718218047731,718218047735,1.090589569
poll,110,718218052744,718218052745,1.091088435
poll,110,718218057747,718218057748,1.091609977
poll,110,718218062766,718218062766,1.092108844
poll,110,718218067783,718218067784,1.092607710
poll,110,718218072799,718218072799,1.093106576
poll,110,718218077815,718218077815,1.093605442
poll,110,718218082824,718218082825,1.094104308
poll,110,718218087842,718218087842,1.094603175
poll,110,718218092859,718218092860,1.095102041
poll,110,718218097871,718218097871,1.095600907
poll,110,718218102889,718218102890,1.096122449
poll,110,718218107907,718218107908,1.096621315
poll,110,718218112926,718218112926,1.097120181
poll,110,718218117933,718218117934,1.097619048
poll,110,718218122951,718218122952,1.098117914
poll,110,718218127969,718218127970,1.098616780
poll,110,718218132987,718218132988,1.099115646
poll,120,718219048121,718219048141,1.190634921
poll,120,718219053171,718219053173,1.191133787
poll,120,718219058190,718219058191,1.191632653
poll,120,718219063198,718219063198,1.192154195
poll,120,718219068205,718219068206,1.192653061
poll,120,718219073222,718219073222,1.193151927
poll,120,718219078238,718219078239,1.193650794
poll,120,718219083253,718219083254,1.194149660
poll,120,718219088258,718219088259,1.194648526
poll,120,718219093274,718219093276,1.195147392
poll,120,718219098294,718219098295,1.195646259
poll,120,718219103306,718219103308,1.196145125
poll,120,718219108322,718219108322,1.196643991
poll,120,718219113337,718219113338,1.197165533
poll,120,718219118353,718219118354,1.197664399
poll,120,718219123356,718219123357,1.198163265
poll,120,718219128372,718219128372,1.198662132
poll,120,718219133387,718219133387,1.199160998
poll,130,718220047311,718220047313,1.290589569
poll,130,718220052329,718220052329,1.291088435
poll,130,718220057346,718220057347,1.291587302
poll,130,718220062371,718220062390,1.292086168
poll,130,718220067421,718220067423,1.292585034
poll,130,718220072442,718220072443,1.293083900
poll,130,718220077453,718220077453,1.293605442
poll,130,718220082470,718220082471,1.294104308
poll,130,718220087485,718220087486,1.294603175
poll,130,718220092489,718220092493,1.295102041
poll,130,718220097499,718220097500,1.295600907
poll,130,718220102501,718220102501,1.296099773
poll,130,718220107519,718220107520,1.296598639
poll,130,718220112538,718220112538,1.297097506
poll,130,718220117552,718220117553,1.297596372
poll,130,718220122556,718220122557,1.298095238
poll,130,718220127560,718220127560,1.298594104
poll,130,718220132563,718220132564,1.299115646
poll,140,718221047124,718221047136,1.390566893
poll,140,718221052162,718221052162,1.391065760
poll,140,718221057181,718221057181,1.391564626
poll,140,718221062185,718221062186,1.392063492
poll,140,718221067187,718221067188,1.392585034
poll,140,718221072292,718221072293,1.393083900
poll,140,718221077295,718221077295,1.393582766
poll,140,718221082300,718221082301,1.394081633
poll,140,718221087319,718221087319,1.394580499
poll,140,718221092334,718221092335,1.395079365
poll,140,718221097336,718221097337,1.395578231
poll,140,718221102340,718221102341,1.396099773
poll,140,718221107344,718221107344,1.396598639
poll,140,718221112347,718221112348,1.397097506
poll,140,718221117349,718221117350,1.397596372
poll,140,718221122365,718221122366,1.398095238
poll,140,718221127382,718221127383,1.398594104
poll,140,718221132399,718221132400,1.399092971
poll,150,718222048061,718222048062,1.490634921
poll,150,718222053079,718222053079,1.491133787
poll,150,718222058088,718222058089,1.491632653
poll,150,718222063103,718222063103,1.492131519
poll,150,718222068121,718222068121,1.492630385
poll,150,718222073133,718222073133,1.493129252
poll,150,718222078148,718222078148,1.493628118
poll,150,718222083163,718222083164,1.494149660
poll,150,718222088181,718222088181,1.494648526
poll,150,718222093189,718222093190,1.495147392
poll,150,718222098208,718222098209,1.495646259
poll,150,718222103221,718222103223,1.496145125
poll,150,718222108240,718222108241,1.496643991
poll,150,718222113263,718222113264,1.497142857
poll,150,718222118279,718222118280,1.497641723
poll,150,718222123298,718222123299,1.498163265
poll,150,718222128315,718222128316,1.498662132
poll,150,718222133329,718222133330,1.499160998
poll,160,718223047251,718223047252,1.590589569
poll,160,718223052262,718223052263,1.591088435
poll,160,718223057275,718223057276,1.591587302
poll,160,718223062294,718223062311,1.592086168
poll,160,718223067336,718223067337,1.592585034
poll,160,718223072340,718223072341,1.593106576
poll,160,718223077346,718223077347,1.593605442
poll,160,718223082350,718223082350,1.594104308
poll,160,718223087358,718223087358,1.594603175
poll,160,718223092361,718223092361,1.595102041
poll,160,718223097371,718223097372,1.595600907
poll,160,718223102385,718223102386,1.596099773
poll,160,718223107402,718223107402,1.596598639
poll,160,718223112411,718223112411,1.597097506
poll,160,718223117423,718223117424,1.597596372
poll,160,718223122436,718223122437,1.598095238
poll,160,718223127449,718223127450,1.598616780
poll,160,718223132458,718223132459,1.599115646
poll,170,718224046870,718224046871,1.690544218
poll,170,718224051882,718224051882,1.691065760
poll,170,718224056899,718224056900,1.691564626
poll,170,718224061915,718224061915,1.692063492
poll,170,718224066922,718224066923,1.692562358
poll,170,718224071935,718224071936,1.693061224
poll,170,718224076942,718224076942,1.693560091
poll,170,718224081957,718224081957,1.694058957
poll,170,718224086959,718224086959,1.694557823
poll,170,718224091972,718224091973,1.695056689
poll,170,718224096989,718224096989,1.695555556
poll,170,718224101993,718224101994,1.696077098
poll,170,718224106998,718224106999,1.696575964
poll,170,718224112012,718224112013,1.697074830
poll,170,718224117019,718224117020,1.697573696
poll,170,718224122027,718224122027,1.698072562
poll,170,718224127044,718224127045,1.698571429
poll,170,718224132056,718224132057,1.699070295
poll,180,718225046998,718225047000,1.790566893
poll,180,718225052016,718225052017,1.791065760
poll,180,718225057032,718225057032,1.791564626
poll,180,718225062039,718225062063,1.792063492
poll,180,718225067087,718225067088,1.792562358
poll,180,718225072101,718225072101,1.793061224
poll,180,718225077120,718225077121,1.793582766
poll,180,718225082152,718225082153,1.794081633
poll,180,718225087155,718225087156,1.794580499
poll,180,718225092160,718225092161,1.795079365
poll,180,718225097178,718225097179,1.795578231
poll,180,718225102196,718225102197,1.796077098
poll,180,718225107215,718225107216,1.796575964
poll,180,718225112219,718225112221,1.797074830
poll,180,718225117238,718225117238,1.797573696
poll,180,718225122240,718225122240,1.798072562
poll,180,718225127242,718225127243,1.798594104
poll,180,718225132258,718225132262,1.799092971
poll,190,718226047314,718226047315,1.890566893
poll,190,718226052327,718226052328,1.891065760
poll,190,718226057338,718226057339,1.891564626
poll,190,718226062343,718226062344,1.892063492
poll,190,718226067360,718226067361,1.892585034
poll,190,718226072371,718226072372,1.893083900
poll,190,718226077380,718226077380,1.893582766
poll,190,718226082396,718226082397,1.894081633
poll,190,718226087404,718226087405,1.894580499
poll,190,718226092419,718226092419,1.895079365
poll,190,718226097430,718226097430,1.895578231
poll,190,718226102446,718226102446,1.896077098
poll,190,718226107450,718226107451,1.896575964
poll,190,718226112464,718226112465,1.897074830
poll,190,718226117483,718226117484,1.897596372
poll,190,718226122499,718226122500,1.898095238
poll,190,718226127507,718226127508,1.898594104
poll,190,718226132525,718226132526,1.899092971
poll,200,718227047136,718227047137,1.990566893
poll,200,718227052142,718227052143,1.991065760
poll,200,718227057152,718227057153,1.991564626
poll,200,718227062160,718227062172,1.992063492
poll,200,718227067195,718227067196,1.992562358
poll,200,718227072208,718227072208,1.993061224
poll,200,718227077221,718227077222,1.993560091
poll,200,718227082224,718227082224,1.994058957
poll,200,718227087235,718227087236,1.994557823
poll,200,718227092247,718227092247,1.995056689
poll,200,718227097262,718227097263,1.995578231
poll,200,718227102266,718227102267,1.996077098
poll,200,718227107279,718227107280,1.996575964
poll,200,718227112282,718227112282,1.997074830
poll,200,718227117300,718227117300,1.997573696
poll,200,718227122302,718227122302,1.998072562
poll,200,718227127312,718227127313,1.998571429
poll,200,718227132321,718227132322,1.999070295
poll,210,718228047300,718228047302,2.090566893
poll,210,718228052305,718228052306,2.091065760
poll,210,718228057324,718228057324,2.091587302
poll,210,718228062334,718228062335,2.092086168
poll,210,718228067345,718228067345,2.092585034
poll,210,718228072355,718228072355,2.093083900
poll,210,718228077365,718228077366,2.093582766
poll,210,718228082381,718228082382,2.094081633
poll,210,718228087389,718228087390,2.094580499
poll,210,718228092401,718228092401,2.095079365
poll,210,718228097415,718228097416,2.095578231
poll,210,718228102427,718228102428,2.096077098
poll,210,718228107440,718228107441,2.096598639
poll,210,718228112450,718228112451,2.097097506
poll,210,718228117466,718228117471,2.097596372
poll,210,718228122488,718228122488,2.098095238
poll,210,718228127499,718228127500,2.098594104
poll,210,718228132511,718228132512,2.099092971
poll,220,718229047337,718229047349,2.190589569
poll,220,718229052463,718229052464,2.191111111
poll,220,718229057469,718229057470,2.191609977
poll,220,718229062486,718229062490,2.192108844
poll,220,718229067512,718229067513,2.192607710
poll,220,718229072525,718229072526,2.193106576
poll,220,718229077540,718229077540,2.193605442
poll,220,718229082551,718229082551,2.194104308
poll,220,718229087565,718229087566,2.194625850
poll,220,718229092583,718229092584,2.195124717
poll,220,718229097593,718229097594,2.195623583
poll,220,718229102612,718229102612,2.196122449
poll,220,718229107616,718229107616,2.196621315
poll,220,718229112626,718229112627,2.197120181
poll,220,718229117629,718229117629,2.197619048
poll,220,718229122630,718229122631,2.198117914
poll,220,718229127649,718229127650,2.198616780
poll,220,718229132662,718229132662,2.199115646
poll,230,718230047149,718230047151,2.290566893
poll,230,718230052174,718230052174,2.291065760
poll,230,718230057186,718230057186,2.291564626
poll,230,718230062197,718230062197,2.292063492
poll,230,718230067211,718230067211,2.292585034
poll,230,718230072225,718230072225,2.293083900
poll,230,718230077229,718230077229,2.293582766
poll,230,718230082235,718230082236,2.294081633
poll,230,718230087249,718230087250,2.294580499
poll,230,718230092255,718230092255,2.295079365
poll,230,718230097271,718230097272,2.295578231
poll,230,718230102285,718230102285,2.296077098
poll,230,718230107301,718230107301,2.296575964
poll,230,718230112312,718230112313,2.297074830
poll,230,718230117317,718230117317,2.297573696
poll,230,718230122330,718230122331,2.298095238
poll,230,718230127347,718230127347,2.298594104
poll,230,718230132350,718230132351,2.299092971
poll,240,718231047013,718231047014,2.390566893
poll,240,718231052022,718231052023,2.391065760
poll,240,718231057033,718231057034,2.391564626
poll,240,718231062048,718231062049,2.392063492
poll,240,718231067064,718231067064,2.392562358
poll,240,718231072077,718231072077,2.393061224
poll,240,718231077090,718231077090,2.393560091
poll,240,718231082095,718231082096,2.394058957
poll,240,718231087114,718231087114,2.394557823
poll,240,718231092120,718231092120,2.395056689
poll,240,718231097126,718231097127,2.395578231
poll,240,718231102142,718231102143,2.396077098
poll,240,718231107146,718231107147,2.396575964
poll,240,718231112150,718231112151,2.397074830
poll,240,718231117158,718231117159,2.397573696
poll,240,718231122163,718231122164,2.398072562
poll,240,718231127175,718231127176,2.398571429
poll,240,718231132178,718231132181,2.399070295
poll,250,718232047235,718232047236,2.490566893
poll,250,718232052244,718232052244,2.491065760
poll,250,718232057260,718232057261,2.491587302
poll,250,718232062265,718232062266,2.492086168
poll,250,718232067290,718232067290,2.492585034
poll,250,718232072303,718232072304,2.493083900
poll,250,718232077316,718232077320,2.493582766
poll,250,718232082332,718232082333,2.494081633
poll,250,718232087342,718232087343,2.494580499
poll,250,718232092350,718232092350,2.495079365
poll,250,718232097357,718232097358,2.495578231
poll,250,718232102373,718232102373,2.496099773
poll,250,718232107392,718232107393,2.496598639
poll,250,718232112407,718232112407,2.497097506
poll,250,718232117425,718232117425,2.497596372
poll,250,718232122440,718232122440,2.498095238
poll,250,718232127455,718232127455,2.498594104
poll,250,718232132472,718232132473,2.499092971
poll,260,718233047155,718233047157,2.590566893
poll,260,718233052163,718233052163,2.591065760
poll,260,718233057169,718233057170,2.591564626
poll,260,718233062176,718233062187,2.592063492
poll,260,718233067207,718233067208,2.592562358
poll,260,718233072223,718233072223,2.593083900
poll,260,718233077235,718233077235,2.593582766
poll,260,718233082250,718233082250,2.594081633
poll,260,718233087264,718233087264,2.594580499
poll,260,718233092272,718233092272,2.595079365
poll,260,718233097279,718233097280,2.595578231
poll,260,718233102296,718233102297,2.596077098
poll,260,718233107312,718233107313,2.596575964
poll,260,718233112320,718233112321,2.597074830
poll,260,718233117327,718233117327,2.597596372
poll,260,718233122342,718233122343,2.598095238
poll,260,718233127352,718233127352,2.598594104
poll,260,718233132364,718233132365,2.599092971
poll,270,718234047467,718234047468,2.690566893
poll,270,718234052484,718234052485,2.691088435
poll,270,718234057487,718234057488,2.691587302
poll,270,718234062498,718234062511,2.692086168
poll,270,718234067528,718234067529,2.692585034
poll,270,718234072535,718234072536,2.693083900
poll,270,718234077555,718234077556,2.693582766
poll,270,718234082559,718234082560,2.694081633
poll,270,718234087580,718234087581,2.694580499
poll,270,718234092584,718234092585,2.695079365
poll,270,718234097602,718234097602,2.695600907
poll,270,718234102607,718234102608,2.696099773
poll,270,718234107623,718234107624,2.696598639
poll,270,718234112632,718234112633,2.697097506
poll,270,718234117641,718234117642,2.697596372
poll,270,718234122655,718234122656,2.698095238
poll,270,718234127663,718234127664,2.698594104
poll,270,718234132678,718234132679,2.699092971
poll,280,718235047402,718235047403,2.790589569
poll,280,718235052410,718235052411,2.791088435
poll,280,718235057416,718235057417,2.791587302
poll,280,718235062421,718235062421,2.792086168
poll,280,718235067439,718235067440,2.792585034
poll,280,718235072457,718235072457,2.793083900
poll,280,718235077475,718235077475,2.793582766
poll,280,718235082481,718235082482,2.794104308
poll,280,718235087499,718235087499,2.794603175
poll,280,718235092648,718235092653,2.795102041
poll,280,718235097669,718235097670,2.795623583
poll,280,718235102687,718235102688,2.796122449
poll,280,718235107706,718235107708,2.796621315
poll,280,718235112714,718235112774,2.797120181
poll,280,718235117824,718235117825,2.797619048
poll,280,718235122842,718235122843,2.798140590
poll,280,718235127853,718235127854,2.798639456
poll,280,718235132870,718235132871,2.799138322
poll,290,718236047344,718236047346,2.890589569
poll,290,718236052354,718236052355,2.891088435
poll,290,718236057370,718236057370,2.891587302
poll,290,718236062376,718236062390,2.892086168
poll,290,718236067414,718236067416,2.892585034
poll,290,718236072424,718236072424,2.893083900
poll,290,718236077439,718236077440,2.893582766
poll,290,718236082442,718236082443,2.894104308
poll,290,718236087456,718236087457,2.894603175
poll,290,718236092472,718236092473,2.895102041
poll,290,718236097480,718236097480,2.895600907
poll,290,718236102493,718236102493,2.896099773
poll,290,718236107505,718236107506,2.896598639
poll,290,718236112517,718236112518,2.897097506
poll,290,718236117526,718236117527,2.897596372
poll,290,718236122545,718236122545,2.898095238
poll,290,718236127562,718236127562,2.898594104
poll,290,718236132564,718236132565,2.899115646
poll,300,718237047379,718237047379,2.990566893
poll,300,718237052401,718237052401,2.991065760
poll,300,718237057412,718237057413,2.991587302
poll,300,718237062428,718237062441,2.992086168
poll,300,718237067450,718237067451,2.992585034
poll,300,718237072460,718237072460,2.993083900
poll,300,718237077467,718237077479,2.993582766
poll,300,718237082495,718237082496,2.994081633
poll,300,718237087509,718237087510,2.994580499
poll,300,718237092528,718237092529,2.995079365
poll,300,718237097534,718237097535,2.995578231
poll,300,718237102546,718237102546,2.996099773
poll,300,718237107553,718237107554,2.996598639
poll,300,718237112557,718237112558,2.997097506
poll,300,718237117574,718237117575,2.997596372
poll,300,718237122578,718237122578,2.998095238
poll,300,718237127592,718237127592,2.998594104
poll,300,718237132608,718237132608,2.999092971
poll,310,718238047108,718238047109,3.090566893
poll,310,718238052121,718238052122,3.091065760
poll,310,718238057133,718238057133,3.091564626
poll,310,718238062135,718238062147,3.092063492
poll,310,718238067163,718238067164,3.092562358
poll,310,718238072175,718238072176,3.093061224
poll,310,718238077181,718238077182,3.093560091
poll,310,718238082193,718238082193,3.094081633
poll,310,718238087199,718238087199,3.094580499
poll,310,718238092216,718238092220,3.095079365
poll,310,718238097228,718238097240,3.095578231
poll,310,718238102263,718238102264,3.096077098
poll,310,718238107278,718238107278,3.096575964
poll,310,718238112289,718238112290,3.097074830
poll,310,718238117292,718238117292,3.097573696
poll,310,718238122306,718238122307,3.098072562
poll,310,718238127324,718238127325,3.098594104
poll,310,718238132331,718238132332,3.099092971
poll,320,718239047984,718239047985,3.190612245
poll,320,718239053004,718239053004,3.191111111
poll,320,718239058018,718239058018,3.191632653
poll,320,718239063027,718239063027,3.192131519
poll,320,718239068042,718239068043,3.192630385
poll,320,718239073048,718239073049,3.193129252
poll,320,718239078050,718239078051,3.193628118
poll,320,718239083053,718239083053,3.194126984
poll,320,718239088066,718239088068,3.194625850
poll,320,718239093075,718239093076,3.195124717
poll,320,718239098091,718239098092,3.195623583
poll,320,718239103096,718239103096,3.196122449
poll,320,718239108099,718239108100,3.196621315
poll,320,718239113103,718239113104,3.197120181
poll,320,718239118115,718239118115,3.197641723
poll,320,718239123119,718239123120,3.198140590
poll,320,718239128122,718239128123,3.198639456
poll,320,718239133126,718239133126,3.199138322
poll,330,718240047694,718240047696,3.290589569
poll,330,718240052715,718240052715,3.291088435
poll,330,718240057729,718240057729,3.291587302
poll,330,718240062741,718240062742,3.292108844
poll,330,718240067755,718240067756,3.292607710
poll,330,718240072762,718240072762,3.293106576
poll,330,718240077779,718240077780,3.293605442
poll,330,718240082794,718240082795,3.294104308
poll,330,718240087805,718240087805,3.294603175
poll,330,718240092808,718240092809,3.295102041
poll,330,718240097810,718240097810,3.295600907
poll,330,718240102821,718240102821,3.296099773
poll,330,718240107836,718240107837,3.296598639
poll,330,718240112851,718240112852,3.297120181
poll,330,718240117866,718240117866,3.297619048
poll,330,718240122869,718240122870,3.298117914
poll,330,718240127881,718240127882,3.298616780
poll,330,718240132886,718240132887,3.299115646
poll,340,718241047488,718241047488,3.390589569
poll,340,718241052505,718241052506,3.391088435
poll,340,718241057515,718241057516,3.391587302
poll,340,718241062533,718241062534,3.392086168
poll,340,718241067546,718241067546,3.392585034
poll,340,718241072556,718241072557,3.393083900
poll,340,718241077566,718241077566,3.393582766
poll,340,718241082583,718241082584,3.394104308
poll,340,718241087600,718241087601,3.394603175
poll,340,718241092616,718241092617,3.395102041
poll,340,718241097633,718241097633,3.395600907
poll,340,718241102647,718241102647,3.396099773
poll,340,718241107665,718241107665,3.396598639
poll,340,718241112682,718241112683,3.397097506
poll,340,718241117697,718241117699,3.397596372
poll,340,718241122704,718241122705,3.398095238
poll,340,718241127710,718241127711,3.398616780
poll,340,718241132716,718241132716,3.399115646
poll,350,718242047425,718242047436,3.490589569
poll,350,718242052458,718242052458,3.491088435
poll,350,718242057470,718242057470,3.491587302
poll,350,718242063170,718242063171,3.492176871
poll,350,718242068175,718242068175,3.492675737
poll,350,718242073185,718242073185,3.493174603
poll,350,718242078197,718242078198,3.493673469
poll,350,718242083210,718242083210,3.494172336
poll,350,718242088211,718242088212,3.494671202
poll,350,718242093223,718242093224,3.495170068
poll,350,718242098234,718242098234,3.495668934
poll,350,718242103250,718242103251,3.496167800
poll,350,718242108252,718242108253,3.496666667
poll,350,718242113263,718242113264,3.497165533
poll,350,718242118273,718242118274,3.497687075
poll,350,718242123292,718242123303,3.498185941
poll,350,718242128320,718242128321,3.498684807
poll,350,718242133328,718242133329,3.499183673
poll,360,718243047020,718243047021,3.590544218
poll,360,718243052028,718243052029,3.591065760
poll,360,718243057034,718243057034,3.591564626
poll,360,718243062051,718243062062,3.592063492
poll,360,718243067076,718243067077,3.592562358
poll,360,718243072082,718243072083,3.593061224
poll,360,718243077097,718243077097,3.593560091
poll,360,718243082102,718243082103,3.594058957
poll,360,718243087108,718243087109,3.594557823
poll,360,718243092115,718243092116,3.595056689
poll,360,718243097124,718243097124,3.595555556
poll,360,718243102129,718243102130,3.596077098
poll,360,718243107136,718243107136,3.596575964
poll,360,718243112141,718243112141,3.597074830
poll,360,718243117157,718243117157,3.597573696
poll,360,718243122175,718243122176,3.598072562
poll,360,718243127181,718243127182,3.598571429
poll,360,718243132190,718243132191,3.599070295
poll,370,718244046915,718244046916,3.690544218
poll,370,718244051925,718244051926,3.691043084
poll,370,718244056932,718244056932,3.691541950
poll,370,718244061945,718244061945,3.692040816
poll,370,718244066959,718244066960,3.692539683
poll,370,718244071966,718244071966,3.693038549
poll,370,718244076972,718244076972,3.693560091
poll,370,718244081983,718244081994,3.694058957
poll,370,718244087004,718244087005,3.694557823
poll,370,718244092016,718244092017,3.695056689
poll,370,718244097025,718244097026,3.695555556
poll,370,718244102029,718244102029,3.696054422
poll,370,718244107042,718244107042,3.696553288
poll,370,718244112048,718244112048,3.697052154
poll,370,718244117062,718244117063,3.697551020
poll,370,718244122070,718244122071,3.698049887
poll,370,718244127085,718244127086,3.698571429
poll,370,718244132090,718244132091,3.699070295
poll,380,718245047191,718245047192,3.790566893
poll,380,718245052206,718245052206,3.791065760
poll,380,718245057218,718245057219,3.791564626
poll,380,718245062223,718245062224,3.792063492
poll,380,718245067236,718245067236,3.792585034
poll,380,718245072240,718245072241,3.793083900
poll,380,718245077258,718245077258,3.793582766
poll,380,718245082271,718245082272,3.794081633
poll,380,718245087282,718245087282,3.794580499
poll,380,718245092293,718245092294,3.795079365
poll,380,718245097296,718245097297,3.795578231
poll,380,718245102308,718245102309,3.796077098
poll,380,718245107319,718245107320,3.796575964
poll,380,718245112330,718245112331,3.797074830
poll,380,718245117345,718245117356,3.797596372
poll,380,718245122376,718245122377,3.798095238
poll,380,718245127389,718245127389,3.798594104
poll,380,718245132401,718245132401,3.799092971
poll,390,718246047226,718246047227,3.890566893
poll,390,718246052243,718246052244,3.891065760
poll,390,718246057258,718246057258,3.891564626
poll,390,718246062262,718246062275,3.892063492
poll,390,718246067295,718246067296,3.892585034
poll,390,718246072311,718246072311,3.893083900
poll,390,718246077326,718246077326,3.893582766
poll,390,718246082341,718246082342,3.894081633
poll,390,718246087357,718246087357,3.894580499
poll,390,718246092363,718246092367,3.895079365
poll,390,718246097376,718246097387,3.895578231
poll,390,718246102410,718246102411,3.896077098
poll,390,718246107427,718246107427,3.896598639
poll,390,718246112440,718246112440,3.897097506
poll,390,718246117446,718246117447,3.897596372
poll,390,718246122464,718246122465,3.898095238
poll,390,718246127473,718246127474,3.898594104
poll,390,718246132481,718246132481,3.899092971
poll,400,718247047911,718247047922,3.990589569
poll,400,718247052952,718247052953,3.991088435
poll,400,718247057956,718247057957,3.991587302
poll,400,718247062962,718247062962,3.992086168
poll,400,718247067968,718247067968,3.992607710
poll,400,718247072981,718247072982,3.993106576
poll,400,718247078000,718247078001,3.993605442
poll,400,718247083002,718247083002,3.994104308
poll,400,718247088006,718247088006,3.994603175
poll,400,718247093018,718247093019,3.995102041
poll,400,718247098029,718247098030,3.995600907
poll,400,718247103041,718247103042,3.996099773
poll,400,718247108059,718247108059,3.996598639
poll,400,718247113062,718247113062,3.997097506
poll,400,718247118063,718247118066,3.997596372
poll,400,718247123068,718247123068,3.998117914
poll,400,718247128078,718247128078,3.998616780
poll,400,718247133089,718247133090,3.999115646
poll,410,718248048302,718248048305,4.090634921
poll,410,718248053314,718248053315,4.091133787
poll,410,718248058333,718248058334,4.091632653
poll,410,718248063362,718248063363,4.092131519
poll,410,718248068380,718248068380,4.092630385
poll,410,718248073383,718248073384,4.093129252
poll,410,718248078386,718248078386,4.093628118
poll,410,718248083400,718248083401,4.094149660
poll,410,718248088420,718248088420,4.094648526
poll,410,718248093424,718248093424,4.095147392
poll,410,718248098436,718248098437,4.095646259
poll,410,718248103445,718248103446,4.096145125
poll,410,718248108459,718248108460,4.096643991
poll,410,718248113470,718248113470,4.097142857
poll,410,718248118479,718248118480,4.097641723
poll,410,718248123504,718248123504,4.098140590
poll,410,718248128517,718248128517,4.098662132
poll,410,718248133532,718248133532,4.099160998
poll,420,718249047651,718249047652,4.190589569
poll,420,718249052668,718249052669,4.191088435
poll,420,718249057684,718249057684,4.191587302
poll,420,718249062691,718249062705,4.192086168
poll,420,718249067731,718249067732,4.192607710
poll,420,718249072741,718249072742,4.193106576
poll,420,718249077747,718249077748,4.193605442
poll,420,718249082766,718249082766,4.194104308
poll,420,718249087779,718249087781,4.194603175
poll,420,718249092783,718249092784,4.195102041
poll,420,718249097788,718249097789,4.195600907
poll,420,718249102807,718249102812,4.196099773
poll,420,718249107832,718249107833,4.196598639
poll,420,718249112840,718249112841,4.197120181
poll,420,718249117846,718249117847,4.197619048
poll,420,718249122850,718249122850,4.198117914
poll,420,718249127854,718249127854,4.198616780
poll,420,718249132869,718249132870,4.199115646
poll,430,718250047497,718250047498,4.290589569
poll,430,718250052511,718250052512,4.291088435
poll,430,718250057518,718250057519,4.291587302
poll,430,718250062524,718250062538,4.292086168
poll,430,718250067560,718250067561,4.292585034
poll,430,718250072563,718250072564,4.293083900
poll,430,718250077569,718250077569,4.293582766
poll,430,718250082577,718250082578,4.294081633
poll,430,718250087588,718250087588,4.294580499
poll,430,718250092589,718250092590,4.295079365
poll,430,718250097592,718250097593,4.295578231
poll,430,718250102597,718250102597,4.296099773
poll,430,718250107602,718250107603,4.296598639
poll,430,718250112609,718250112610,4.297097506
poll,430,718250117619,718250117619,4.297596372
poll,430,718250122633,718250122634,4.298095238
poll,430,718250127643,718250127644,4.298594104
poll,430,718250132646,718250132646,4.299092971
poll,440,718251047293,718251047305,4.390566893
poll,440,718251052330,718251052330,4.391065760
poll,440,718251057357,718251057357,4.391564626
poll,440,718251062375,718251062375,4.392063492
poll,440,718251067390,718251067391,4.392562358
poll,440,718251072396,718251072397,4.393061224
poll,440,718251077402,718251077403,4.393582766
poll,440,718251082430,718251082431,4.394081633
poll,440,718251087433,718251087434,4.394580499
poll,440,718251092435,718251092436,4.395079365
poll,440,718251097460,718251097461,4.395578231
poll,440,718251102480,718251102481,4.396077098
poll,440,718251107483,718251107485,4.396575964
poll,440,718251112493,718251112494,4.397074830
poll,440,718251117495,718251117496,4.397573696
poll,440,718251122503,718251122503,4.398072562
poll,440,718251127518,718251127518,4.398594104
poll,440,718251132534,718251132538,4.399092971
poll,450,718252047307,718252047308,4.490566893
poll,450,718252052314,718252052314,4.491065760
poll,450,718252057316,718252057317,4.491564626
poll,450,718252062331,718252062331,4.492086168
poll,450,718252067336,718252067336,4.492585034
poll,450,718252072352,718252072352,4.493083900
poll,450,718252077366,718252077367,4.493582766
poll,450,718252082382,718252082383,4.494081633
poll,450,718252087398,718252087399,4.494580499
poll,450,718252092405,718252092405,4.495079365
poll,450,718252097408,718252097408,4.495578231
poll,450,718252102416,718252102416,4.496077098
poll,450,718252107423,718252107423,4.496575964
poll,450,718252112425,718252112426,4.497074830
poll,450,718252117434,718252117434,4.497596372
poll,450,718252122435,718252122436,4.498095238
poll,450,718252127442,718252127442,4.498594104
poll,450,718252132458,718252132459,4.499092971
poll,460,718253047313,718253047324,4.590566893
poll,460,718253052352,718253052352,4.591065760
poll,460,718253057365,718253057366,4.591564626
poll,460,718253062377,718253062377,4.592063492
poll,460,718253067378,718253067379,4.592585034
poll,460,718253072397,718253072398,4.593083900
poll,460,718253077415,718253077415,4.593582766
poll,460,718253082433,718253082434,4.594081633
poll,460,718253087437,718253087448,4.594580499
poll,460,718253092467,718253092467,4.595079365
poll,460,718253097479,718253097480,4.595578231
poll,460,718253102494,718253102495,4.596077098
poll,460,718253107507,718253107508,4.596575964
poll,460,718253112518,718253112519,4.597097506
poll,460,718253117528,718253117528,4.597596372
poll,460,718253122545,718253122546,4.598095238
poll,460,718253127558,718253127558,4.598594104
poll,460,718253132575,718253132576,4.599092971
poll,470,718254047443,718254047446,4.690566893
poll,470,718254052463,718254052464,4.691065760
poll,470,718254057475,718254057475,4.691564626
poll,470,718254062487,718254062506,4.692063492
poll,470,718254067528,718254067529,4.692562358
poll,470,718254072531,718254072531,4.693061224
poll,470,718254077548,718254077548,4.693582766
poll,470,718254082551,718254082552,4.694081633
poll,470,718254087570,718254087570,4.694580499
poll,470,718254092581,718254092582,4.695079365
poll,470,718254097585,718254097586,4.695578231
poll,470,718254102596,718254102597,4.696077098
poll,470,718254107608,718254107608,4.696575964
poll,470,718254112619,718254112620,4.697074830
poll,470,718254117622,718254117622,4.697573696
poll,470,718254122634,718254122635,4.698072562
poll,470,718254127647,718254127648,4.698594104
poll,470,718254132666,718254132667,4.699092971
poll,480,718255047454,718255047455,4.790589569
poll,480,718255052465,718255052466,4.791088435
poll,480,718255057481,718255057482,4.791587302
poll,480,718255062493,718255062493,4.792086168
poll,480,718255067507,718255067508,4.792585034
poll,480,718255072516,718255072517,4.793083900
poll,480,718255077524,718255077525,4.793582766
poll,480,718255082528,718255082532,4.794081633
poll,480,718255087551,718255087552,4.794580499
poll,480,718255092568,718255092568,4.795102041
poll,480,718255097584,718255097585,4.795600907
poll,480,718255102600,718255102601,4.796099773
poll,480,718255107618,718255107618,4.796598639
poll,480,718255112637,718255112637,4.797097506
poll,480,718255117640,718255117641,4.797596372
poll,480,718255122648,718255122649,4.798095238
poll,480,718255127654,718255127654,4.798594104
poll,480,718255132667,718255132667,4.799092971
poll,490,718256047380,718256047381,4.890566893
poll,490,718256052397,718256052398,4.891065760
poll,490,718256057402,718256057403,4.891564626
poll,490,718256062421,718256062421,4.892063492
poll,490,718256067426,718256067426,4.892562358
poll,490,718256072442,718256072444,4.893061224
poll,490,718256077460,718256077461,4.893582766
poll,490,718256082465,718256082465,4.894081633
poll,490,718256087479,718256087480,4.894580499
poll,490,718256092483,718256092484,4.895079365
poll,490,718256097498,718256097499,4.895578231
poll,490,718256102512,718256102512,4.896077098
poll,490,718256107515,718256107516,4.896575964
poll,490,718256112529,718256112530,4.897074830
poll,490,718256117538,718256117538,4.897573696
poll,490,718256122556,718256122556,4.898072562
poll,490,718256127560,718256127561,4.898571429
poll,490,718256132573,718256132575,4.899092971
poll,500,718257047143,718257047145,4.990544218
poll,500,718257052187,718257052188,4.991065760
poll,500,718257057206,718257057206,4.991564626
poll,500,718257062207,718257062219,4.992063492
poll,500,718257067241,718257067242,4.992562358
poll,500,718257072255,718257072256,4.993061224
poll,500,718257077274,718257077275,4.993560091
poll,500,718257082291,718257082292,4.994058957
poll,500,718257087309,718257087309,4.994557823
poll,500,718257092326,718257092326,4.995079365
poll,500,718257097339,718257097339,4.995578231
poll,500,718257102341,718257102341,4.996077098
poll,500,718257107356,718257107357,4.996575964
poll,500,718257112373,718257112374,4.997074830
poll,500,718257117375,718257117376,4.997573696
poll,500,718257122382,718257122386,4.998072562
poll,500,718257127392,718257127393,4.998571429
poll,500,718257132409,718257132409,4.999070295
poll,510,718258047425,718258047426,5.090566893
poll,510,718258052439,718258052439,5.091065760
poll,510,718258057450,718258057451,5.091587302
poll,510,718258062461,718258062472,5.092086168
poll,510,718258067491,718258067495,5.092585034
poll,510,718258072512,718258072513,5.093083900
poll,510,718258077522,718258077522,5.093582766
poll,510,718258082541,718258082545,5.094081633
poll,510,718258087566,718258087567,5.094580499
poll,510,718258092583,718258092584,5.095079365
poll,510,718258097593,718258097594,5.095600907
poll,510,718258102600,718258102600,5.096099773
poll,510,718258107604,718258107604,5.096598639
poll,510,718258112622,718258112622,5.097097506
poll,510,718258117631,718258117632,5.097596372
poll,510,718258122646,718258122646,5.098095238
poll,510,718258127661,718258127661,5.098594104
poll,510,718258132674,718258132674,5.099092971
poll,520,718259047607,718259047608,5.190566893
poll,520,718259052624,718259052624,5.191065760
poll,520,718259057640,718259057641,5.191564626
poll,520,718259062642,718259062643,5.192063492
poll,520,718259067645,718259067646,5.192562358
poll,520,718259072661,718259072662,5.193083900
poll,520,718259077674,718259077674,5.193582766
poll,520,718259082685,718259082695,5.194081633
poll,520,718259087714,718259087715,5.194580499
poll,520,718259092734,718259092735,5.195079365
poll,520,718259097746,718259097748,5.195578231
poll,520,718259102759,718259102759,5.196077098
poll,520,718259107771,718259107771,5.196575964
poll,520,718259112781,718259112781,5.197074830
poll,520,718259117794,718259117795,5.197596372
poll,520,718259122802,718259122803,5.198095238
poll,520,718259127810,718259127810,5.198594104
poll,520,718259132821,718259132822,5.199092971
poll,530,718260047693,718260047705,5.290589569
poll,530,718260052723,718260052724,5.291088435
poll,530,718260057741,718260057742,5.291587302
poll,530,718260062759,718260062759,5.292086168
poll,530,718260067773,718260067774,5.292585034
poll,530,718260072790,718260072790,5.293083900
poll,530,718260077793,718260077794,5.293582766
poll,530,718260082796,718260082797,5.294081633
poll,530,718260087807,718260087808,5.294603175
poll,530,718260092822,718260092822,5.295102041
poll,530,718260097834,718260097835,5.295600907
poll,530,718260102838,718260102839,5.296099773
poll,530,718260107848,718260107848,5.296598639
poll,530,718260112855,718260112856,5.297097506
poll,530,718260117863,718260117863,5.297596372
poll,530,718260122873,718260122873,5.298095238
poll,530,718260127881,718260127881,5.298594104
poll,530,718260132899,718260132903,5.299092971
poll,540,718261047267,718261047268,5.390544218
poll,540,718261052283,718261052284,5.391043084
poll,540,718261057293,718261057293,5.391541950
poll,540,718261062304,718261062305,5.392040816
poll,540,718261067316,718261067317,5.392562358
poll,540,718261072330,718261072330,5.393061224
poll,540,718261077347,718261077348,5.393560091
poll,540,718261082362,718261082366,5.394058957
poll,540,718261087382,718261087383,5.394557823
poll,540,718261092384,718261092385,5.395056689
poll,540,718261097386,718261097387,5.395555556
poll,540,718261102393,718261102394,5.396054422
poll,540,718261107406,718261107406,5.396553288
poll,540,718261112413,718261112413,5.397052154
poll,540,718261117428,718261117428,5.397573696
poll,540,718261122429,718261122430,5.398072562
poll,540,718261127432,718261127433,5.398571429
poll,540,718261132436,718261132436,5.399070295
poll,550,718262047409,718262047410,5.490566893
poll,550,718262052426,718262052427,5.491065760
poll,550,718262057435,718262057436,5.491564626
poll,550,718262062438,718262062439,5.492063492
poll,550,718262067455,718262067456,5.492562358
poll,550,718262072471,718262072471,5.493061224
poll,550,718262077486,718262077486,5.493582766
poll,550,718262082489,718262082490,5.494081633
poll,550,718262087499,718262087500,5.494580499
poll,550,718262092516,718262092517,5.495079365
poll,550,718262097526,718262097527,5.495578231
poll,550,718262102535,718262102536,5.496077098
poll,550,718262107547,718262107548,5.496575964
poll,550,718262112558,718262112559,5.497074830
poll,550,718262117571,718262117572,5.497573696
poll,550,718262122589,718262122589,5.498072562
poll,550,718262127597,718262127597,5.498594104
poll,550,718262132613,718262132613,5.499092971
poll,560,718263047358,718263047360,5.590544218
poll,560,718263052377,718263052377,5.591043084
poll,560,718263057390,718263057390,5.591564626
poll,560,718263062398,718263062399,5.592063492
poll,560,718263067411,718263067412,5.592562358
poll,560,718263072425,718263072426,5.593061224
poll,560,718263077429,718263077430,5.593560091
poll,560,718263082437,718263082438,5.594058957
poll,560,718263087440,718263087441,5.594557823
poll,560,718263092457,718263092458,5.595056689
poll,560,718263097460,718263097461,5.595555556
poll,560,718263102476,718263102477,5.596054422
poll,560,718263107494,718263107494,5.596553288
poll,560,718263112512,718263112512,5.597074830
poll,560,718263117516,718263117517,5.597573696
poll,560,718263122533,718263122534,5.598072562
poll,560,718263127549,718263127550,5.598571429
poll,560,718263132824,718263132825,5.599092971
poll,570,718264047098,718264047099,5.690544218
poll,570,718264052115,718264052115,5.691043084
poll,570,718264057128,718264057128,5.691541950
poll,570,718264062132,718264062143,5.692040816
poll,570,718264067152,718264067153,5.692539683
poll,570,718264072169,718264072170,5.693061224
poll,570,718264077181,718264077181,5.693560091
poll,570,718264082199,718264082200,5.694058957
poll,570,718264087215,718264087216,5.694557823
poll,570,718264092226,718264092226,5.695056689
poll,570,718264097232,718264097232,5.695555556
poll,570,718264102236,718264102237,5.696054422
poll,570,718264107247,718264107247,5.696553288
poll,570,718264112250,718264112251,5.697052154
poll,570,718264117268,718264117269,5.697551020
poll,570,718264122287,718264122288,5.698072562
poll,570,718264127290,718264127291,5.698571429
poll,570,718264132309,718264132309,5.699070295
poll,580,718265047331,718265047332,5.790566893
poll,580,718265052347,718265052348,5.791065760
poll,580,718265057350,718265057351,5.791564626
poll,580,718265062367,718265062367,5.792063492
poll,580,718265067374,718265067375,5.792562358
poll,580,718265072383,718265072383,5.793061224
poll,580,718265077392,718265077393,5.793582766
poll,580,718265082406,718265082407,5.794081633
poll,580,718265087410,718265087411,5.794580499
poll,580,718265092416,718265092416,5.795079365
poll,580,718265097421,718265097422,5.795578231
poll,580,718265102431,718265102431,5.796077098
poll,580,718265107442,718265107442,5.796575964
poll,580,718265112452,718265112453,5.797074830
poll,580,718265117457,718265117458,5.797573696
poll,580,718265122460,718265122461,5.798072562
poll,580,718265127463,718265127464,5.798571429
poll,580,718265132479,718265132480,5.799070295
poll,590,718266047365,718266047366,5.890544218
poll,590,718266052383,718266052384,5.891043084
poll,590,718266057390,718266057390,5.891541950
poll,590,718266062405,718266062405,5.892063492
poll,590,718266067419,718266067419,5.892562358
poll,590,718266072429,718266072430,5.893061224
poll,590,718266077434,718266077435,5.893560091
poll,590,718266082440,718266082441,5.894058957
poll,590,718266087447,718266087448,5.894557823
poll,590,718266092461,718266092461,5.895056689
poll,590,718266097474,718266097475,5.895555556
poll,590,718266102489,718266102489,5.896054422
poll,590,718266107495,718266107496,5.896553288
poll,590,718266112508,718266112509,5.897074830
poll,590,718266117520,718266117520,5.897573696
poll,590,718266122531,718266122532,5.898072562
poll,590,718266127547,718266127547,5.898571429
poll,590,718266132562,718266132562,5.899070295
poll,600,718267047412,718267047413,5.990544218
poll,600,718267052414,718267052415,5.991043084
poll,600,718267057430,718267057430,5.991564626
poll,600,718267062444,718267062445,5.992063492
poll,600,718267067450,718267067451,5.992562358
poll,600,718267072461,718267072462,5.993061224
poll,600,718267077474,718267077474,5.993560091
poll,600,718267082486,718267082487,5.994058957
poll,600,718267087496,718267087497,5.994557823
poll,600,718267092511,718267092512,5.995056689
poll,600,718267097530,718267097531,5.995555556
poll,600,718267102546,718267102547,5.996077098
poll,600,718267107550,718267107550,5.996575964
poll,600,718267112564,718267112565,5.997074830
poll,600,718267117567,718267117567,5.997573696
poll,600,718267122569,718267122573,5.998072562
poll,600,718267127579,718267127580,5.998571429
poll,600,718267132595,718267132595,5.999070295
poll,610,718268047395,718268047396,6.090566893
poll,610,718268052404,718268052405,6.091065760
poll,610,718268057415,718268057415,6.091564626
poll,610,718268062429,718268062442,6.092086168
poll,610,718268067453,718268067453,6.092585034
poll,610,718268072467,718268072468,6.093083900
poll,610,718268077472,718268077473,6.093582766
poll,610,718268082480,718268082481,6.094081633
poll,610,718268087483,718268087484,6.094580499
poll,610,718268092487,718268092488,6.095079365
poll,610,718268097506,718268097506,6.095578231
poll,610,718268102523,718268102524,6.096077098
poll,610,718268107539,718268107540,6.096575964
poll,610,718268112545,718268112545,6.097074830
poll,610,718268117548,718268117549,6.097596372
poll,610,718268122553,718268122554,6.098095238
poll,610,718268127568,718268127569,6.098594104
poll,610,718268132585,718268132586,6.099092971
poll,620,718269047195,718269047196,6.190544218
poll,620,718269052201,718269052202,6.191065760
poll,620,718269057216,718269057217,6.191564626
poll,620,718269062230,718269062231,6.192063492
poll,620,718269067237,718269067237,6.192562358
poll,620,718269072239,718269072240,6.193061224
poll,620,718269077241,718269077242,6.193560091
poll,620,718269082249,718269082250,6.194058957
poll,620,718269087265,718269087266,6.194557823
poll,620,718269092280,718269092282,6.195056689
poll,620,718269097300,718269097313,6.195555556
poll,620,718269102336,718269102336,6.196077098
poll,620,718269107340,718269107340,6.196575964
poll,620,718269112348,718269112349,6.197074830
poll,620,718269117363,718269117364,6.197573696
poll,620,718269122371,718269122372,6.198072562
poll,620,718269127378,718269127379,6.198571429
poll,620,718269132388,718269132388,6.199070295
poll,630,718270047359,718270047360,6.290544218
poll,630,718270052370,718270052371,6.291043084
poll,630,718270057379,718270057379,6.291541950
poll,630,718270062394,718270062395,6.292063492
poll,630,718270067409,718270067409,6.292562358
poll,630,718270072422,718270072422,6.293061224
poll,630,718270077435,718270077436,6.293560091
poll,630,718270082445,718270082446,6.294058957
poll,630,718270087464,718270087465,6.294557823
poll,630,718270092597,718270092598,6.295079365
poll,630,718270097604,718270097605,6.295578231
poll,630,718270102620,718270102621,6.296077098
poll,630,718270107631,718270107631,6.296575964
poll,630,718270112633,718270112633,6.297074830
poll,630,718270117651,718270117652,6.297573696
poll,630,718270122669,718270122670,6.298072562
poll,630,718270127687,718270127687,6.298594104
poll,630,718270132703,718270132703,6.299092971
poll,640,718271047633,718271047634,6.390589569
poll,640,718271052639,718271052640,6.391088435
poll,640,718271057641,718271057641,6.391587302
poll,640,718271062652,718271062653,6.392086168
poll,640,718271067662,718271067677,6.392585034
poll,640,718271072724,718271072725,6.393083900
poll,640,718271077734,718271077735,6.393582766
poll,640,718271082748,718271082748,6.394081633
poll,640,718271087765,718271087766,6.394603175
poll,640,718271092773,718271092773,6.395102041
poll,640,718271097790,718271097790,6.395600907
poll,640,718271102802,718271102803,6.396099773
poll,640,718271107815,718271107816,6.396598639
poll,640,718271112824,718271112825,6.397097506
poll,640,718271117837,718271117838,6.397596372
poll,640,718271122840,718271122841,6.398095238
poll,640,718271127857,718271127857,6.398594104
poll,640,718271132863,718271132863,6.399092971
poll,650,718272047354,718272047355,6.490566893
poll,650,718272052373,718272052373,6.491065760
poll,650,718272057378,718272057379,6.491564626
poll,650,718272062396,718272062408,6.492063492
poll,650,718272067431,718272067431,6.492562358
poll,650,718272072445,718272072446,6.493083900
poll,650,718272077460,718272077461,6.493582766
poll,650,718272082465,718272082466,6.494081633
poll,650,718272087483,718272087483,6.494580499
poll,650,718272092501,718272092501,6.495079365
poll,650,718272097507,718272097508,6.495578231
poll,650,718272102519,718272102520,6.496077098
poll,650,718272107536,718272107537,6.496575964
poll,650,718272112552,718272112553,6.497074830
poll,650,718272117560,718272117571,6.497596372
poll,650,718272122586,718272122587,6.498095238
poll,650,718272127600,718272127600,6.498594104
poll,650,718272132614,718272132615,6.499092971
poll,660,718273047175,718273047177,6.590544218
poll,660,718273052199,718273052200,6.591043084
poll,660,718273057216,718273057216,6.591541950
poll,660,718273062222,718273062234,6.592063492
poll,660,718273067257,718273067258,6.592562358
poll,660,718273072261,718273072262,6.593061224
poll,660,718273077279,718273077280,6.593560091
poll,660,718273082292,718273082293,6.594058957
poll,660,718273087304,718273087305,6.594557823
poll,660,718273092308,718273092309,6.595056689
poll,660,718273097313,718273097313,6.595555556
poll,660,718273102317,718273102318,6.596054422
poll,660,718273107335,718273107335,6.596553288
poll,660,718273112343,718273112344,6.597074830
poll,660,718273117355,718273117355,6.597573696
poll,660,718273122357,718273122358,6.598072562
poll,660,718273127363,718273127364,6.598571429
poll,660,718273132367,718273132368,6.599070295
poll,670,718274048276,718274048280,6.690612245
poll,670,718274053300,718274053301,6.691111111
poll,670,718274058312,718274058312,6.691609977
poll,670,718274063324,718274063335,6.692108844
poll,670,718274068352,718274068352,6.692607710
poll,670,718274073359,718274073360,6.693106576
poll,670,718274078361,718274078362,6.693605442
poll,670,718274083369,718274083369,6.694104308
poll,670,718274088370,718274088371,6.694603175
poll,670,718274093378,718274093378,6.695102041
poll,670,718274098392,718274098392,6.695623583
poll,670,718274103400,718274103401,6.696122449
poll,670,718274108410,718274108410,6.696621315
poll,670,718274113419,718274113419,6.697120181
poll,670,718274118425,718274118426,6.697619048
poll,670,718274123436,718274123437,6.698117914
poll,670,718274128454,718274128454,6.698616780
poll,670,718274133460,718274133461,6.699115646
poll,680,718275047477,718275047478,6.790566893
poll,680,718275052497,718275052497,6.791065760
poll,680,718275057512,718275057513,6.791564626
poll,680,718275062525,718275062545,6.792086168
poll,680,718275067562,718275067562,6.792585034
poll,680,718275072573,718275072574,6.793083900
poll,680,718275077578,718275077579,6.793582766
poll,680,718275082591,718275082591,6.794081633
poll,680,718275087592,718275087593,6.794580499
poll,680,718275092608,718275092609,6.795079365
poll,680,718275097624,718275097625,6.795578231
poll,680,718275102626,718275102627,6.796077098
poll,680,718275107636,718275107637,6.796575964
poll,680,718275112638,718275112639,6.797074830
poll,680,718275117647,718275117658,6.797596372
poll,680,718275122676,718275122676,6.798095238
poll,680,718275127687,718275127687,6.798594104
poll,680,718275132691,718275132692,6.799092971
poll,690,718276047444,718276047445,6.890544218
poll,690,718276052453,718276052454,6.891043084
poll,690,718276057455,718276057456,6.891541950
poll,690,718276062468,718276062469,6.892063492
poll,690,718276067480,718276067481,6.892562358
poll,690,718276072494,718276072495,6.893061224
poll,690,718276077501,718276077502,6.893560091
poll,690,718276082503,718276082504,6.894058957
poll,690,718276087510,718276087511,6.894557823
poll,690,718276092529,718276092530,6.895056689
poll,690,718276097538,718276097539,6.895555556
poll,690,718276102553,718276102553,6.896054422
poll,690,718276107556,718276107560,6.896553288
poll,690,718276112581,718276112581,6.897074830
poll,690,718276117600,718276117601,6.897573696
poll,690,718276122606,718276122606,6.898072562
poll,690,718276127618,718276127618,6.898571429
poll,690,718276132631,718276132631,6.899070295
poll,700,718277047469,718277047470,6.990544218
poll,700,718277052485,718277052490,6.991065760
poll,700,718277057508,718277057509,6.991564626
poll,700,718277062523,718277062524,6.992063492
poll,700,718277067538,718277067539,6.992562358
poll,700,718277072552,718277072553,6.993061224
poll,700,718277077565,718277077565,6.993560091
poll,700,718277082576,718277082577,6.994058957
poll,700,718277087594,718277087595,6.994557823
poll,700,718277092599,718277092600,6.995056689
poll,700,718277097605,718277097606,6.995578231
poll,700,718277102617,718277102618,6.996077098
poll,700,718277107630,718277107630,6.996575964
poll,700,718277112631,718277112631,6.997074830
poll,700,718277117634,718277117635,6.997573696
poll,700,718277122650,718277122651,6.998072562
poll,700,718277127669,718277127670,6.998571429
poll,700,718277132680,718277132681,6.999070295
poll,710,718278047732,718278047735,7.090566893
poll,710,718278052752,718278052753,7.091088435
poll,710,718278057763,718278057764,7.091587302
poll,710,718278062770,718278062781,7.092086168
poll,710,718278067806,718278067807,7.092585034
poll,710,718278072817,718278072818,7.093083900
poll,710,718278077822,718278077823,7.093582766
poll,710,718278082831,718278082831,7.094081633
poll,710,718278087848,718278087849,7.094580499
poll,710,718278092850,718278092851,7.095079365
poll,710,718278097866,718278097867,7.095600907
poll,710,718278102883,718278102884,7.096099773
poll,710,718278107891,718278107892,7.096598639
poll,710,718278112900,718278112901,7.097097506
poll,710,718278117917,718278117917,7.097596372
poll,710,718278122919,718278122919,7.098095238
poll,710,718278127927,718278127928,7.098594104
poll,710,718278132932,718278132932,7.099092971
poll,720,718279047408,718279047409,7.190544218
poll,720,718279052420,718279052420,7.191043084
poll,720,718279057430,718279057430,7.191541950
poll,720,718279062446,718279062447,7.192040816
poll,720,718279067457,718279067457,7.192562358
poll,720,718279072473,718279072473,7.193061224
poll,720,718279077481,718279077481,7.193560091
poll,720,718279082496,718279082497,7.194058957
poll,720,718279087507,718279087508,7.194557823
poll,720,718279092521,718279092522,7.195056689
poll,720,718279097536,718279097536,7.195555556
poll,720,718279102552,718279102553,7.196054422
poll,720,718279107566,718279107566,7.196553288
poll,720,718279112577,718279112578,7.197074830
poll,720,718279117582,718279117583,7.197573696
poll,720,718279122591,718279122593,7.198072562
poll,720,718279127602,718279127603,7.198571429
poll,720,718279132605,718279132606,7.199070295
poll,730,718280047447,718280047448,7.290544218
poll,730,718280052451,718280052452,7.291043084
poll,730,718280057470,718280057471,7.291541950
poll,730,718280062480,718280062480,7.292063492
poll,730,718280067492,718280067492,7.292562358
poll,730,718280072504,718280072504,7.293061224
poll,730,718280077518,718280077518,7.293560091
poll,730,718280082533,718280082537,7.294058957
poll,730,718280087558,718280087559,7.294557823
poll,730,718280092565,718280092566,7.295056689
poll,730,718280097582,718280097582,7.295555556
poll,730,718280102586,718280102587,7.296054422
poll,730,718280107588,718280107589,7.296575964
poll,730,718280112603,718280112604,7.297074830
poll,730,718280117620,718280117620,7.297573696
poll,730,718280122636,718280122636,7.298072562
poll,730,718280127651,718280127652,7.298571429
poll,730,718280132665,718280132666,7.299070295
poll,740,718281047651,718281047653,7.390566893
poll,740,718281052658,718281052659,7.391065760
poll,740,718281057665,718281057665,7.391564626
poll,740,718281062671,718281062672,7.392063492
poll,740,718281067687,718281067688,7.392562358
poll,740,718281072691,718281072691,7.393083900
poll,740,718281077693,718281077693,7.393582766
poll,740,718281082698,718281082698,7.394081633
poll,740,718281087699,718281087700,7.394580499
poll,740,718281092706,718281092707,7.395079365
poll,740,718281097712,718281097713,7.395578231
poll,740,718281102724,718281102724,7.396077098
poll,740,718281107733,718281107733,7.396575964
poll,740,718281112736,718281112737,7.397074830
poll,740,718281117754,718281117755,7.397573696
poll,740,718281122761,718281122762,7.398072562
poll,740,718281127772,718281127773,7.398571429
poll,740,718281132777,718281132778,7.399070295
poll,750,718282047571,718282047572,7.490566893
poll,750,718282052577,718282052577,7.491065760
poll,750,718282057579,718282057580,7.491564626
poll,750,718282062597,718282062598,7.492063492
poll,750,718282067599,718282067600,7.492562358
poll,750,718282072618,718282072618,7.493061224
poll,750,718282077628,718282077629,7.493560091
poll,750,718282082632,718282082632,7.494081633
poll,750,718282087643,718282087644,7.494580499
poll,750,718282092647,718282092648,7.495079365
poll,750,718282097663,718282097664,7.495578231
poll,750,718282102679,718282102680,7.496077098
poll,750,718282107682,718282107682,7.496575964
poll,750,718282112695,718282112700,7.497074830
poll,750,718282117709,718282117710,7.497573696
poll,750,718282122717,718282122718,7.498072562
poll,750,718282127730,718282127731,7.498571429
poll,750,718282132742,718282132743,7.499092971
poll,760,718283047457,718283047458,7.590544218
poll,760,718283052587,718283052591,7.591065760
poll,760,718283057608,718283057613,7.591564626
poll,760,718283062634,718283062635,7.592063492
poll,760,718283067643,718283067643,7.592562358
poll,760,718283072657,718283072657,7.593083900
poll,760,718283077659,718283077660,7.593582766
poll,760,718283082673,718283082674,7.594081633
poll,760,718283087680,718283087681,7.594580499
poll,760,718283092686,718283092687,7.595079365
poll,760,718283097702,718283097703,7.595578231
poll,760,718283102707,718283102707,7.596077098
poll,760,718283107722,718283107723,7.596575964
poll,760,718283112738,718283112739,7.597074830
poll,760,718283117744,718283117745,7.597573696
poll,760,718283122753,718283122754,7.598072562
poll,760,718283127757,718283127758,7.598594104
poll,760,718283132763,718283132763,7.599092971
poll,770,718284047708,718284047710,7.690566893
poll,770,718284052721,718284052722,7.691065760
poll,770,718284057733,718284057733,7.691564626
poll,770,718284062748,718284062749,7.692063492
poll,770,718284067758,718284067759,7.692562358
poll,770,718284072774,718284072774,7.693083900
poll,770,718284077779,718284077780,7.693582766
poll,770,718284082794,718284082795,7.694081633
poll,770,718284087809,718284087810,7.694580499
poll,770,718284092824,718284092824,7.695079365
poll,770,718284097833,718284097833,7.695578231
poll,770,718284102847,718284102848,7.696077098
poll,770,718284107856,718284107857,7.696575964
poll,770,718284112869,718284112870,7.697074830
poll,770,718284117876,718284117877,7.697573696
poll,770,718284122894,718284122894,7.698095238
poll,770,718284127911,718284127911,7.698594104
poll,770,718284132927,718284132928,7.699092971
poll,780,718285047668,718285047669,7.790566893
poll,780,718285052689,718285052690,7.791065760
poll,780,718285057706,718285057707,7.791564626
poll,780,718285062719,718285062720,7.792063492
poll,780,718285067737,718285067738,7.792585034
poll,780,718285072752,718285072753,7.793083900
poll,780,718285077768,718285077769,7.793582766
poll,780,718285082782,718285082783,7.794081633
poll,780,718285087798,718285087798,7.794580499
poll,780,718285092810,718285092811,7.795079365
poll,780,718285097826,718285097826,7.795578231
poll,780,718285102839,718285102844,7.796077098
poll,780,718285107863,718285107864,7.796575964
poll,780,718285112880,718285112880,7.797097506
poll,780,718285117889,718285117890,7.797596372
poll,780,718285122905,718285122905,7.798095238
poll,780,718285127921,718285127922,7.798594104
poll,780,718285132936,718285132936,7.799092971
poll,790,718286047478,718286047479,7.890566893
poll,790,718286052491,718286052491,7.891065760
poll,790,718286057502,718286057503,7.891564626
poll,790,718286062514,718286062527,7.892063492
poll,790,718286067551,718286067552,7.892562358
poll,790,718286072563,718286072563,7.893061224
poll,790,718286077566,718286077567,7.893560091
poll,790,718286082574,718286082575,7.894058957
poll,790,718286087587,718286087588,7.894557823
poll,790,718286092599,718286092600,7.895079365
poll,790,718286097605,718286097606,7.895578231
poll,790,718286102617,718286102617,7.896077098
poll,790,718286107632,718286107633,7.896575964
poll,790,718286112649,718286112650,7.897074830
poll,790,718286117668,718286117669,7.897573696
poll,790,718286122671,718286122672,7.898072562
poll,790,718286127690,718286127690,7.898571429
poll,790,718286132700,718286132701,7.899070295
poll,800,718287047977,718287047989,7.990589569
poll,800,718287053014,718287053016,7.991088435
poll,800,718287058035,718287058036,7.991587302
poll,800,718287063047,718287063048,7.992086168
poll,800,718287068060,718287068061,7.992585034
poll,800,718287073076,718287073077,7.993083900
poll,800,718287078090,718287078091,7.993605442
poll,800,718287083105,718287083105,7.994104308
poll,800,718287088120,718287088131,7.994603175
poll,800,718287093141,718287093142,7.995102041
poll,800,718287098153,718287098154,7.995600907
poll,800,718287103156,718287103157,7.996099773
poll,800,718287108168,718287108169,7.996598639
poll,800,718287113184,718287113184,7.997097506
poll,800,718287118187,718287118188,7.997596372
poll,800,718287123190,718287123191,7.998095238
poll,800,718287128193,718287128193,7.998616780
poll,800,718287133208,718287133209,7.999115646
poll,810,718288047676,718288047677,8.090566893
poll,810,718288052693,718288052694,8.091065760
poll,810,718288057712,718288057712,8.091564626
poll,810,718288062715,718288062715,8.092063492
poll,810,718288067722,718288067722,8.092562358
poll,810,718288072723,718288072723,8.093061224
poll,810,718288077727,718288077728,8.093582766
poll,810,718288082730,718288082731,8.094081633
poll,810,718288087736,718288087737,8.094580499
poll,810,718288092748,718288092748,8.095079365
poll,810,718288097766,718288097767,8.095578231
poll,810,718288102782,718288102782,8.096077098
poll,810,718288107793,718288107794,8.096575964
poll,810,718288112799,718288112799,8.097074830
poll,810,718288117804,718288117804,8.097573696
poll,810,718288122820,718288122820,8.098072562
poll,810,718288127837,718288127838,8.098571429
poll,810,718288132855,718288132855,8.099092971
poll,820,718289047516,718289047518,8.190544218
poll,820,718289052532,718289052532,8.191043084
poll,820,718289057550,718289057554,8.191564626
poll,820,718289062572,718289062573,8.192063492
poll,820,718289067581,718289067581,8.192562358
poll,820,718289072593,718289072593,8.193061224
poll,820,718289077600,718289077600,8.193560091
poll,820,718289082601,718289082602,8.194058957
poll,820,718289087612,718289087612,8.194557823
poll,820,718289092617,718289092619,8.195056689
poll,820,718289097635,718289097635,8.195555556
poll,820,718289102647,718289102647,8.196054422
poll,820,718289107655,718289107656,8.196553288
poll,820,718289112669,718289112670,8.197074830
poll,820,718289117673,718289117674,8.197573696
poll,820,718289122680,718289122681,8.198072562
poll,820,718289127684,718289127685,8.198571429
poll,820,718289132696,718289132697,8.199070295
poll,830,718290047576,718290047577,8.290544218
poll,830,718290052588,718290052589,8.291043084
poll,830,718290057597,718290057597,8.291541950
poll,830,718290062608,718290062609,8.292040816
poll,830,718290067615,718290067616,8.292562358
poll,830,718290072628,718290072629,8.293061224
poll,830,718290077639,718290077639,8.293560091
poll,830,718290082651,718290082651,8.294058957
poll,830,718290087657,718290087658,8.294557823
poll,830,718290092668,718290092669,8.295056689
poll,830,718290097674,718290097675,8.295555556
poll,830,718290102686,718290102686,8.296054422
poll,830,718290107693,718290107694,8.296553288
poll,830,718290112711,718290112711,8.297052154
poll,830,718290117721,718290117721,8.297573696
poll,830,718290122735,718290122735,8.298072562
poll,830,718290127747,718290127748,8.298571429
poll,830,718290132759,718290132760,8.299070295
poll,840,718291047756,718291047757,8.390566893
poll,840,718291052761,718291052762,8.391065760
poll,840,718291057779,718291057780,8.391564626
poll,840,718291062790,718291062791,8.392063492
poll,840,718291067804,718291067804,8.392562358
poll,840,718291072818,718291072818,8.393083900
poll,840,718291077831,718291077831,8.393582766
poll,840,718291082841,718291082842,8.394081633
poll,840,718291087858,718291087859,8.394580499
poll,840,718291092866,718291092870,8.395079365
poll,840,718291097889,718291097890,8.395578231
poll,840,718291102895,718291102896,8.396077098
poll,840,718291107910,718291107910,8.396575964
poll,840,718291112925,718291112926,8.397074830
poll,840,718291117941,718291117941,8.397596372
poll,840,718291122955,718291122955,8.398095238
poll,840,718291127969,718291127969,8.398594104
poll,840,718291132976,718291132976,8.399092971
poll,850,718292047555,718292047560,8.490544218
poll,850,718292052574,718292052575,8.491043084
poll,850,718292057577,718292057578,8.491541950
poll,850,718292062580,718292062581,8.492040816
poll,850,718292067589,718292067590,8.492562358
poll,850,718292072596,718292072596,8.493061224
poll,850,718292077608,718292077609,8.493560091
poll,850,718292082612,718292082612,8.494058957
poll,850,718292087630,718292087631,8.494557823
poll,850,718292092649,718292092650,8.495056689
poll,850,718292097661,718292097661,8.495555556
poll,850,718292102668,718292102669,8.496054422
poll,850,718292107680,718292107681,8.496553288
poll,850,718292112691,718292112692,8.497052154
poll,850,718292117699,718292117700,8.497573696
poll,850,718292122707,718292122707,8.498072562
poll,850,718292127714,718292127715,8.498571429
poll,850,718292132728,718292132729,8.499070295
poll,860,718293047498,718293047499,8.590544218
poll,860,718293052516,718293052517,8.591043084
poll,860,718293057530,718293057530,8.591541950
poll,860,718293062546,718293062546,8.592063492
poll,860,718293067563,718293067564,8.592562358
poll,860,718293072580,718293072581,8.593061224
poll,860,718293077598,718293077599,8.593560091
poll,860,718293082607,718293082607,8.594058957
poll,860,718293087625,718293087625,8.594557823
poll,860,718293092642,718293092642,8.595056689
poll,860,718293097653,718293097653,8.595555556
poll,860,718293102670,718293102670,8.596077098
poll,860,718293107686,718293107686,8.596575964
poll,860,718293112703,718293112703,8.597074830
poll,860,718293117716,718293117716,8.597573696
poll,860,718293122717,718293122718,8.598072562
poll,860,718293127736,718293127736,8.598571429
poll,860,718293132743,718293132744,8.599070295
poll,870,718294047693,718294047694,8.690566893
poll,870,718294052708,718294052709,8.691065760
poll,870,718294057724,718294057725,8.691564626
poll,870,718294062743,718294062743,8.692063492
poll,870,718294067758,718294067758,8.692562358
poll,870,718294072772,718294072772,8.693083900
poll,870,718294077790,718294077790,8.693582766
poll,870,718294082798,718294082803,8.694081633
poll,870,718294087812,718294087812,8.694580499
poll,870,718294092815,718294092816,8.695079365
poll,870,718294097820,718294097821,8.695578231
poll,870,718294102835,718294102836,8.696077098
poll,870,718294107838,718294107839,8.696575964
poll,870,718294112856,718294112857,8.697074830
poll,870,718294117865,718294117865,8.697573696
poll,870,718294122883,718294122884,8.698095238
poll,870,718294127886,718294127887,8.698594104
poll,870,718294132900,718294132901,8.699092971
poll,880,718295048959,718295048970,8.790657596
poll,880,718295054141,718295054152,8.791179138
poll,880,718295059267,718295059268,8.791700680
poll,880,718295064285,718295064285,8.792199546
poll,880,718295069298,718295069299,8.792698413
poll,880,718295074310,718295074311,8.793197279
poll,880,718295079327,718295079328,8.793696145
poll,880,718295084342,718295084342,8.794195011
poll,880,718295089353,718295089354,8.794693878
poll,880,718295094367,718295094368,8.795192744
poll,880,718295099386,718295099386,8.795714286
poll,880,718295104398,718295104399,8.796213152
poll,880,718295109410,718295109411,8.796712018
poll,880,718295114421,718295114422,8.797210884
poll,880,718295119430,718295119430,8.797709751
poll,880,718295124448,718295124448,8.798208617
poll,880,718295129449,718295129450,8.798707483
poll,880,718295134454,718295134455,8.799206349
poll,890,718296047514,718296047514,8.890544218
poll,890,718296052545,718296052564,8.891043084
poll,890,718296057587,718296057588,8.891564626
poll,890,718296062602,718296062603,8.892063492
poll,890,718296067616,718296067616,8.892562358
poll,890,718296072631,718296072632,8.893061224
poll,890,718296077646,718296077647,8.893560091
poll,890,718296082661,718296082662,8.894058957
poll,890,718296087677,718296087678,8.894557823
poll,890,718296092691,718296092691,8.895056689
poll,890,718296097704,718296097705,8.895578231
poll,890,718296102715,718296102715,8.896077098
poll,890,718296107727,718296107727,8.896575964
poll,890,718296112741,718296112742,8.897074830
poll,890,718296117757,718296117758,8.897573696
poll,890,718296122773,718296122773,8.898072562
poll,890,718296127776,718296127777,8.898571429
poll,890,718296132789,718296132793,8.899070295
poll,900,718297047721,718297047722,8.990566893
poll,900,718297052735,718297052735,8.991065760
poll,900,718297057749,718297057749,8.991564626
poll,900,718297062764,718297062764,8.992063492
poll,900,718297067778,718297067783,8.992562358
poll,900,718297072800,718297072801,8.993083900
poll,900,718297077814,718297077814,8.993582766
poll,900,718297082824,718297082824,8.994081633
poll,900,718297087829,718297087830,8.994580499
poll,900,718297092844,718297092845,8.995079365
poll,900,718297097862,718297097862,8.995578231
poll,900,718297102864,718297102864,8.996077098
poll,900,718297107882,718297107882,8.996575964
poll,900,718297112884,718297112885,8.997074830
poll,900,718297117887,718297117888,8.997573696
poll,900,718297122892,718297122892,8.998072562
poll,900,718297127909,718297127909,8.998594104
poll,900,718297132926,718297132927,8.999092971
poll,910,718298047590,718298047591,9.090566893
poll,910,718298052609,718298052610,9.091065760
poll,910,718298057627,718298057628,9.091564626
poll,910,718298062633,718298062644,9.092063492
poll,910,718298067670,718298067671,9.092562358
poll,910,718298072688,718298072688,9.093083900
poll,910,718298077708,718298077718,9.093582766
poll,910,718298082727,718298082728,9.094081633
poll,910,718298087744,718298087744,9.094580499
poll,910,718298092762,718298092763,9.095079365
poll,910,718298097780,718298097781,9.095578231
poll,910,718298102797,718298102797,9.096077098
poll,910,718298107800,718298107801,9.096575964
poll,910,718298112806,718298112806,9.097074830
poll,910,718298117815,718298117816,9.097596372
poll,910,718298122833,718298122833,9.098095238
poll,910,718298127838,718298127838,9.098594104
poll,910,718298132845,718298132845,9.099092971
poll,920,718299047654,718299047655,9.190544218
poll,920,718299052669,718299052669,9.191043084
poll,920,718299057680,718299057681,9.191541950
poll,920,718299062696,718299062697,9.192063492
poll,920,718299067709,718299067709,9.192562358
poll,920,718299072721,718299072722,9.193061224
poll,920,718299077726,718299077726,9.193560091
poll,920,718299082737,718299082737,9.194058957
poll,920,718299087755,718299087756,9.194557823
poll,920,718299092757,718299092758,9.195056689
poll,920,718299097767,718299097768,9.195555556
poll,920,718299102770,718299102770,9.196054422
poll,920,718299107773,718299107777,9.196553288
poll,920,718299112798,718299112798,9.197074830
poll,920,718299117809,718299117809,9.197573696
poll,920,718299122813,718299122814,9.198072562
poll,920,718299127818,718299127818,9.198571429
poll,920,718299132822,718299132822,9.199070295
poll,930,718300047634,718300047635,9.290544218
poll,930,718300052649,718300052650,9.291043084
poll,930,718300057652,718300057656,9.291541950
poll,930,718300062674,718300062675,9.292063492
poll,930,718300067688,718300067689,9.292562358
poll,930,718300072704,718300072704,9.293061224
poll,930,718300077712,718300077712,9.293560091
poll,930,718300082730,718300082731,9.294058957
poll,930,718300087733,718300087734,9.294557823
poll,930,718300092748,718300092749,9.295056689
poll,930,718300097753,718300097754,9.295555556
poll,930,718300102772,718300102773,9.296054422
poll,930,718300107779,718300107779,9.296575964
poll,930,718300112796,718300112796,9.297074830
poll,930,718300117808,718300117808,9.297573696
poll,930,718300122814,718300122815,9.298072562
poll,930,718300127832,718300127833,9.298571429
poll,930,718300132842,718300132842,9.299070295
poll,940,718301047799,718301047811,9.390589569
poll,940,718301052836,718301052837,9.391088435
poll,940,718301057851,718301057851,9.391587302
poll,940,718301062865,718301062865,9.392086168
poll,940,718301067880,718301067881,9.392585034
poll,940,718301072894,718301072894,9.393083900
poll,940,718301077907,718301077907,9.393582766
poll,940,718301082920,718301082920,9.394081633
poll,940,718301087936,718301087936,9.394603175
poll,940,718301092950,718301092950,9.395102041
poll,940,718301097963,718301097964,9.395600907
poll,940,718301102975,718301102975,9.396099773
poll,940,718301107988,718301107989,9.396598639
poll,940,718301113006,718301113007,9.397097506
poll,940,718301118023,718301118023,9.397596372
poll,940,718301123039,718301123040,9.398095238
poll,940,718301128050,718301128050,9.398594104
poll,940,718301133065,718301133066,9.399115646
poll,950,718302047697,718302047698,9.490544218
poll,950,718302052720,718302052720,9.491043084
poll,950,718302057738,718302057739,9.491564626
poll,950,718302062754,718302062754,9.492063492
poll,950,718302067764,718302067765,9.492562358
poll,950,718302072777,718302072777,9.493061224
poll,950,718302077788,718302077789,9.493560091
poll,950,718302082800,718302082801,9.494058957
poll,950,718302087815,718302087816,9.494557823
poll,950,718302092833,718302092833,9.495056689
poll,950,718302097849,718302097850,9.495555556
poll,950,718302102864,718302102864,9.496077098
poll,950,718302107879,718302107880,9.496575964
poll,950,718302112894,718302112898,9.497074830
poll,950,718302117907,718302117908,9.497573696
poll,950,718302122922,718302122923,9.498072562
poll,950,718302127939,718302127940,9.498571429
poll,950,718302132953,718302132953,9.499070295
poll,960,718303047854,718303047855,9.590544218
poll,960,718303052871,718303052872,9.591065760
poll,960,718303057889,718303057890,9.591564626
poll,960,718303062904,718303062908,9.592063492
poll,960,718303067926,718303067926,9.592562358
poll,960,718303072937,718303072938,9.593061224
poll,960,718303077949,718303077950,9.593560091
poll,960,718303082964,718303082965,9.594058957
poll,960,718303087975,718303087976,9.594557823
poll,960,718303092984,718303092985,9.595079365
poll,960,718303097996,718303097996,9.595578231
poll,960,718303103010,718303103011,9.596077098
poll,960,718303108024,718303108024,9.596575964
poll,960,718303113036,718303113037,9.597074830
poll,960,718303118050,718303118050,9.597573696
poll,960,718303123069,718303123070,9.598072562
poll,960,718303128083,718303128083,9.598571429
poll,960,718303133097,718303133098,9.599070295
poll,970,718304047799,718304047800,9.690566893
poll,970,718304052805,718304052806,9.691065760
poll,970,718304057812,718304057812,9.691564626
poll,970,718304062830,718304062842,9.692063492
poll,970,718304067859,718304067860,9.692585034
poll,970,718304072870,718304072871,9.693083900
poll,970,718304077879,718304077880,9.693582766
poll,970,718304082894,718304082895,9.694081633
poll,970,718304087900,718304087901,9.694580499
poll,970,718304092906,718304092907,9.695079365
poll,970,718304097917,718304097918,9.695578231
poll,970,718304102931,718304102932,9.696077098
poll,970,718304107944,718304107945,9.696575964
poll,970,718304112958,718304112959,9.697074830
poll,970,718304117962,718304117963,9.697596372
poll,970,718304122976,718304122977,9.698095238
poll,970,718304127979,718304127980,9.698594104
poll,970,718304132980,718304132981,9.699092971
poll,980,718305047843,718305047844,9.790566893
poll,980,718305052854,718305052854,9.791065760
poll,980,718305057862,718305057862,9.791564626
poll,980,718305062869,718305062881,9.792063492
poll,980,718305067895,718305067895,9.792562358
poll,980,718305072901,718305072901,9.793061224
poll,980,718305077914,718305077915,9.793560091
poll,980,718305082923,718305082923,9.794058957
poll,980,718305087930,718305087931,9.794580499
poll,980,718305092933,718305092933,9.795079365
poll,980,718305097936,718305097940,9.795578231
poll,980,718305102947,718305102948,9.796077098
poll,980,718305107952,718305107953,9.796575964
poll,980,718305112959,718305112959,9.797074830
poll,980,718305117972,718305117973,9.797573696
poll,980,718305122977,718305122977,9.798072562
poll,980,718305127982,718305127983,9.798571429
poll,980,718305132986,718305132987,9.799070295
poll,990,718306047822,718306047823,9.890566893
poll,990,718306052834,718306052835,9.891065760
poll,990,718306057846,718306057847,9.891564626
poll,990,718306062861,718306062862,9.892063492
poll,990,718306067872,718306067873,9.892562358
poll,990,718306072886,718306072887,9.893061224
poll,990,718306077898,718306077899,9.893560091
poll,990,718306082911,718306082911,9.894058957
poll,990,718306087916,718306087917,9.894557823
poll,990,718306092927,718306092928,9.895056689
poll,990,718306097946,718306097947,9.895578231
poll,990,718306102948,718306102949,9.896077098
poll,990,718306107966,718306107966,9.896575964
poll,990,718306112978,718306112978,9.897074830
poll,990,718306117995,718306117995,9.897573696
poll,990,718306123001,718306123002,9.898072562
poll,990,718306128006,718306128007,9.898571429
poll,990,718306133018,718306133019,9.899070295
poll,1000,718307047864,718307047865,9.990566893
poll,1000,718307052876,718307052876,9.991065760
poll,1000,718307057885,718307057886,9.991564626
poll,1000,718307062904,718307062905,9.992063492
poll,1000,718307067921,718307067922,9.992562358
poll,1000,718307072934,718307072935,9.993083900
poll,1000,718307077944,718307077944,9.993582766
poll,1000,718307082954,718307082955,9.994081633
poll,1000,718307087962,718307087963,9.994580499
poll,1000,718307092969,718307092970,9.995079365
poll,1000,718307097977,718307097978,9.995578231
poll,1000,718307102986,718307102987,9.996077098
poll,1000,718307107997,718307107998,9.996575964
poll,1000,718307113009,718307113009,9.997074830
poll,1000,718307118020,718307118021,9.997573696
poll,1000,718307123036,718307123037,9.998095238
poll,1000,718307128047,718307128048,9.998594104
poll,1000,718307133052,718307133056,9.999092971
poll,1010,718308047840,718308047841,10.090566893
poll,1010,718308052858,718308052859,10.091065760
poll,1010,718308057868,718308057869,10.091564626
poll,1010,718308062875,718308062876,10.092063492
poll,1010,718308067886,718308067887,10.092562358
poll,1010,718308072900,718308072904,10.093083900
poll,1010,718308077921,718308077921,10.093582766
poll,1010,718308082939,718308082939,10.094081633
poll,1010,718308087952,718308087953,10.094580499
poll,1010,718308092968,718308092969,10.095079365
poll,1010,718308097978,718308097979,10.095578231
poll,1010,718308102993,718308102994,10.096077098
poll,1010,718308107999,718308108000,10.096575964
poll,1010,718308113012,718308113012,10.097074830
poll,1010,718308118026,718308118027,10.097573696
poll,1010,718308123033,718308123034,10.098095238
poll,1010,718308128047,718308128047,10.098594104
poll,1010,718308133062,718308133062,10.099092971
poll,1020,718309047643,718309047644,10.190544218
poll,1020,718309052678,718309052679,10.191065760
poll,1020,718309057688,718309057688,10.191564626
poll,1020,718309062698,718309062709,10.192063492
poll,1020,718309067730,718309067731,10.192562358
poll,1020,718309072739,718309072740,10.193061224
poll,1020,718309077744,718309077745,10.193560091
poll,1020,718309082755,718309082755,10.194058957
poll,1020,718309087760,718309087761,10.194557823
poll,1020,718309092776,718309092778,10.195056689
poll,1020,718309097789,718309097792,10.195578231
poll,1020,718309102809,718309102810,10.196077098
poll,1020,718309107822,718309107823,10.196575964
poll,1020,718309112831,718309112831,10.197074830
poll,1020,718309117835,718309117835,10.197573696
poll,1020,718309122846,718309122847,10.198072562
poll,1020,718309127860,718309127861,10.198571429
poll,1020,718309132862,718309132863,10.199070295
poll,1030,718310047852,718310047853,10.290566893
poll,1030,718310052873,718310052873,10.291065760
poll,1030,718310057889,718310057890,10.291564626
poll,1030,718310062899,718310062900,10.292063492
poll,1030,718310067913,718310067913,10.292562358
poll,1030,718310072920,718310072920,10.293061224
poll,1030,718310077934,718310077934,10.293582766
poll,1030,718310082949,718310082950,10.294081633
poll,1030,718310087966,718310087967,10.294580499
poll,1030,718310092974,718310092975,10.295079365
poll,1030,718310097988,718310097988,10.295578231
poll,1030,718310102995,718310102999,10.296077098
poll,1030,718310108017,718310108018,10.296575964
poll,1030,718310113029,718310113030,10.297074830
poll,1030,718310118043,718310118044,10.297573696
poll,1030,718310123053,718310123053,10.298095238
poll,1030,718310128067,718310128067,10.298594104
poll,1030,718310133079,718310133079,10.299092971
poll,1040,718311048763,718311048764,10.390634921
poll,1040,718311053775,718311053775,10.391133787
poll,1040,718311058790,718311058790,10.391632653
poll,1040,718311063803,718311063814,10.392131519
poll,1040,718311068838,718311068839,10.392653061
poll,1040,718311073856,718311073857,10.393151927
poll,1040,718311078872,718311078873,10.393650794
poll,1040,718311083880,718311083881,10.394149660
poll,1040,718311088884,718311088884,10.394648526
poll,1040,718311093900,718311093901,10.395147392
poll,1040,718311098904,718311098905,10.395646259
poll,1040,718311103923,718311103923,10.396145125
poll,1040,718311108937,718311108938,10.396643991
poll,1040,718311113953,718311113954,10.397165533
poll,1040,718311118970,718311118971,10.397664399
poll,1040,718311123979,718311123980,10.398163265
poll,1040,718311128984,718311128984,10.398662132
poll,1040,718311133986,718311133986,10.399160998
poll,1050,718312047687,718312047688,10.490544218
poll,1050,718312052698,718312052698,10.491043084
poll,1050,718312057701,718312057702,10.491541950
poll,1050,718312062703,718312062704,10.492040816
poll,1050,718312067717,718312067717,10.492562358
poll,1050,718312072718,718312072719,10.493061224
poll,1050,718312077736,718312077737,10.493560091
poll,1050,718312082743,718312082744,10.494058957
poll,1050,718312087759,718312087760,10.494557823
poll,1050,718312092764,718312092765,10.495056689
poll,1050,718312097776,718312097777,10.495555556
poll,1050,718312102792,718312102793,10.496054422
poll,1050,718312107806,718312107807,10.496553288
poll,1050,718312112824,718312112824,10.497052154
poll,1050,718312117826,718312117826,10.497573696
poll,1050,718312122831,718312122832,10.498072562
poll,1050,718312127833,718312127834,10.498571429
poll,1050,718312132840,718312132841,10.499070295
poll,1060,718313047685,718313047686,10.590544218
poll,1060,718313052702,718313052703,10.591043084
poll,1060,718313057712,718313057712,10.591541950
poll,1060,718313062724,718313062725,10.592063492
poll,1060,718313067731,718313067731,10.592562358
poll,1060,718313072744,718313072745,10.593061224
poll,1060,718313077749,718313077753,10.593560091
poll,1060,718313082770,718313082771,10.594058957
poll,1060,718313087783,718313087783,10.594557823
poll,1060,718313092796,718313092796,10.595056689
poll,1060,718313097806,718313097806,10.595555556
poll,1060,718313102819,718313102820,10.596054422
poll,1060,718313107828,718313107828,10.596553288
poll,1060,718313112841,718313112841,10.597074830
poll,1060,718313117847,718313117848,10.597573696
poll,1060,718313122861,718313122862,10.598072562
poll,1060,718313127875,718313127875,10.598571429
poll,1060,718313132889,718313132889,10.599070295
poll,1070,718314048627,718314048628,10.690612245
poll,1070,718314053640,718314053641,10.691111111
poll,1070,718314058650,718314058651,10.691632653
poll,1070,718314063660,718314063661,10.692131519
poll,1070,718314068675,718314068675,10.692630385
poll,1070,718314073685,718314073686,10.693129252
poll,1070,718314078700,718314078701,10.693628118
poll,1070,718314083717,718314083717,10.694126984
poll,1070,718314088720,718314088720,10.694625850
poll,1070,718314093734,718314093735,10.695124717
poll,1070,718314098743,718314098744,10.695623583
poll,1070,718314103749,718314103750,10.696122449
poll,1070,718314108764,718314108765,10.696643991
poll,1070,718314113773,718314113774,10.697142857
poll,1070,718314118791,718314118792,10.697641723
poll,1070,718314123803,718314123804,10.698140590
poll,1070,718314128820,718314128821,10.698639456
poll,1070,718314133825,718314133826,10.699138322
poll,1080,718315047838,718315047839,10.790566893
poll,1080,718315052852,718315052853,10.791065760
poll,1080,718315057866,718315057867,10.791564626
poll,1080,718315062883,718315062883,10.792063492
poll,1080,718315067898,718315067898,10.792562358
poll,1080,718315072912,718315072913,10.793061224
poll,1080,718315077924,718315077924,10.793582766
poll,1080,718315082927,718315082927,10.794081633
poll,1080,718315087936,718315087937,10.794580499
poll,1080,718315092951,718315092952,10.795079365
poll,1080,718315097970,718315097971,10.795578231
poll,1080,718315102981,718315102981,10.796077098
poll,1080,718315107991,718315107991,10.796575964
poll,1080,718315113004,718315113005,10.797074830
poll,1080,718315118018,718315118019,10.797573696
poll,1080,718315123029,718315123030,10.798095238
poll,1080,718315128038,718315128038,10.798594104
poll,1080,718315133045,718315133046,10.799092971
poll,1090,718316048610,718316048611,10.890589569
poll,1090,718316053618,718316053618,10.891088435
poll,1090,718316058626,718316058627,10.891609977
poll,1090,718316063637,718316063647,10.892108844
poll,1090,718316068667,718316068667,10.892607710
poll,1090,718316073669,718316073669,10.893106576
poll,1090,718316078673,718316078673,10.893605442
poll,1090,718316083682,718316083683,10.894104308
poll,1090,718316088690,718316088691,10.894603175
poll,1090,718316093700,718316093701,10.895102041
poll,1090,718316098716,718316098716,10.895600907
poll,1090,718316103730,718316103730,10.896099773
poll,1090,718316108742,718316108742,10.896621315
poll,1090,718316113747,718316113747,10.897120181
poll,1090,718316118753,718316118754,10.897619048
poll,1090,718316123759,718316123759,10.898117914
poll,1090,718316128763,718316128763,10.898616780
poll,1090,718316133764,718316133765,10.899115646
poll,1100,718317048012,718317048012,10.990566893
poll,1100,718317053015,718317053016,10.991065760
poll,1100,718317058017,718317058018,10.991564626
poll,1100,718317063024,718317063024,10.992063492
poll,1100,718317068026,718317068027,10.992562358
poll,1100,718317073033,718317073033,10.993061224
poll,1100,718317078039,718317078040,10.993560091
poll,1100,718317083049,718317083050,10.994058957
poll,1100,718317088057,718317088058,10.994580499
poll,1100,718317093065,718317093066,10.995079365
poll,1100,718317098073,718317098073,10.995578231
poll,1100,718317103085,718317103086,10.996077098
poll,1100,718317108093,718317108093,10.996575964
poll,1100,718317113098,718317113099,10.997074830
poll,1100,718317118110,718317118110,10.997573696
poll,1100,718317123118,718317123119,10.998072562
poll,1100,718317128127,718317128127,10.998571429
poll,1100,718317133135,718317133136,10.999070295
poll,1110,718318047663,718318047675,11.090566893
poll,1110,718318052690,718318052692,11.091065760
poll,1110,718318057695,718318057696,11.091564626
poll,1110,718318062698,718318062699,11.092063492
poll,1110,718318067700,718318067701,11.092562358
poll,1110,718318072710,718318072710,11.093061224
poll,1110,718318077713,718318077713,11.093560091
poll,1110,718318082716,718318082716,11.094058957
poll,1110,718318087722,718318087733,11.094557823
poll,1110,718318092746,718318092747,11.095056689
poll,1110,718318097761,718318097762,11.095578231
poll,1110,718318102778,718318102778,11.096077098
poll,1110,718318107782,718318107782,11.096575964
poll,1110,718318112800,718318112800,11.097074830
poll,1110,718318117804,718318117805,11.097573696
poll,1110,718318122818,718318122818,11.098072562
poll,1110,718318127824,718318127824,11.098571429
poll,1110,718318132826,718318132827,11.099070295
poll,1120,718319047891,718319047892,11.190566893
poll,1120,718319052909,718319052910,11.191065760
poll,1120,718319057924,718319057925,11.191564626
poll,1120,718319062935,718319062935,11.192063492
poll,1120,718319067938,718319067938,11.192562358
poll,1120,718319072948,718319072948,11.193061224
poll,1120,718319077955,718319077955,11.193560091
poll,1120,718319082965,718319082966,11.194058957
poll,1120,718319087980,718319087981,11.194557823
poll,1120,718319092995,718319092997,11.195056689
poll,1120,718319097999,718319098001,11.195578231
poll,1120,718319103012,718319103013,11.196077098
poll,1120,718319108019,718319108019,11.196575964
poll,1120,718319113032,718319113032,11.197074830
poll,1120,718319118040,718319118041,11.197573696
poll,1120,718319123052,718319123053,11.198072562
poll,1120,718319128069,718319128070,11.198571429
poll,1120,718319133075,718319133075,11.199070295
poll,1130,718320048649,718320048650,11.290634921
poll,1130,718320053666,718320053667,11.291133787
poll,1130,718320058674,718320058675,11.291632653
poll,1130,718320063691,718320063692,11.292131519
poll,1130,718320068704,718320068704,11.292630385
poll,1130,718320073720,718320073720,11.293129252
poll,1130,718320078732,718320078733,11.293628118
poll,1130,718320083745,718320083746,11.294126984
poll,1130,718320088757,718320088758,11.294648526
poll,1130,718320093764,718320093765,11.295147392
poll,1130,718320098778,718320098778,11.295646259
poll,1130,718320103783,718320103784,11.296145125
poll,1130,718320108796,718320108796,11.296643991
poll,1130,718320113801,718320113802,11.297142857
poll,1130,718320118813,718320118814,11.297641723
poll,1130,718320124034,718320124039,11.298163265
poll,1130,718320129055,718320129056,11.298662132
poll,1130,718320134068,718320134069,11.299160998
poll,1140,718321048981,718321048987,11.390657596
poll,1140,718321054000,718321054012,11.391156463
poll,1140,718321059031,718321059032,11.391655329
poll,1140,718321064044,718321064045,11.392154195
poll,1140,718321069047,718321069048,11.392653061
poll,1140,718321074063,718321074064,11.393151927
poll,1140,718321079065,718321079066,11.393650794
poll,1140,718321084081,718321084082,11.394172336
poll,1140,718321089099,718321089100,11.394671202
poll,1140,718321094113,718321094113,11.395170068
poll,1140,718321099116,718321099117,11.395668934
poll,1140,718321104131,718321104132,11.396167800
poll,1140,718321109144,718321109145,11.396666667
poll,1140,718321114159,718321114159,11.397165533
poll,1140,718321119172,718321119172,11.397664399
poll,1140,718321124186,718321124187,11.398163265
poll,1140,718321129199,718321129199,11.398662132
poll,1140,718321134215,718321134215,11.399183673
poll,1150,718322047887,718322047888,11.490544218
poll,1150,718322052907,718322052908,11.491065760
poll,1150,718322057910,718322057911,11.491564626
poll,1150,718322062924,718322062924,11.492063492
poll,1150,718322067926,718322067927,11.492562358
poll,1150,718322072940,718322072941,11.493061224
poll,1150,718322077953,718322077953,11.493560091
poll,1150,718322082969,718322082969,11.494058957
poll,1150,718322087979,718322087979,11.494557823
poll,1150,718322092982,718322092982,11.495056689
poll,1150,718322097988,718322097989,11.495555556
poll,1150,718322103000,718322103000,11.496054422
poll,1150,718322108006,718322108007,11.496575964
poll,1150,718322113019,718322113020,11.497074830
poll,1150,718322118032,718322118033,11.497573696
poll,1150,718322123050,718322123051,11.498072562
poll,1150,718322128069,718322128070,11.498571429
poll,1150,718322133082,718322133083,11.499070295
poll,1160,718323047981,718323047982,11.590566893
poll,1160,718323052996,718323052996,11.591065760
poll,1160,718323058011,718323058012,11.591564626
poll,1160,718323063024,718323063024,11.592063492
poll,1160,718323068036,718323068037,11.592562358
poll,1160,718323073046,718323073047,11.593083900
poll,1160,718323078049,718323078049,11.593582766
poll,1160,718323083063,718323083064,11.594081633
poll,1160,718323088075,718323088076,11.594580499
poll,1160,718323093093,718323093098,11.595079365
poll,1160,718323098115,718323098116,11.595578231
poll,1160,718323103122,718323103123,11.596077098
poll,1160,718323108138,718323108139,11.596575964
poll,1160,718323113153,718323113154,11.597074830
poll,1160,718323118171,718323118171,11.597596372
poll,1160,718323123189,718323123190,11.598095238
poll,1160,718323128204,718323128205,11.598594104
poll,1160,718323133220,718323133221,11.599092971
poll,1170,718324048720,718324048731,11.690612245
poll,1170,718324053751,718324053752,11.691111111
poll,1170,718324058763,718324058763,11.691609977
poll,1170,718324063773,718324063773,11.692131519
poll,1170,718324068781,718324068782,11.692630385
poll,1170,718324073795,718324073806,11.693129252
poll,1170,718324078816,718324078817,11.693628118
poll,1170,718324083827,718324083828,11.694126984
poll,1170,718324088841,718324088841,11.694625850
poll,1170,718324093849,718324093850,11.695124717
poll,1170,718324098861,718324098862,11.695623583
poll,1170,718324103877,718324103877,11.696122449
poll,1170,718324108892,718324108893,11.696643991
poll,1170,718324113899,718324113900,11.697142857
poll,1170,718324118914,718324118915,11.697641723
poll,1170,718324123932,718324123933,11.698140590
poll,1170,718324128948,718324128949,11.698639456
poll,1170,718324133955,718324133956,11.699138322
poll,1180,718325048177,718325048178,11.790566893
poll,1180,718325053194,718325053195,11.791065760
poll,1180,718325058197,718325058197,11.791564626
poll,1180,718325063211,718325063212,11.792063492
poll,1180,718325068224,718325068225,11.792562358
poll,1180,718325073238,718325073239,11.793083900
poll,1180,718325078253,718325078253,11.793582766
poll,1180,718325083261,718325083262,11.794081633
poll,1180,718325088264,718325088265,11.794580499
poll,1180,718325093282,718325093283,11.795079365
poll,1180,718325098300,718325098300,11.795578231
poll,1180,718325103316,718325103316,11.796077098
poll,1180,718325108327,718325108331,11.796575964
poll,1180,718325113349,718325113350,11.797074830
poll,1180,718325118368,718325118369,11.797596372
poll,1180,718325123380,718325123381,11.798095238
poll,1180,718325128392,718325128393,11.798594104
poll,1180,718325133403,718325133404,11.799092971
poll,1190,718326047794,718326047795,11.890544218
poll,1190,718326052803,718326052807,11.891065760
poll,1190,718326057814,718326057815,11.891564626
poll,1190,718326062821,718326062822,11.892063492
poll,1190,718326067831,718326067832,11.892562358
poll,1190,718326072837,718326072837,11.893061224
poll,1190,718326077846,718326077847,11.893560091
poll,1190,718326082860,718326082861,11.894058957
poll,1190,718326087871,718326087872,11.894557823
poll,1190,718326092883,718326092884,11.895056689
poll,1190,718326097895,718326097895,11.895555556
poll,1190,718326102903,718326102903,11.896054422
poll,1190,718326107914,718326107914,11.896575964
poll,1190,718326112930,718326112931,11.897074830
poll,1190,718326117946,718326117946,11.897573696
poll,1190,718326122958,718326122958,11.898072562
poll,1190,718326127972,718326127972,11.898571429
poll,1190,718326132989,718326132989,11.899070295
poll,1200,718327048021,718327048022,11.990566893
poll,1200,718327053039,718327053040,11.991065760
poll,1200,718327058048,718327058048,11.991564626
poll,1200,718327063056,718327063056,11.992063492
poll,1200,718327068065,718327068066,11.992562358
poll,1200,718327073069,718327073069,11.993061224
poll,1200,718327078076,718327078077,11.993582766
poll,1200,718327083095,718327083096,11.994081633
poll,1200,718327088097,718327088098,11.994580499
poll,1200,718327093116,718327093117,11.995079365
poll,1200,718327098131,718327098131,11.995578231
poll,1200,718327103148,718327103148,11.996077098
poll,1200,718327108159,718327108160,11.996575964
poll,1200,718327113164,718327113165,11.997074830
poll,1200,718327118175,718327118176,11.997573696
poll,1200,718327123182,718327123182,11.998072562
poll,1200,718327128193,718327128194,11.998594104
poll,1200,718327133205,718327133206,11.999092971
poll,1210,718328047825,718328047826,12.090544218
poll,1210,718328052834,718328052834,12.091043084
poll,1210,718328057842,718328057842,12.091541950
poll,1210,718328062849,718328062850,12.092040816
poll,1210,718328067852,718328067852,12.092562358
poll,1210,718328072857,718328072858,12.093061224
poll,1210,718328077860,718328077861,12.093560091
poll,1210,718328082867,718328082868,12.094058957
poll,1210,718328087875,718328087880,12.094557823
poll,1210,718328092894,718328092894,12.095056689
poll,1210,718328097902,718328097902,12.095555556
poll,1210,718328102907,718328102908,12.096054422
poll,1210,718328107926,718328107926,12.096553288
poll,1210,718328112938,718328112939,12.097052154
poll,1210,718328117945,718328117946,12.097551020
poll,1210,718328122977,718328122978,12.098072562
poll,1210,718328127984,718328127985,12.098571429
poll,1210,718328132992,718328132993,12.099070295
poll,1220,718329048001,718329048003,12.190566893
poll,1220,718329053018,718329053019,12.191065760
poll,1220,718329058023,718329058023,12.191564626
poll,1220,718329063028,718329063040,12.192063492
poll,1220,718329068060,718329068060,12.192562358
poll,1220,718329073077,718329073078,12.193061224
poll,1220,718329078081,718329078082,12.193560091
poll,1220,718329083096,718329083096,12.194058957
poll,1220,718329088109,718329088111,12.194557823
poll,1220,718329093112,718329093113,12.195079365
poll,1220,718329098131,718329098132,12.195578231
poll,1220,718329103137,718329103138,12.196077098
poll,1220,718329108152,718329108153,12.196575964
poll,1220,718329113155,718329113155,12.197074830
poll,1220,718329118156,718329118157,12.197573696
poll,1220,718329123172,718329123173,12.198072562
poll,1220,718329128183,718329128183,12.198571429
poll,1220,718329133199,718329133200,12.199070295
poll,1230,718330047899,718330047900,12.290566893
poll,1230,718330052910,718330052910,12.291065760
poll,1230,718330057926,718330057926,12.291564626
poll,1230,718330062940,718330062940,12.292063492
poll,1230,718330067956,718330067956,12.292585034
poll,1230,718330072967,718330072967,12.293083900
poll,1230,718330077996,718330077997,12.293582766
poll,1230,718330083014,718330083015,12.294081633
poll,1230,718330088188,718330088189,12.294603175
poll,1230,718330093193,718330093193,12.295102041
poll,1230,718330098198,718330098199,12.295600907
poll,1230,718330103200,718330103201,12.296099773
poll,1230,718330108211,718330108212,12.296598639
poll,1230,718330113228,718330113229,12.297097506
poll,1230,718330118240,718330118241,12.297596372
poll,1230,718330123258,718330123258,12.298095238
poll,1230,718330128271,718330128272,12.298616780
poll,1230,718330133406,718330133407,12.299115646
poll,1240,718331047736,718331047737,12.390544218
poll,1240,718331052744,718331052745,12.391043084
poll,1240,718331057751,718331057752,12.391541950
poll,1240,718331062759,718331062771,12.392040816
poll,1240,718331067795,718331067796,12.392562358
poll,1240,718331072806,718331072807,12.393061224
poll,1240,718331077812,718331077823,12.393560091
poll,1240,718331082847,718331082851,12.394058957
poll,1240,718331087864,718331087864,12.394557823
poll,1240,718331092879,718331092879,12.395056689
poll,1240,718331097889,718331097889,12.395555556
poll,1240,718331102895,718331102896,12.396054422
poll,1240,718331107897,718331107898,12.396575964
poll,1240,718331112900,718331112900,12.397074830
poll,1240,718331117913,718331117914,12.397573696
poll,1240,718331122924,718331122925,12.398072562
poll,1240,718331127931,718331127932,12.398571429
poll,1240,718331132948,718331132949,12.399070295
poll,1250,718332047866,718332047867,12.490544218
poll,1250,718332052872,718332052872,12.491043084
poll,1250,718332057873,718332057874,12.491541950
poll,1250,718332062878,718332062878,12.492063492
poll,1250,718332067891,718332067891,12.492562358
poll,1250,718332072907,718332072908,12.493061224
poll,1250,718332077923,718332077924,12.493560091
poll,1250,718332082936,718332082937,12.494058957
poll,1250,718332087945,718332087945,12.494557823
poll,1250,718332092946,718332092947,12.495056689
poll,1250,718332097963,718332097963,12.495555556
poll,1250,718332102976,718332102977,12.496054422
poll,1250,718332107993,718332107994,12.496553288
poll,1250,718332113011,718332113011,12.497074830
poll,1250,718332118015,718332118015,12.497573696
poll,1250,718332123031,718332123032,12.498072562
poll,1250,718332128046,718332128047,12.498571429
poll,1250,718332133063,718332133063,12.499070295
poll,1260,718333049017,718333049019,12.590634921
poll,1260,718333054025,718333054025,12.591133787
poll,1260,718333059035,718333059036,12.591632653
poll,1260,718333064052,718333064052,12.592131519
poll,1260,718333069066,718333069066,12.592630385
poll,1260,718333074082,718333074082,12.593129252
poll,1260,718333079099,718333079099,12.593628118
poll,1260,718333084100,718333084101,12.594126984
poll,1260,718333089105,718333089106,12.594648526
poll,1260,718333094124,718333094125,12.595147392
poll,1260,718333099131,718333099132,12.595646259
poll,1260,718333104144,718333104145,12.596145125
poll,1260,718333109157,718333109158,12.596643991
poll,1260,718333114170,718333114170,12.597142857
poll,1260,718333119184,718333119184,12.597641723
poll,1260,718333124191,718333124191,12.598140590
poll,1260,718333129208,718333129208,12.598639456
poll,1260,718333134213,718333134217,12.599138322
poll,1270,718334048171,718334048172,12.690566893
poll,1270,718334053188,718334053188,12.691065760
poll,1270,718334058205,718334058205,12.691564626
poll,1270,718334063214,718334063214,12.692063492
poll,1270,718334068230,718334068230,12.692562358
poll,1270,718334073245,718334073245,12.693083900
poll,1270,718334078259,718334078260,12.693582766
poll,1270,718334083261,718334083272,12.694081633
poll,1270,718334088290,718334088290,12.694580499
poll,1270,718334093300,718334093300,12.695079365
poll,1270,718334098314,718334098315,12.695578231
poll,1270,718334103325,718334103325,12.696077098
poll,1270,718334108332,718334108333,12.696575964
poll,1270,718334113340,718334113340,12.697074830
poll,1270,718334118352,718334118353,12.697596372
poll,1270,718334123359,718334123360,12.698095238
poll,1270,718334128362,718334128362,12.698594104
poll,1270,718334133363,718334133364,12.699092971
poll,1280,718335048798,718335048800,12.790612245
poll,1280,718335053818,718335053819,12.791111111
poll,1280,718335058835,718335058836,12.791609977
poll,1280,718335063843,718335063855,12.792108844
poll,1280,718335068880,718335068881,12.792607710
poll,1280,718335073897,718335073897,12.793106576
poll,1280,718335078904,718335078905,12.793605442
poll,1280,718335083915,718335083915,12.794104308
poll,1280,718335088928,718335088929,12.794625850
poll,1280,718335093941,718335093941,12.795124717
poll,1280,718335098958,718335098971,12.795623583
poll,1280,718335103994,718335103995,12.796122449
poll,1280,718335109010,718335109010,12.796621315
poll,1280,718335114024,718335114025,12.797120181
poll,1280,718335119041,718335119042,12.797619048
poll,1280,718335124055,718335124055,12.798117914
poll,1280,718335129069,718335129069,12.798639456
poll,1280,718335134083,718335134084,12.799138322
poll,1290,718336047940,718336047941,12.890544218
poll,1290,718336052962,718336052963,12.891043084
poll,1290,718336057977,718336057978,12.891541950
poll,1290,718336062987,718336062988,12.892063492
poll,1290,718336067997,718336067998,12.892562358
poll,1290,718336073005,718336073005,12.893061224
poll,1290,718336078015,718336078016,12.893560091
poll,1290,718336083019,718336083019,12.894058957
poll,1290,718336088029,718336088029,12.894557823
poll,1290,718336093038,718336093039,12.895056689
poll,1290,718336098054,718336098054,12.895555556
poll,1290,718336103065,718336103066,12.896054422
poll,1290,718336108077,718336108077,12.896553288
poll,1290,718336113089,718336113090,12.897074830
poll,1290,718336118096,718336118096,12.897573696
poll,1290,718336123108,718336123108,12.898072562
poll,1290,718336128121,718336128122,12.898571429
poll,1290,718336133138,718336133139,12.899070295
poll,1300,718337048937,718337048937,12.990634921
poll,1300,718337053948,718337053949,12.991133787
poll,1300,718337058959,718337058960,12.991632653
poll,1300,718337063973,718337063973,12.992131519
poll,1300,718337068982,718337068983,12.992630385
poll,1300,718337073992,718337073993,12.993129252
poll,1300,718337079005,718337079005,12.993628118
poll,1300,718337084014,718337084015,12.994126984
poll,1300,718337089030,718337089030,12.994625850
poll,1300,718337094038,718337094039,12.995147392
poll,1300,718337099042,718337099042,12.995646259
poll,1300,718337104052,718337104053,12.996145125
poll,1300,718337109062,718337109063,12.996643991
poll,1300,718337114071,718337114071,12.997142857
poll,1300,718337119081,718337119082,12.997641723
poll,1300,718337124090,718337124091,12.998140590
poll,1300,718337129101,718337129102,12.998639456
poll,1300,718337134118,718337134119,12.999138322
poll,1310,718338047948,718338047948,13.090544218
poll,1310,718338052962,718338052963,13.091043084
poll,1310,718338057974,718338057975,13.091564626
poll,1310,718338062993,718338062993,13.092063492
poll,1310,718338068008,718338068009,13.092562358
poll,1310,718338073025,718338073025,13.093061224
poll,1310,718338078042,718338078043,13.093560091
poll,1310,718338083049,718338083050,13.094058957
poll,1310,718338088050,718338088051,13.094557823
poll,1310,718338093054,718338093054,13.095056689
poll,1310,718338098064,718338098065,13.095555556
poll,1310,718338103078,718338103079,13.096054422
poll,1310,718338108089,718338108090,13.096575964
poll,1310,718338113100,718338113101,13.097074830
poll,1310,718338118116,718338118117,13.097573696
poll,1310,718338123128,718338123128,13.098072562
poll,1310,718338128139,718338128139,13.098571429
poll,1310,718338133150,718338133150,13.099070295
poll,1320,718339048071,718339048072,13.190544218
poll,1320,718339053082,718339053082,13.191065760
poll,1320,718339058092,718339058093,13.191564626
poll,1320,718339063098,718339063110,13.192063492
poll,1320,718339068125,718339068126,13.192562358
poll,1320,718339073133,718339073133,13.193061224
poll,1320,718339078144,718339078145,13.193560091
poll,1320,718339083152,718339083153,13.194058957
poll,1320,718339088162,718339088163,13.194557823
poll,1320,718339093171,718339093172,13.195056689
poll,1320,718339098178,718339098178,13.195555556
poll,1320,718339103182,718339103183,13.196077098
poll,1320,718339108186,718339108187,13.196575964
poll,1320,718339113189,718339113190,13.197074830
poll,1320,718339118201,718339118202,13.197573696
poll,1320,718339123214,718339123215,13.198072562
poll,1320,718339128232,718339128232,13.198571429
poll,1320,718339133249,718339133250,13.199070295
poll,1330,718340048078,718340048079,13.290566893
poll,1330,718340053098,718340053099,13.291065760
poll,1330,718340058116,718340058116,13.291564626
poll,1330,718340063119,718340063120,13.292063492
poll,1330,718340068133,718340068133,13.292562358
poll,1330,718340073145,718340073146,13.293061224
poll,1330,718340078162,718340078163,13.293582766
poll,1330,718340083174,718340083174,13.294081633
poll,1330,718340088176,718340088176,13.294580499
poll,1330,718340093177,718340093178,13.295079365
poll,1330,718340098179,718340098183,13.295578231
poll,1330,718340103195,718340103196,13.296077098
poll,1330,718340108200,718340108201,13.296575964
poll,1330,718340113205,718340113206,13.297074830
poll,1330,718340118211,718340118211,13.297573696
poll,1330,718340123219,718340123220,13.298072562
poll,1330,718340128224,718340128224,13.298571429
poll,1330,718340133228,718340133228,13.299070295
poll,1340,718341048742,718341048744,13.390612245
poll,1340,718341053783,718341053784,13.391111111
poll,1340,718341058803,718341058807,13.391609977
poll,1340,718341063818,718341063828,13.392108844
poll,1340,718341068843,718341068844,13.392607710
poll,1340,718341073847,718341073848,13.393106576
poll,1340,718341078858,718341078869,13.393605442
poll,1340,718341083884,718341083885,13.394126984
poll,1340,718341088887,718341088887,13.394625850
poll,1340,718341093905,718341093905,13.395124717
poll,1340,718341098909,718341098909,13.395623583
poll,1340,718341103919,718341103919,13.396122449
poll,1340,718341108928,718341108929,13.396621315
poll,1340,718341113936,718341113937,13.397120181
poll,1340,718341118948,718341118948,13.397619048
poll,1340,718341123956,718341123956,13.398117914
poll,1340,718341128971,718341128972,13.398616780
poll,1340,718341133984,718341133984,13.399115646
poll,1350,718342048752,718342048753,13.490544218
poll,1350,718342053769,718342053769,13.491043084
poll,1350,718342058781,718342058782,13.491541950
poll,1350,718342063793,718342063794,13.492063492
poll,1350,718342068803,718342068804,13.492562358
poll,1350,718342073812,718342073813,13.493061224
poll,1350,718342078824,718342078825,13.493560091
poll,1350,718342083839,718342083840,13.494058957
poll,1350,718342088851,718342088852,13.494557823
poll,1350,718342093861,718342093861,13.495056689
poll,1350,718342098865,718342098866,13.495555556
poll,1350,718342103870,718342103870,13.496054422
poll,1350,718342108884,718342108885,13.496553288
poll,1350,718342113895,718342113895,13.497074830
poll,1350,718342118910,718342118911,13.497573696
poll,1350,718342123922,718342123923,13.498072562
poll,1350,718342128936,718342128936,13.498571429
poll,1350,718342133952,718342133953,13.499070295
poll,1360,718343048834,718343048845,13.590589569
poll,1360,718343053979,718343053979,13.591111111
poll,1360,718343058988,718343058989,13.591609977
poll,1360,718343064000,718343064001,13.592108844
poll,1360,718343069013,718343069013,13.592607710
poll,1360,718343074017,718343074018,13.593106576
poll,1360,718343079031,718343079031,13.593605442
poll,1360,718343084038,718343084039,13.594104308
poll,1360,718343089047,718343089048,13.594603175
poll,1360,718343094050,718343094050,13.595102041
poll,1360,718343099061,718343099062,13.595600907
poll,1360,718343104077,718343104081,13.596099773
poll,1360,718343109098,718343109099,13.596621315
poll,1360,718343114110,718343114111,13.597120181
poll,1360,718343119120,718343119120,13.597619048
poll,1360,718343124135,718343124135,13.598117914
poll,1360,718343129148,718343129149,13.598616780
poll,1360,718343134164,718343134165,13.599115646
poll,1370,718344047974,718344047979,13.690544218
poll,1370,718344052998,718344052999,13.691043084
poll,1370,718344058016,718344058016,13.691564626
poll,1370,718344063022,718344063022,13.692063492
poll,1370,718344068035,718344068036,13.692562358
poll,1370,718344073053,718344073054,13.693061224
poll,1370,718344078059,718344078060,13.693560091
poll,1370,718344083064,718344083065,13.694058957
poll,1370,718344088079,718344088080,13.694557823
poll,1370,718344093088,718344093089,13.695056689
poll,1370,718344098106,718344098106,13.695555556
poll,1370,718344103111,718344103111,13.696054422
poll,1370,718344108114,718344108114,13.696553288
poll,1370,718344113131,718344113132,13.697074830
poll,1370,718344118147,718344118148,13.697573696
poll,1370,718344123154,718344123155,13.698072562
poll,1370,718344128170,718344128171,13.698571429
poll,1370,718344133184,718344133185,13.699070295
poll,1380,718345048700,718345048701,13.790589569
poll,1380,718345053715,718345053715,13.791088435
poll,1380,718345058747,718345058747,13.791587302
poll,1380,718345063758,718345063758,13.792086168
poll,1380,718345068768,718345068768,13.792607710
poll,1380,718345073779,718345073779,13.793106576
poll,1380,718345078794,718345078795,13.793605442
poll,1380,718345083797,718345083797,13.794104308
poll,1380,718345088810,718345088810,13.794603175
poll,1380,718345093822,718345093823,13.795102041
poll,1380,718345098826,718345098826,13.795600907
poll,1380,718345103839,718345103840,13.796099773
poll,1380,718345108855,718345108856,13.796598639
poll,1380,718345113872,718345113872,13.797097506
poll,1380,718345118880,718345118880,13.797619048
poll,1380,718345123890,718345123891,13.798117914
poll,1380,718345128905,718345128906,13.798616780
poll,1380,718345133912,718345133913,13.799115646
poll,1390,718346048980,718346048981,13.890634921
poll,1390,718346053993,718346053994,13.891133787
poll,1390,718346058995,718346058996,13.891632653
poll,1390,718346063998,718346063999,13.892131519
poll,1390,718346069012,718346069013,13.892630385
poll,1390,718346074028,718346074028,13.893129252
poll,1390,718346079037,718346079038,13.893628118
poll,1390,718346084053,718346084053,13.894126984
poll,1390,718346089067,718346089067,13.894625850
poll,1390,718346094078,718346094079,13.895124717
poll,1390,718346099080,718346099081,13.895623583
poll,1390,718346104084,718346104088,13.896145125
poll,1390,718346109103,718346109103,13.896643991
poll,1390,718346114113,718346114114,13.897142857
poll,1390,718346119117,718346119118,13.897641723
poll,1390,718346124133,718346124133,13.898140590
poll,1390,718346129147,718346129147,13.898639456
poll,1390,718346134161,718346134161,13.899138322
poll,1400,718347049017,718347049019,13.990634921
poll,1400,718347054031,718347054032,13.991133787
poll,1400,718347059047,718347059048,13.991632653
poll,1400,718347064060,718347064061,13.992131519
poll,1400,718347069075,718347069076,13.992630385
poll,1400,718347074089,718347074089,13.993129252
poll,1400,718347079100,718347079100,13.993628118
poll,1400,718347084112,718347084112,13.994126984
poll,1400,718347089128,718347089128,13.994648526
poll,1400,718347094140,718347094141,13.995147392
poll,1400,718347099157,718347099158,13.995646259
poll,1400,718347104171,718347104171,13.996145125
poll,1400,718347109184,718347109184,13.996643991
poll,1400,718347114195,718347114196,13.997142857
poll,1400,718347119206,718347119206,13.997641723
poll,1400,718347124217,718347124217,13.998140590
poll,1400,718347129227,718347129227,13.998639456
poll,1400,718347134237,718347134238,13.999160998
poll,1410,718348047988,718348047989,14.090544218
poll,1410,718348052995,718348052996,14.091043084
poll,1410,718348058011,718348058011,14.091541950
poll,1410,718348063018,718348063018,14.092063492
poll,1410,718348068030,718348068030,14.092562358
poll,1410,718348073040,718348073040,14.093061224
poll,1410,718348078053,718348078053,14.093560091
poll,1410,718348083065,718348083065,14.094058957
poll,1410,718348088076,718348088077,14.094557823
poll,1410,718348093093,718348093094,14.095056689
poll,1410,718348098112,718348098112,14.095555556
poll,1410,718348103130,718348103130,14.096054422
poll,1410,718348108142,718348108143,14.096575964
poll,1410,718348113151,718348113151,14.097074830
poll,1410,718348118164,718348118165,14.097573696
poll,1410,718348123178,718348123179,14.098072562
poll,1410,718348128190,718348128191,14.098571429
poll,1410,718348133198,718348133198,14.099070295
poll,1420,718349047952,718349047952,14.190544218
poll,1420,718349052972,718349052972,14.191065760
poll,1420,718349057989,718349057990,14.191564626
poll,1420,718349063017,718349063037,14.192063492
poll,1420,718349068074,718349068075,14.192562358
poll,1420,718349073088,718349073089,14.193061224
poll,1420,718349078096,718349078096,14.193560091
poll,1420,718349083099,718349083100,14.194058957
poll,1420,718349088104,718349088111,14.194580499
poll,1420,718349093124,718349093124,14.195079365
poll,1420,718349098142,718349098143,14.195578231
poll,1420,718349103150,718349103151,14.196077098
poll,1420,718349108159,718349108159,14.196575964
poll,1420,718349113163,718349113164,14.197074830
poll,1420,718349118166,718349118166,14.197573696
poll,1420,718349123181,718349123182,14.198072562
poll,1420,718349128197,718349128197,14.198571429
poll,1420,718349133206,718349133207,14.199070295
poll,1430,718350048585,718350048586,14.290589569
poll,1430,718350053590,718350053590,14.291088435
poll,1430,718350058592,718350058593,14.291587302
poll,1430,718350063601,718350063613,14.292108844
poll,1430,718350068626,718350068627,14.292607710
poll,1430,718350073642,718350073643,14.293106576
poll,1430,718350078648,718350078648,14.293605442
poll,1430,718350083654,718350083654,14.294104308
poll,1430,718350088656,718350088657,14.294603175
poll,1430,718350093664,718350093665,14.295102041
poll,1430,718350098666,718350098667,14.295600907
poll,1430,718350103669,718350103670,14.296099773
poll,1430,718350108686,718350108687,14.296598639
poll,1430,718350113691,718350113691,14.297097506
poll,1430,718350118694,718350118694,14.297596372
poll,1430,718350123699,718350123700,14.298117914
poll,1430,718350128702,718350128703,14.298616780
poll,1430,718350133711,718350133711,14.299115646
poll,1440,718351048049,718351048050,14.390566893
poll,1440,718351053067,718351053067,14.391065760
poll,1440,718351058083,718351058083,14.391564626
poll,1440,718351063086,718351063096,14.392063492
poll,1440,718351068119,718351068119,14.392562358
poll,1440,718351073137,718351073137,14.393061224
poll,1440,718351078149,718351078160,14.393560091
poll,1440,718351083176,718351083177,14.394058957
poll,1440,718351088189,718351088189,14.394580499
poll,1440,718351093193,718351093194,14.395079365
poll,1440,718351098205,718351098205,14.395578231
poll,1440,718351103219,718351103219,14.396077098
poll,1440,718351108231,718351108232,14.396575964
poll,1440,718351113246,718351113246,14.397074830
poll,1440,718351118259,718351118259,14.397573696
poll,1440,718351123270,718351123270,14.398072562
poll,1440,718351128278,718351128279,14.398571429
poll,1440,718351133293,718351133293,14.399070295
poll,1450,718352048052,718352048053,14.490544218
poll,1450,718352053062,718352053063,14.491065760
poll,1450,718352058066,718352058066,14.491564626
poll,1450,718352063070,718352063071,14.492063492
poll,1450,718352068089,718352068090,14.492562358
poll,1450,718352073101,718352073101,14.493061224
poll,1450,718352078103,718352078104,14.493560091
poll,1450,718352083110,718352083111,14.494058957
poll,1450,718352088120,718352088120,14.494557823
poll,1450,718352093132,718352093132,14.495056689
poll,1450,718352098139,718352098144,14.495555556
poll,1450,718352103167,718352103167,14.496077098
poll,1450,718352108185,718352108185,14.496575964
poll,1450,718352113204,718352113205,14.497074830
poll,1450,718352118208,718352118209,14.497573696
poll,1450,718352123213,718352123213,14.498072562
poll,1450,718352128231,718352128231,14.498571429
poll,1450,718352133243,718352133244,14.499070295
poll,1460,718353048571,718353048572,14.590566893
poll,1460,718353053578,718353053579,14.591065760
poll,1460,718353058582,718353058583,14.591564626
poll,1460,718353063594,718353063606,14.592063492
poll,1460,718353068645,718353068645,14.592585034
poll,1460,718353073657,718353073657,14.593083900
poll,1460,718353078674,718353078675,14.593582766
poll,1460,718353083681,718353083681,14.594081633
poll,1460,718353088692,718353088693,14.594580499
poll,1460,718353093702,718353093702,14.595079365
poll,1460,718353098704,718353098705,14.595578231
poll,1460,718353103715,718353103715,14.596077098
poll,1460,718353108731,718353108731,14.596575964
poll,1460,718353113734,718353113735,14.597074830
poll,1460,718353118745,718353118746,14.597596372
poll,1460,718353123760,718353123760,14.598095238
poll,1460,718353128773,718353128774,14.598594104
poll,1460,718353133777,718353133777,14.599092971
poll,1470,718354048057,718354048058,14.690544218
poll,1470,718354053069,718354053070,14.691043084
poll,1470,718354058078,718354058079,14.691564626
poll,1470,718354063091,718354063092,14.692063492
poll,1470,718354068108,718354068108,14.692562358
poll,1470,718354073124,718354073124,14.693061224
poll,1470,718354078126,718354078127,14.693560091
poll,1470,718354083133,718354083133,14.694058957
poll,1470,718354088144,718354088145,14.694557823
poll,1470,718354093163,718354093164,14.695056689
poll,1470,718354098181,718354098182,14.695555556
poll,1470,718354103200,718354103200,14.696077098
poll,1470,718354108217,718354108217,14.696575964
poll,1470,718354113221,718354113221,14.697074830
poll,1470,718354118226,718354118226,14.697573696
poll,1470,718354123238,718354123238,14.698072562
poll,1470,718354128254,718354128254,14.698571429
poll,1470,718354133268,718354133269,14.699070295
poll,1480,718355047862,718355047863,14.790544218
poll,1480,718355052875,718355052875,14.791043084
poll,1480,718355057881,718355057882,14.791541950
poll,1480,718355062887,718355062888,14.792040816
poll,1480,718355067897,718355067898,14.792539683
poll,1480,718355072907,718355072908,14.793061224
poll,1480,718355077925,718355077930,14.793560091
poll,1480,718355082945,718355082946,14.794058957
poll,1480,718355087952,718355087953,14.794557823
poll,1480,718355092958,718355092959,14.795056689
poll,1480,718355097969,718355097970,14.795555556
poll,1480,718355102974,718355102975,14.796054422
poll,1480,718355107984,718355107984,14.796553288
poll,1480,718355112993,718355112994,14.797052154
poll,1480,718355118003,718355118004,14.797551020
poll,1480,718355123015,718355123015,14.798049887
poll,1480,718355128030,718355128031,14.798571429
poll,1480,718355133040,718355133041,14.799070295
poll,1490,718356048300,718356048301,14.890566893
poll,1490,718356053311,718356053311,14.891065760
poll,1490,718356058319,718356058320,14.891564626
poll,1490,718356063326,718356063327,14.892063492
poll,1490,718356068335,718356068335,14.892562358
poll,1490,718356073341,718356073341,14.893061224
poll,1490,718356078348,718356078349,14.893582766
poll,1490,718356083359,718356083359,14.894081633
poll,1490,718356088371,718356088372,14.894580499
poll,1490,718356093386,718356093386,14.895079365
poll,1490,718356098396,718356098396,14.895578231
poll,1490,718356103406,718356103407,14.896077098
poll,1490,718356108416,718356108416,14.896575964
poll,1490,718356113432,718356113433,14.897074830
poll,1490,718356118436,718356118437,14.897573696
poll,1490,718356123441,718356123441,14.898072562
poll,1490,718356128443,718356128444,14.898571429
poll,1490,718356133456,718356133457,14.899092971
poll,1500,718357048334,718357048335,14.990566893
poll,1500,718357053353,718357053353,14.991065760
poll,1500,718357058358,718357058358,14.991564626
poll,1500,718357063363,718357063364,14.992063492
poll,1500,718357068381,718357068382,14.992562358
poll,1500,718357073395,718357073395,14.993083900
poll,1500,718357078397,718357078398,14.993582766
poll,1500,718357083401,718357083402,14.994081633
poll,1500,718357088409,718357088410,14.994580499
poll,1500,718357093417,718357093418,14.995079365
poll,1500,718357098429,718357098430,14.995578231
poll,1500,718357103439,718357103440,14.996077098
poll,1500,718357108445,718357108446,14.996575964
poll,1500,718357113455,718357113456,14.997074830
poll,1500,718357118468,718357118469,14.997573696
poll,1500,718357123483,718357123487,14.998072562
poll,1500,718357128499,718357128505,14.998594104
poll,1500,718357133515,718357133515,14.999092971
poll,1510,718358048144,718358048145,15.090544218
poll,1510,718358053148,718358053149,15.091043084
poll,1510,718358058152,718358058152,15.091541950
poll,1510,718358063155,718358063156,15.092063492
poll,1510,718358068164,718358068165,15.092562358
poll,1510,718358073176,718358073177,15.093061224
poll,1510,718358078182,718358078183,15.093560091
poll,1510,718358083193,718358083193,15.094058957
poll,1510,718358088203,718358088204,15.094557823
poll,1510,718358093219,718358093220,15.095056689
poll,1510,718358098227,718358098227,15.095555556
poll,1510,718358103236,718358103237,15.096054422
poll,1510,718358108246,718358108247,15.096553288
poll,1510,718358113257,718358113258,15.097052154
poll,1510,718358118265,718358118266,15.097573696
poll,1510,718358123270,718358123270,15.098072562
poll,1510,718358128274,718358128274,15.098571429
poll,1510,718358133279,718358133280,15.099070295
poll,1520,718359048280,718359048281,15.190566893
poll,1520,718359053299,718359053299,15.191065760
poll,1520,718359058316,718359058317,15.191564626
poll,1520,718359063325,718359063326,15.192063492
poll,1520,718359068341,718359068342,15.192585034
poll,1520,718359073356,718359073356,15.193083900
poll,1520,718359078371,718359078371,15.193582766
poll,1520,718359083385,718359083398,15.194081633
poll,1520,718359088412,718359088412,15.194580499
poll,1520,718359093419,718359093421,15.195079365
poll,1520,718359098435,718359098436,15.195578231
poll,1520,718359103454,718359103455,15.196077098
poll,1520,718359108470,718359108471,15.196598639
poll,1520,718359113487,718359113487,15.197097506
poll,1520,718359118503,718359118504,15.197596372
poll,1520,718359123522,718359123522,15.198095238
poll,1520,718359128538,718359128538,15.198594104
poll,1520,718359133540,718359133541,15.199092971
poll,1530,718360048452,718360048453,15.290566893
poll,1530,718360053460,718360053461,15.291065760
poll,1530,718360058470,718360058471,15.291587302
poll,1530,718360063477,718360063478,15.292086168
poll,1530,718360068487,718360068488,15.292585034
poll,1530,718360073496,718360073496,15.293083900
poll,1530,718360078504,718360078505,15.293582766
poll,1530,718360083508,718360083518,15.294081633
poll,1530,718360088542,718360088543,15.294580499
poll,1530,718360093554,718360093554,15.295079365
poll,1530,718360098560,718360098560,15.295578231
poll,1530,718360103578,718360103579,15.296077098
poll,1530,718360108593,718360108594,15.296598639
poll,1530,718360113597,718360113598,15.297097506
poll,1530,718360118616,718360118617,15.297596372
poll,1530,718360123622,718360123625,15.298095238
poll,1530,718360128639,718360128640,15.298594104
poll,1530,718360133651,718360133652,15.299092971
poll,1540,718361048774,718361048785,15.390612245
poll,1540,718361053802,718361053803,15.391111111
poll,1540,718361058818,718361058819,15.391609977
poll,1540,718361063830,718361063831,15.392108844
poll,1540,718361068846,718361068846,15.392607710
poll,1540,718361073858,718361073858,15.393106576
poll,1540,718361078876,718361078877,15.393605442
poll,1540,718361083905,718361083906,15.394104308
poll,1540,718361088918,718361088919,15.394625850
poll,1540,718361093924,718361093925,15.395124717
poll,1540,718361098941,718361098942,15.395623583
poll,1540,718361103949,718361103950,15.396122449
poll,1540,718361108955,718361108956,15.396621315
poll,1540,718361113965,718361113966,15.397120181
poll,1540,718361118971,718361118972,15.397619048
poll,1540,718361123983,718361123984,15.398117914
poll,1540,718361128996,718361128997,15.398616780
poll,1540,718361134008,718361134009,15.399115646
poll,1550,718362048201,718362048202,15.490544218
poll,1550,718362053210,718362053210,15.491065760
poll,1550,718362058216,718362058217,15.491564626
poll,1550,718362063219,718362063219,15.492063492
poll,1550,718362068223,718362068223,15.492562358
poll,1550,718362073224,718362073225,15.493061224
poll,1550,718362078227,718362078228,15.493560091
poll,1550,718362083239,718362083240,15.494058957
poll,1550,718362088247,718362088247,15.494557823
poll,1550,718362093255,718362093255,15.495056689
poll,1550,718362098263,718362098264,15.495555556
poll,1550,718362103273,718362103274,15.496054422
poll,1550,718362108281,718362108282,15.496553288
poll,1550,718362113287,718362113287,15.497052154
poll,1550,718362118293,718362118294,15.497573696
poll,1550,718362123306,718362123307,15.498072562
poll,1550,718362128314,718362128315,15.498571429
poll,1550,718362133321,718362133321,15.499070295
poll,1560,718363048418,718363048419,15.590566893
poll,1560,718363053438,718363053439,15.591065760
poll,1560,718363058457,718363058458,15.591564626
poll,1560,718363063465,718363063465,15.592063492
poll,1560,718363068471,718363068472,15.592562358
poll,1560,718363073475,718363073476,15.593061224
poll,1560,718363078479,718363078480,15.593582766
poll,1560,718363083490,718363083491,15.594081633
poll,1560,718363088497,718363088498,15.594580499
poll,1560,718363093513,718363093513,15.595079365
poll,1560,718363098519,718363098520,15.595578231
poll,1560,718363103532,718363103533,15.596077098
poll,1560,718363108543,718363108544,15.596575964
poll,1560,718363113549,718363113553,15.597074830
poll,1560,718363118572,718363118573,15.597573696
poll,1560,718363123576,718363123577,15.598072562
poll,1560,718363128595,718363128595,15.598594104
poll,1560,718363133596,718363133597,15.599092971
poll,1570,718364048592,718364048594,15.690589569
poll,1570,718364053605,718364053605,15.691088435
poll,1570,718364058606,718364058607,15.691587302
poll,1570,718364063617,718364063628,15.692108844
poll,1570,718364068640,718364068644,15.692607710
poll,1570,718364073663,718364073663,15.693106576
poll,1570,718364078672,718364078673,15.693605442
poll,1570,718364083685,718364083685,15.694104308
poll,1570,718364088702,718364088702,15.694603175
poll,1570,718364093703,718364093704,15.695102041
poll,1570,718364098711,718364098711,15.695600907
poll,1570,718364103724,718364103724,15.696099773
poll,1570,718364108735,718364108736,15.696621315
poll,1570,718364113747,718364113748,15.697120181
poll,1570,718364118760,718364118761,15.697619048
poll,1570,718364123776,718364123777,15.698117914
poll,1570,718364128792,718364128793,15.698616780
poll,1570,718364133805,718364133806,15.699115646
poll,1580,718365048610,718365048611,15.790589569
poll,1580,718365053622,718365053623,15.791088435
poll,1580,718365058634,718365058635,15.791587302
poll,1580,718365063653,718365063670,15.792086168
poll,1580,718365068695,718365068696,15.792585034
poll,1580,718365073701,718365073701,15.793083900
poll,1580,718365078709,718365078709,15.793582766
poll,1580,718365083715,718365083716,15.794081633
poll,1580,718365088729,718365088730,15.794580499
poll,1580,718365093732,718365093732,15.795102041
poll,1580,718365098744,718365098745,15.795600907
poll,1580,718365103758,718365103759,15.796099773
poll,1580,718365108766,718365108766,15.796598639
poll,1580,718365113779,718365113780,15.797097506
poll,1580,718365118793,718365118793,15.797596372
poll,1580,718365123809,718365123810,15.798095238
poll,1580,718365128818,718365128819,15.798594104
poll,1580,718365133822,718365133823,15.799092971
poll,1590,718366048393,718366048394,15.890566893
poll,1590,718366053407,718366053408,15.891065760
poll,1590,718366058423,718366058423,15.891564626
poll,1590,718366063435,718366063446,15.892086168
poll,1590,718366068470,718366068470,15.892585034
poll,1590,718366073488,718366073488,15.893083900
poll,1590,718366078494,718366078495,15.893582766
poll,1590,718366083511,718366083512,15.894081633
poll,1590,718366088522,718366088522,15.894580499
poll,1590,718366093531,718366093532,15.895079365
poll,1590,718366098549,718366098549,15.895578231
poll,1590,718366103559,718366103559,15.896077098
poll,1590,718366108569,718366108570,15.896598639
poll,1590,718366113581,718366113581,15.897097506
poll,1590,718366118586,718366118586,15.897596372
poll,1590,718366123604,718366123608,15.898095238
poll,1590,718366128629,718366128629,15.898594104
poll,1590,718366133642,718366133643,15.899092971
poll,1600,718367048123,718367048134,15.990566893
poll,1600,718367053154,718367053155,15.991065760
poll,1600,718367058162,718367058163,15.991564626
poll,1600,718367063173,718367063173,15.992063492
poll,1600,718367068189,718367068193,15.992562358
poll,1600,718367073208,718367073209,15.993061224
poll,1600,718367078221,718367078222,15.993560091
poll,1600,718367083234,718367083234,15.994058957
poll,1600,718367088241,718367088241,15.994580499
poll,1600,718367093255,718367093255,15.995079365
poll,1600,718367098268,718367098269,15.995578231
poll,1600,718367103282,718367103283,15.996077098
poll,1600,718367108286,718367108287,15.996575964
poll,1600,718367113303,718367113303,15.997074830
poll,1600,718367118317,718367118317,15.997573696
poll,1600,718367123326,718367123326,15.998072562
poll,1600,718367128335,718367128335,15.998571429
poll,1600,718367133342,718367133342,15.999070295
poll,1610,718368048145,718368048146,16.090544218
poll,1610,718368053160,718368053160,16.091043084
poll,1610,718368058175,718368058175,16.091564626
poll,1610,718368063184,718368063185,16.092063492
poll,1610,718368068195,718368068196,16.092562358
poll,1610,718368073207,718368073207,16.093061224
poll,1610,718368078217,718368078217,16.093560091
poll,1610,718368083229,718368083229,16.094058957
poll,1610,718368088241,718368088242,16.094557823
poll,1610,718368093254,718368093255,16.095056689
poll,1610,718368098267,718368098267,16.095555556
poll,1610,718368103285,718368103285,16.096077098
poll,1610,718368108302,718368108303,16.096575964
poll,1610,718368113315,718368113316,16.097074830
poll,1610,718368118329,718368118330,16.097573696
poll,1610,718368123344,718368123344,16.098072562
poll,1610,718368128358,718368128359,16.098571429
poll,1610,718368133365,718368133365,16.099070295
poll,1620,718369048597,718369048598,16.190589569
poll,1620,718369053605,718369053618,16.191088435
poll,1620,718369058640,718369058640,16.191587302
poll,1620,718369063648,718369063648,16.192086168
poll,1620,718369068666,718369068667,16.192585034
poll,1620,718369073682,718369073683,16.193083900
poll,1620,718369078689,718369078689,16.193582766
poll,1620,718369083704,718369083704,16.194104308
poll,1620,718369088718,718369088720,16.194603175
poll,1620,718369093773,718369093775,16.195102041
poll,1620,718369098789,718369098790,16.195600907
poll,1620,718369103801,718369103806,16.196099773
poll,1620,718369108818,718369108819,16.196598639
poll,1620,718369113836,718369113837,16.197097506
poll,1620,718369118849,718369118850,16.197619048
poll,1620,718369123866,718369123866,16.198117914
poll,1620,718369128880,718369128880,16.198616780
poll,1620,718369133890,718369133891,16.199115646
poll,1630,718370049126,718370049134,16.290634921
poll,1630,718370054160,718370054161,16.291133787
poll,1630,718370059173,718370059173,16.291632653
poll,1630,718370064179,718370064180,16.292131519
poll,1630,718370069187,718370069187,16.292630385
poll,1630,718370074195,718370074195,16.293129252
poll,1630,718370079202,718370079203,16.293628118
poll,1630,718370084207,718370084217,16.294149660
poll,1630,718370089228,718370089229,16.294648526
poll,1630,718370094238,718370094239,16.295147392
poll,1630,718370099251,718370099252,16.295646259
poll,1630,718370104260,718370104261,16.296145125
poll,1630,718370109276,718370109277,16.296643991
poll,1630,718370114279,718370114280,16.297142857
poll,1630,718370119288,718370119289,16.297641723
poll,1630,718370124293,718370124294,16.298140590
poll,1630,718370129311,718370129311,16.298639456
poll,1630,718370134317,718370134317,16.299138322
poll,1640,718371048495,718371048495,16.390566893
poll,1640,718371053501,718371053502,16.391065760
poll,1640,718371058505,718371058505,16.391564626
poll,1640,718371063507,718371063518,16.392063492
poll,1640,718371068539,718371068540,16.392562358
poll,1640,718371073545,718371073545,16.393083900
poll,1640,718371078561,718371078561,16.393582766
poll,1640,718371083570,718371083571,16.394081633
poll,1640,718371088577,718371088578,16.394580499
poll,1640,718371093587,718371093588,16.395079365
poll,1640,718371098602,718371098602,16.395578231
poll,1640,718371103611,718371103611,16.396077098
poll,1640,718371108617,718371108618,16.396575964
poll,1640,718371113628,718371113629,16.397074830
poll,1640,718371118637,718371118638,16.397573696
poll,1640,718371123643,718371123643,16.398072562
poll,1640,718371128660,718371128660,16.398594104
poll,1640,718371133677,718371133677,16.399092971
poll,1650,718372048793,718372048805,16.490589569
poll,1650,718372053831,718372053832,16.491111111
poll,1650,718372058845,718372058845,16.491609977
poll,1650,718372063856,718372063856,16.492108844
poll,1650,718372068858,718372068869,16.492607710
poll,1650,718372073894,718372073895,16.493106576
poll,1650,718372078903,718372078904,16.493605442
poll,1650,718372083905,718372083906,16.494104308
poll,1650,718372088916,718372088917,16.494603175
poll,1650,718372093927,718372093928,16.495102041
poll,1650,718372098934,718372098934,16.495600907
poll,1650,718372103949,718372103950,16.496122449
poll,1650,718372108953,718372108953,16.496621315
poll,1650,718372113958,718372113959,16.497120181
poll,1650,718372118964,718372118965,16.497619048
poll,1650,718372123969,718372123970,16.498117914
poll,1650,718372128971,718372128972,16.498616780
poll,1650,718372133976,718372133977,16.499115646
poll,1660,718373048339,718373048340,16.590566893
poll,1660,718373053348,718373053349,16.591065760
poll,1660,718373058354,718373058355,16.591564626
poll,1660,718373063358,718373063359,16.592063492
poll,1660,718373068364,718373068365,16.592562358
poll,1660,718373073368,718373073369,16.593061224
poll,1660,718373078375,718373078375,16.593560091
poll,1660,718373083378,718373083379,16.594058957
poll,1660,718373088387,718373088387,16.594580499
poll,1660,718373093395,718373093396,16.595079365
poll,1660,718373098410,718373098410,16.595578231
poll,1660,718373103413,718373103413,16.596077098
poll,1660,718373108415,718373108415,16.596575964
poll,1660,718373113418,718373113419,16.597074830
poll,1660,718373118435,718373118436,16.597573696
poll,1660,718373123439,718373123440,16.598072562
poll,1660,718373128443,718373128444,16.598571429
poll,1660,718373133459,718373133460,16.599070295
poll,1670,718374048312,718374048313,16.690544218
poll,1670,718374053329,718374053330,16.691043084
poll,1670,718374058331,718374058332,16.691541950
poll,1670,718374063339,718374063339,16.692063492
poll,1670,718374068341,718374068341,16.692562358
poll,1670,718374073346,718374073346,16.693061224
poll,1670,718374078349,718374078349,16.693560091
poll,1670,718374083353,718374083354,16.694058957
poll,1670,718374088356,718374088357,16.694557823
poll,1670,718374093359,718374093360,16.695056689
poll,1670,718374098364,718374098365,16.695555556
poll,1670,718374103369,718374103369,16.696054422
poll,1670,718374108374,718374108374,16.696553288
poll,1670,718374113380,718374113380,16.697052154
poll,1670,718374118385,718374118385,16.697551020
poll,1670,718374123400,718374123400,16.698049887
poll,1670,718374128401,718374128402,16.698548753
poll,1670,718374133402,718374133403,16.699070295
poll,1680,718375048421,718375048422,16.790566893
poll,1680,718375053430,718375053431,16.791065760
poll,1680,718375058447,718375058447,16.791564626
poll,1680,718375063456,718375063456,16.792063492
poll,1680,718375068470,718375068471,16.792562358
poll,1680,718375073485,718375073485,16.793061224
poll,1680,718375078500,718375078500,16.793582766
poll,1680,718375083501,718375083501,16.794081633
poll,1680,718375088505,718375088506,16.794580499
poll,1680,718375093524,718375093525,16.795079365
poll,1680,718375098542,718375098543,16.795578231
poll,1680,718375103560,718375103561,16.796077098
poll,1680,718375108568,718375108572,16.796575964
poll,1680,718375113590,718375113591,16.797074830
poll,1680,718375118595,718375118595,16.797573696
poll,1680,718375123605,718375123606,16.798072562
poll,1680,718375128619,718375128619,16.798594104
poll,1680,718375133626,718375133626,16.799092971
poll,1690,718376048377,718376048378,16.890566893
poll,1690,718376053397,718376053398,16.891065760
poll,1690,718376058401,718376058401,16.891564626
poll,1690,718376063413,718376063414,16.892063492
poll,1690,718376068423,718376068423,16.892562358
poll,1690,718376073434,718376073434,16.893083900
poll,1690,718376078442,718376078442,16.893582766
poll,1690,718376083456,718376083457,16.894081633
poll,1690,718376088466,718376088466,16.894580499
poll,1690,718376093475,718376093476,16.895079365
poll,1690,718376098484,718376098485,16.895578231
poll,1690,718376103495,718376103495,16.896077098
poll,1690,718376108504,718376108504,16.896575964
poll,1690,718376113512,718376113513,16.897074830
poll,1690,718376118522,718376118523,16.897573696
poll,1690,718376123535,718376123535,16.898072562
poll,1690,718376128537,718376128537,16.898594104
poll,1690,718376133540,718376133540,16.899092971
poll,1700,718377048378,718377048379,16.990544218
poll,1700,718377053384,718377053384,16.991043084
poll,1700,718377058389,718377058389,16.991564626
poll,1700,718377063404,718377063404,16.992063492
poll,1700,718377068411,718377068412,16.992562358
poll,1700,718377073418,718377073419,16.993061224
poll,1700,718377078422,718377078423,16.993560091
poll,1700,718377083433,718377083433,16.994058957
poll,1700,718377088437,718377088437,16.994557823
poll,1700,718377093441,718377093441,16.995056689
poll,1700,718377098443,718377098444,16.995555556
poll,1700,718377103494,718377103494,16.996054422
poll,1700,718377108498,718377108498,16.996553288
poll,1700,718377113502,718377113502,16.997074830
poll,1700,718377118504,718377118504,16.997573696
poll,1700,718377123507,718377123508,16.998072562
poll,1700,718377128509,718377128510,16.998571429
poll,1700,718377133527,718377133528,16.999070295
poll,1710,718378048411,718378048421,17.090566893
poll,1710,718378053441,718378053442,17.091065760
poll,1710,718378058449,718378058450,17.091564626
poll,1710,718378063457,718378063458,17.092063492
poll,1710,718378068465,718378068476,17.092562358
poll,1710,718378073486,718378073486,17.093083900
poll,1710,718378078489,718378078490,17.093582766
poll,1710,718378083496,718378083497,17.094081633
poll,1710,718378088500,718378088501,17.094580499
poll,1710,718378093540,718378093541,17.095079365
poll,1710,718378098544,718378098544,17.095578231
poll,1710,718378103546,718378103550,17.096077098
poll,1710,718378108565,718378108570,17.096575964
poll,1710,718378113589,718378113589,17.097074830
poll,1710,718378118594,718378118595,17.097573696
poll,1710,718378123605,718378123606,17.098095238
poll,1710,718378128616,718378128617,17.098594104
poll,1710,718378133626,718378133626,17.099092971
poll,1720,718379048337,718379048338,17.190566893
poll,1720,718379053348,718379053348,17.191065760
poll,1720,718379058353,718379058353,17.191564626
poll,1720,718379063367,718379063377,17.192086168
poll,1720,718379068398,718379068399,17.192585034
poll,1720,718379073402,718379073402,17.193083900
poll,1720,718379078414,718379078414,17.193582766
poll,1720,718379083418,718379083419,17.194081633
poll,1720,718379088435,718379088437,17.194580499
poll,1720,718379093447,718379093448,17.195079365
poll,1720,718379098465,718379098465,17.195578231
poll,1720,718379103473,718379103473,17.196077098
poll,1720,718379108485,718379108486,17.196575964
poll,1720,718379113496,718379113496,17.197097506
poll,1720,718379118509,718379118510,17.197596372
poll,1720,718379123519,718379123520,17.198095238
poll,1720,718379128529,718379128530,17.198594104
poll,1720,718379133546,718379133547,17.199092971
poll,1730,718380048435,718380048445,17.290566893
poll,1730,718380053469,718380053470,17.291065760
poll,1730,718380058484,718380058485,17.291564626
poll,1730,718380063489,718380063490,17.292063492
poll,1730,718380068501,718380068502,17.292562358
poll,1730,718380073511,718380073511,17.293061224
poll,1730,718380078520,718380078520,17.293560091
poll,1730,718380083537,718380083538,17.294058957
poll,1730,718380088546,718380088546,17.294557823
poll,1730,718380093555,718380093556,17.295079365
poll,1730,718380098564,718380098564,17.295578231
poll,1730,718380103579,718380103580,17.296077098
poll,1730,718380108587,718380108587,17.296575964
poll,1730,718380113594,718380113594,17.297074830
poll,1730,718380118601,718380118602,17.297573696
poll,1730,718380123616,718380123627,17.298072562
poll,1730,718380128650,718380128651,17.298571429
poll,1730,718380133662,718380133663,17.299070295
poll,1740,718381048423,718381048425,17.390566893
poll,1740,718381053437,718381053438,17.391065760
poll,1740,718381058447,718381058448,17.391564626
poll,1740,718381063450,718381063461,17.392063492
poll,1740,718381068481,718381068482,17.392562358
poll,1740,718381073495,718381073496,17.393061224
poll,1740,718381078511,718381078522,17.393560091
poll,1740,718381083542,718381083543,17.394058957
poll,1740,718381088553,718381088554,17.394580499
poll,1740,718381093557,718381093558,17.395079365
poll,1740,718381098566,718381098567,17.395578231
poll,1740,718381103577,718381103578,17.396077098
poll,1740,718381108585,718381108585,17.396575964
poll,1740,718381113589,718381113590,17.397074830
poll,1740,718381118594,718381118594,17.397573696
poll,1740,718381123612,718381123612,17.398072562
poll,1740,718381128624,718381128625,17.398571429
poll,1740,718381133629,718381133629,17.399070295
poll,1750,718382048514,718382048518,17.490566893
poll,1750,718382053533,718382053534,17.491065760
poll,1750,718382058549,718382058550,17.491564626
poll,1750,718382063554,718382063555,17.492063492
poll,1750,718382068568,718382068568,17.492562358
poll,1750,718382073577,718382073577,17.493061224
poll,1750,718382078585,718382078586,17.493582766
poll,1750,718382083594,718382083594,17.494081633
poll,1750,718382088604,718382088604,17.494580499
poll,1750,718382093613,718382093613,17.495079365
poll,1750,718382098629,718382098629,17.495578231
poll,1750,718382103637,718382103638,17.496077098
poll,1750,718382108652,718382108652,17.496575964
poll,1750,718382113663,718382113663,17.497074830
poll,1750,718382118666,718382118667,17.497573696
poll,1750,718382123678,718382123678,17.498072562
poll,1750,718382128679,718382128679,17.498571429
poll,1750,718382133694,718382133695,17.499092971
poll,1760,718383048690,718383048691,17.590566893
poll,1760,718383053696,718383053697,17.591065760
poll,1760,718383058702,718383058703,17.591564626
poll,1760,718383063706,718383063707,17.592063492
poll,1760,718383068711,718383068711,17.592562358
poll,1760,718383073717,718383073718,17.593061224
poll,1760,718383078721,718383078721,17.593560091
poll,1760,718383083729,718383083730,17.594058957
poll,1760,718383088739,718383088740,17.594580499
poll,1760,718383093749,718383093750,17.595079365
poll,1760,718383098762,718383098763,17.595578231
poll,1760,718383103777,718383103778,17.596077098
poll,1760,718383108794,718383108795,17.596575964
poll,1760,718383113807,718383113808,17.597074830
poll,1760,718383118813,718383118814,17.597573696
poll,1760,718383123829,718383123830,17.598072562
poll,1760,718383128846,718383128846,17.598571429
poll,1760,718383133864,718383133869,17.599092971
poll,1770,718384048670,718384048681,17.690589569
poll,1770,718384053708,718384053709,17.691088435
poll,1770,718384058726,718384058727,17.691587302
poll,1770,718384063745,718384063746,17.692086168
poll,1770,718384068763,718384068763,17.692585034
poll,1770,718384073772,718384073777,17.693083900
poll,1770,718384078789,718384078790,17.693582766
poll,1770,718384083808,718384083809,17.694081633
poll,1770,718384088825,718384088825,17.694603175
poll,1770,718384093828,718384093828,17.695102041
poll,1770,718384098832,718384098832,17.695600907
poll,1770,718384103835,718384103836,17.696099773
poll,1770,718384108838,718384108839,17.696598639
poll,1770,718384113850,718384113851,17.697097506
poll,1770,718384118855,718384118855,17.697596372
poll,1770,718384123859,718384123860,17.698095238
poll,1770,718384128864,718384128865,17.698594104
poll,1770,718384133878,718384133879,17.699092971
poll,1780,718385048692,718385048694,17.790589569
poll,1780,718385053704,718385053704,17.791088435
poll,1780,718385058712,718385058713,17.791587302
poll,1780,718385063724,718385063724,17.792086168
poll,1780,718385068741,718385068742,17.792585034
poll,1780,718385073758,718385073759,17.793083900
poll,1780,718385078774,718385078775,17.793582766
poll,1780,718385083785,718385083785,17.794081633
poll,1780,718385088786,718385088787,17.794603175
poll,1780,718385093787,718385093788,17.795102041
poll,1780,718385098801,718385098801,17.795600907
poll,1780,718385103803,718385103803,17.796099773
poll,1780,718385108804,718385108805,17.796598639
poll,1780,718385113839,718385113840,17.797097506
poll,1780,718385118849,718385118861,17.797596372
poll,1780,718385123882,718385123882,17.798095238
poll,1780,718385128893,718385128894,17.798594104
poll,1780,718385133897,718385133898,17.799092971
poll,1790,718386048690,718386048693,17.890589569
poll,1790,718386053706,718386053706,17.891088435
poll,1790,718386058719,718386058720,17.891587302
poll,1790,718386063732,718386063743,17.892086168
poll,1790,718386068752,718386068753,17.892585034
poll,1790,718386073769,718386073770,17.893083900
poll,1790,718386078775,718386078776,17.893582766
poll,1790,718386083790,718386083791,17.894081633
poll,1790,718386088794,718386088794,17.894580499
poll,1790,718386093811,718386093811,17.895102041
poll,1790,718386098817,718386098818,17.895600907
poll,1790,718386103833,718386103833,17.896099773
poll,1790,718386108840,718386108844,17.896598639
poll,1790,718386113856,718386113857,17.897097506
poll,1790,718386118872,718386118873,17.897596372
poll,1790,718386123882,718386123883,17.898095238
poll,1790,718386128888,718386128888,17.898594104
poll,1790,718386133894,718386133894,17.899092971
poll,1800,718387048477,718387048477,17.990544218
poll,1800,718387053496,718387053500,17.991065760
poll,1800,718387058519,718387058520,17.991564626
poll,1800,718387063535,718387063546,17.992063492
poll,1800,718387068557,718387068557,17.992562358
poll,1800,718387073575,718387073576,17.993061224
poll,1800,718387078593,718387078593,17.993560091
poll,1800,718387083611,718387083612,17.994058957
poll,1800,718387088618,718387088619,17.994580499
poll,1800,718387093630,718387093631,17.995079365
poll,1800,718387098648,718387098649,17.995578231
poll,1800,718387103665,718387103666,17.996077098
poll,1800,718387108668,718387108669,17.996575964
poll,1800,718387113685,718387113686,17.997074830
poll,1800,718387118697,718387118698,17.997573696
poll,1800,718387123700,718387123700,17.998072562
poll,1800,718387128717,718387128718,17.998571429
poll,1800,718387133721,718387133721,17.999070295
poll,1810,718388048353,718388048354,18.090544218
poll,1810,718388053370,718388053370,18.091065760
poll,1810,718388058383,718388058383,18.091564626
poll,1810,718388063400,718388063401,18.092063492
poll,1810,718388068413,718388068413,18.092562358
poll,1810,718388073423,718388073424,18.093061224
poll,1810,718388078437,718388078437,18.093560091
poll,1810,718388083445,718388083445,18.094058957
poll,1810,718388088461,718388088461,18.094557823
poll,1810,718388093475,718388093476,18.095056689
poll,1810,718388098493,718388098493,18.095578231
poll,1810,718388103504,718388103505,18.096077098
poll,1810,718388108517,718388108517,18.096575964
poll,1810,718388113535,718388113536,18.097074830
poll,1810,718388118539,718388118539,18.097573696
poll,1810,718388123552,718388123553,18.098072562
poll,1810,718388128566,718388128567,18.098571429
poll,1810,718388133580,718388133581,18.099070295
poll,1820,718389048693,718389048694,18.190589569
poll,1820,718389053713,718389053714,18.191088435
poll,1820,718389058731,718389058732,18.191587302
poll,1820,718389063745,718389063746,18.192086168
poll,1820,718389068756,718389068757,18.192585034
poll,1820,718389073768,718389073769,18.193083900
poll,1820,718389078781,718389078781,18.193582766
poll,1820,718389083798,718389083809,18.194104308
poll,1820,718389088831,718389088833,18.194603175
poll,1820,718389093838,718389093840,18.195102041
poll,1820,718389098842,718389098843,18.195600907
poll,1820,718389103848,718389103849,18.196099773
poll,1820,718389108857,718389108861,18.196598639
poll,1820,718389113880,718389113881,18.197097506
poll,1820,718389118882,718389118883,18.197596372
poll,1820,718389123887,718389123888,18.198095238
poll,1820,718389128895,718389128896,18.198594104
poll,1820,718389133910,718389133911,18.199092971
poll,1830,718390048402,718390048403,18.290566893
poll,1830,718390053417,718390053421,18.291065760
poll,1830,718390058442,718390058442,18.291564626
poll,1830,718390063448,718390063448,18.292063492
poll,1830,718390068452,718390068453,18.292562358
poll,1830,718390073459,718390073459,18.293061224
poll,1830,718390078463,718390078464,18.293560091
poll,1830,718390083467,718390083468,18.294058957
poll,1830,718390088472,718390088473,18.294557823
poll,1830,718390093491,718390093491,18.295079365
poll,1830,718390098497,718390098497,18.295578231
poll,1830,718390103504,718390103505,18.296077098
poll,1830,718390108511,718390108512,18.296575964
poll,1830,718390113527,718390113528,18.297074830
poll,1830,718390118545,718390118545,18.297573696
poll,1830,718390123555,718390123556,18.298072562
poll,1830,718390128561,718390128562,18.298571429
poll,1830,718390133566,718390133567,18.299070295
poll,1840,718391048580,718391048591,18.390566893
poll,1840,718391053604,718391053605,18.391065760
poll,1840,718391058612,718391058613,18.391587302
poll,1840,718391063616,718391063616,18.392086168
poll,1840,718391068620,718391068621,18.392585034
poll,1840,718391073625,718391073625,18.393083900
poll,1840,718391078633,718391078633,18.393582766
poll,1840,718391083637,718391083638,18.394081633
poll,1840,718391088650,718391088651,18.394580499
poll,1840,718391093653,718391093653,18.395079365
poll,1840,718391098658,718391098658,18.395578231
poll,1840,718391103676,718391103677,18.396077098
poll,1840,718391108687,718391108688,18.396575964
poll,1840,718391113705,718391113706,18.397097506
poll,1840,718391118711,718391118711,18.397596372
poll,1840,718391123718,718391123719,18.398095238
poll,1840,718391128723,718391128723,18.398594104
poll,1840,718391133736,718391133736,18.399092971
poll,1850,718392048558,718392048559,18.490566893
poll,1850,718392053564,718392053565,18.491065760
poll,1850,718392058572,718392058572,18.491564626
poll,1850,718392063575,718392063575,18.492063492
poll,1850,718392068580,718392068580,18.492562358
poll,1850,718392073583,718392073584,18.493061224
poll,1850,718392078589,718392078589,18.493582766
poll,1850,718392083595,718392083596,18.494081633
poll,1850,718392088605,718392088606,18.494580499
poll,1850,718392093617,718392093617,18.495079365
poll,1850,718392098628,718392098628,18.495578231
poll,1850,718392103638,718392103639,18.496077098
poll,1850,718392108653,718392108653,18.496575964
poll,1850,718392113665,718392113666,18.497074830
poll,1850,718392118674,718392118674,18.497573696
poll,1850,718392123686,718392123686,18.498072562
poll,1850,718392128702,718392128702,18.498594104
poll,1850,718392133710,718392133711,18.499092971
poll,1860,718393048317,718393048318,18.590544218
poll,1860,718393053332,718393053332,18.591043084
poll,1860,718393058346,718393058350,18.591564626
poll,1860,718393063358,718393063359,18.592063492
poll,1860,718393068367,718393068368,18.592562358
poll,1860,718393073379,718393073379,18.593061224
poll,1860,718393078393,718393078393,18.593560091
poll,1860,718393083395,718393083396,18.594058957
poll,1860,718393088400,718393088400,18.594557823
poll,1860,718393093407,718393093407,18.595056689
poll,1860,718393098413,718393098414,18.595555556
poll,1860,718393103417,718393103418,18.596054422
poll,1860,718393108425,718393108426,18.596553288
poll,1860,718393113436,718393113437,18.597074830
poll,1860,718393118448,718393118448,18.597573696
poll,1860,718393123457,718393123457,18.598072562
poll,1860,718393128500,718393128500,18.598571429
poll,1860,718393133508,718393133508,18.599070295
poll,1870,718394048492,718394048493,18.690566893
poll,1870,718394053506,718394053507,18.691065760
poll,1870,718394058518,718394058519,18.691564626
poll,1870,718394063533,718394063545,18.692063492
poll,1870,718394068565,718394068566,18.692562358
poll,1870,718394073570,718394073571,18.693061224
poll,1870,718394078575,718394078576,18.693560091
poll,1870,718394083590,718394083591,18.694058957
poll,1870,718394088602,718394088603,18.694580499
poll,1870,718394093620,718394093621,18.695079365
poll,1870,718394098639,718394098639,18.695578231
poll,1870,718394103655,718394103655,18.696077098
poll,1870,718394108669,718394108670,18.696575964
poll,1870,718394113680,718394113680,18.697074830
poll,1870,718394118689,718394118689,18.697573696
poll,1870,718394123704,718394123705,18.698072562
poll,1870,718394128717,718394128718,18.698571429
poll,1870,718394133723,718394133724,18.699070295
poll,1880,718395049346,718395049357,18.790589569
poll,1880,718395054383,718395054384,18.791111111
poll,1880,718395059388,718395059389,18.791609977
poll,1880,718395064399,718395064400,18.792108844
poll,1880,718395069408,718395069409,18.792607710
poll,1880,718395074418,718395074419,18.793106576
poll,1880,718395079423,718395079423,18.793605442
poll,1880,718395084435,718395084436,18.794104308
poll,1880,718395089451,718395089451,18.794603175
poll,1880,718395094463,718395094464,18.795102041
poll,1880,718395099473,718395099473,18.795600907
poll,1880,718395104490,718395104491,18.796122449
poll,1880,718395109501,718395109502,18.796621315
poll,1880,718395114516,718395114516,18.797120181
poll,1880,718395119519,718395119519,18.797619048
poll,1880,718395124532,718395124533,18.798117914
poll,1880,718395129545,718395129545,18.798616780
poll,1880,718395134557,718395134558,18.799115646
poll,1890,718396048783,718396048787,18.890566893
poll,1890,718396053795,718396053796,18.891065760
poll,1890,718396058799,718396058799,18.891564626
poll,1890,718396063805,718396063806,18.892086168
poll,1890,718396068822,718396068823,18.892585034
poll,1890,718396073841,718396073841,18.893083900
poll,1890,718396078843,718396078844,18.893582766
poll,1890,718396083853,718396083855,18.894081633
poll,1890,718396088873,718396088874,18.894580499
poll,1890,718396093875,718396093876,18.895079365
poll,1890,718396098888,718396098889,18.895578231
poll,1890,718396103889,718396103890,18.896077098
poll,1890,718396108908,718396108909,18.896575964
poll,1890,718396113911,718396113912,18.897074830
poll,1890,718396118919,718396118920,18.897596372
poll,1890,718396123923,718396123923,18.898095238
poll,1890,718396128928,718396128928,18.898594104
poll,1890,718396133933,718396133934,18.899092971
poll,1900,718397048799,718397048799,18.990566893
poll,1900,718397053809,718397053810,18.991065760
poll,1900,718397058815,718397058816,18.991564626
poll,1900,718397063823,718397063824,18.992063492
poll,1900,718397068832,718397068832,18.992562358
poll,1900,718397073840,718397073841,18.993061224
poll,1900,718397078848,718397078849,18.993560091
poll,1900,718397083859,718397083860,18.994058957
poll,1900,718397088870,718397088870,18.994557823
poll,1900,718397093879,718397093880,18.995056689
poll,1900,718397098889,718397098889,18.995578231
poll,1900,718397103900,718397103901,18.996077098
poll,1900,718397108911,718397108912,18.996575964
poll,1900,718397113921,718397113921,18.997074830
poll,1900,718397118929,718397118930,18.997573696
poll,1900,718397123946,718397123946,18.998072562
poll,1900,718397128955,718397128956,18.998571429
poll,1900,718397133965,718397133965,18.999070295
poll,1910,718398048515,718398048517,19.090566893
poll,1910,718398053549,718398053550,19.091065760
poll,1910,718398058568,718398058569,19.091564626
poll,1910,718398063575,718398063587,19.092063492
poll,1910,718398068607,718398068607,19.092562358
poll,1910,718398073618,718398073619,19.093061224
poll,1910,718398078632,718398078633,19.093560091
poll,1910,718398083639,718398083642,19.094081633
poll,1910,718398088660,718398088660,19.094580499
poll,1910,718398093676,718398093676,19.095079365
poll,1910,718398098691,718398098691,19.095578231
poll,1910,718398103697,718398103698,19.096077098
poll,1910,718398108706,718398108707,19.096575964
poll,1910,718398113715,718398113716,19.097074830
poll,1910,718398118734,718398118734,19.097573696
poll,1910,718398123745,718398123746,19.098072562
poll,1910,718398128759,718398128759,19.098571429
poll,1910,718398133775,718398133775,19.099092971
poll,1920,718399048709,718399048710,19.190566893
poll,1920,718399053728,718399053729,19.191065760
poll,1920,718399058742,718399058742,19.191564626
poll,1920,718399063745,718399063756,19.192086168
poll,1920,718399068769,718399068770,19.192585034
poll,1920,718399073785,718399073786,19.193083900
poll,1920,718399078795,718399078796,19.193582766
poll,1920,718399083812,718399083813,19.194081633
poll,1920,718399088821,718399088823,19.194580499
poll,1920,718399093838,718399093840,19.195079365
poll,1920,718399098853,718399098854,19.195578231
poll,1920,718399103867,718399103868,19.196077098
poll,1920,718399108882,718399108882,19.196598639
poll,1920,718399113897,718399113898,19.197097506
poll,1920,718399118916,718399118916,19.197596372
poll,1920,718399123921,718399123922,19.198095238
poll,1920,718399128925,718399128925,19.198594104
poll,1920,718399133940,718399133940,19.199092971
poll,1930,718400048819,718400048820,19.290566893
poll,1930,718400053834,718400053835,19.291065760
poll,1930,718400058836,718400058837,19.291564626
poll,1930,718400063849,718400063850,19.292063492
poll,1930,718400068859,718400068859,19.292562358
poll,1930,718400073869,718400073870,19.293061224
poll,1930,718400078880,718400078881,19.293560091
poll,1930,718400083896,718400083907,19.294058957
poll,1930,718400088926,718400088927,19.294580499
poll,1930,718400093936,718400093936,19.295079365
poll,1930,718400098945,718400098956,19.295578231
poll,1930,718400103971,718400103972,19.296077098
poll,1930,718400108984,718400108984,19.296575964
poll,1930,718400113997,718400113998,19.297074830
poll,1930,718400119007,718400119008,19.297573696
poll,1930,718400124019,718400124020,19.298072562
poll,1930,718400129033,718400129034,19.298571429
poll,1930,718400134044,718400134045,19.299070295
poll,1940,718401048863,718401048875,19.390566893
poll,1940,718401054002,718401054003,19.391088435
poll,1940,718401059004,718401059005,19.391587302
poll,1940,718401064007,718401064007,19.392086168
poll,1940,718401069009,718401069010,19.392585034
poll,1940,718401074023,718401074034,19.393083900
poll,1940,718401079106,718401079107,19.393605442
poll,1940,718401084108,718401084112,19.394104308
poll,1940,718401089125,718401089126,19.394603175
poll,1940,718401094134,718401094135,19.395102041
poll,1940,718401099152,718401099152,19.395600907
poll,1940,718401104159,718401104159,19.396099773
poll,1940,718401109163,718401109163,19.396598639
poll,1940,718401114171,718401114171,19.397097506
poll,1940,718401119181,718401119182,19.397619048
poll,1940,718401124191,718401124192,19.398117914
poll,1940,718401129197,718401129197,19.398616780
poll,1940,718401134208,718401134208,19.399115646
poll,1950,718402049483,718402049494,19.490589569
poll,1950,718402054516,718402054517,19.491088435
poll,1950,718402059524,718402059524,19.491587302
poll,1950,718402064535,718402064536,19.492086168
poll,1950,718402069548,718402069549,19.492607710
poll,1950,718402074561,718402074561,19.493106576
poll,1950,718402079571,718402079571,19.493605442
poll,1950,718402084584,718402084585,19.494104308
poll,1950,718402089603,718402089604,19.494603175
poll,1950,718402094622,718402094623,19.495102041
poll,1950,718402099633,718402099633,19.495600907
poll,1950,718402104635,718402104636,19.496099773
poll,1950,718402109638,718402109639,19.496598639
poll,1950,718402114643,718402114644,19.497097506
poll,1950,718402119661,718402119661,19.497619048
poll,1950,718402124666,718402124667,19.498117914
poll,1950,718402129685,718402129685,19.498616780
poll,1950,718402134692,718402134692,19.499115646
poll,1960,718403048959,718403048960,19.590544218
poll,1960,718403053970,718403053971,19.591043084
poll,1960,718403058984,718403058984,19.591541950
poll,1960,718403063994,718403063995,19.592063492
poll,1960,718403069004,718403069005,19.592562358
poll,1960,718403074014,718403074014,19.593061224
poll,1960,718403079028,718403079028,19.593560091
poll,1960,718403084041,718403084041,19.594058957
poll,1960,718403089056,718403089057,19.594557823
poll,1960,718403094070,718403094070,19.595056689
poll,1960,718403099082,718403099083,19.595555556
poll,1960,718403104096,718403104097,19.596054422
poll,1960,718403109106,718403109111,19.596553288
poll,1960,718403114128,718403114129,19.597074830
poll,1960,718403119146,718403119147,19.597573696
poll,1960,718403124161,718403124162,19.598072562
poll,1960,718403129163,718403129163,19.598571429
poll,1960,718403134177,718403134177,19.599070295
poll,1970,718404049079,718404049080,19.690544218
poll,1970,718404054093,718404054094,19.691043084
poll,1970,718404059101,718404059105,19.691541950
poll,1970,718404064118,718404064118,19.692063492
poll,1970,718404069124,718404069125,19.692562358
poll,1970,718404074130,718404074130,19.693061224
poll,1970,718404079139,718404079139,19.693560091
poll,1970,718404084148,718404084149,19.694058957
poll,1970,718404089160,718404089160,19.694557823
poll,1970,718404094170,718404094170,19.695056689
poll,1970,718404099182,718404099183,19.695555556
poll,1970,718404104196,718404104197,19.696054422
poll,1970,718404109212,718404109212,19.696553288
poll,1970,718404114226,718404114227,19.697074830
poll,1970,718404119239,718404119240,19.697573696
poll,1970,718404124245,718404124246,19.698072562
poll,1970,718404129253,718404129254,19.698571429
poll,1970,718404134265,718404134265,19.699070295
poll,1980,718405049310,718405049311,19.790566893
poll,1980,718405054325,718405054325,19.791065760
poll,1980,718405059336,718405059337,19.791587302
poll,1980,718405064349,718405064361,19.792086168
poll,1980,718405069381,718405069382,19.792585034
poll,1980,718405074390,718405074391,19.793083900
poll,1980,718405079393,718405079394,19.793582766
poll,1980,718405084400,718405084401,19.794081633
poll,1980,718405089415,718405089416,19.794580499
poll,1980,718405094421,718405094422,19.795079365
poll,1980,718405099425,718405099425,19.795578231
poll,1980,718405104436,718405104436,19.796077098
poll,1980,718405109451,718405109452,19.796598639
poll,1980,718405114464,718405114464,19.797097506
poll,1980,718405119476,718405119477,19.797596372
poll,1980,718405124495,718405124496,19.798095238
poll,1980,718405129514,718405129515,19.798594104
poll,1980,718405134521,718405134522,19.799092971
poll,1990,718406049466,718406049468,19.890566893
poll,1990,718406054474,718406054474,19.891065760
poll,1990,718406059475,718406059476,19.891564626
poll,1990,718406064487,718406064497,19.892063492
poll,1990,718406069513,718406069513,19.892562358
poll,1990,718406074522,718406074523,19.893061224
poll,1990,718406079532,718406079533,19.893560091
poll,1990,718406084542,718406084542,19.894058957
poll,1990,718406089549,718406089550,19.894557823
poll,1990,718406094560,718406094561,19.895056689
poll,1990,718406099563,718406099563,19.895578231
poll,1990,718406104574,718406104575,19.896077098
poll,1990,718406109582,718406109583,19.896575964
poll,1990,718406114593,718406114597,19.897074830
poll,1990,718406119611,718406119612,19.897573696
poll,1990,718406124628,718406124628,19.898072562
poll,1990,718406129636,718406129637,19.898571429
poll,1990,718406134640,718406134641,19.899070295
poll,2000,718407049554,718407049565,19.990566893
poll,2000,718407054693,718407054694,19.991088435
poll,2000,718407059708,718407059712,19.991587302
poll,2000,718407064729,718407064729,19.992086168
poll,2000,718407069735,718407069736,19.992585034
poll,2000,718407074743,718407074743,19.993083900
poll,2000,718407079744,718407079744,19.993582766
poll,2000,718407084761,718407084761,19.994104308
poll,2000,718407089762,718407089763,19.994603175
poll,2000,718407094766,718407094766,19.995102041
poll,2000,718407099770,718407099770,19.995600907
poll,2000,718407104787,718407104788,19.996099773
poll,2000,718407109799,718407109800,19.996598639
poll,2000,718407114816,718407114816,19.997097506
poll,2000,718407119829,718407119830,19.997596372
poll,2000,718407124844,718407124844,19.998095238
poll,2000,718407129845,718407129846,19.998594104
poll,2000,718407134860,718407134860,19.999115646
poll,2010,718408048901,718408048902,20.090566893
poll,2010,718408053914,718408053915,20.091065760
poll,2010,718408058925,718408058925,20.091587302
poll,2010,718408063940,718408063941,20.092086168
poll,2010,718408068951,718408068952,20.092585034
poll,2010,718408073962,718408073962,20.093083900
poll,2010,718408078975,718408078976,20.093582766
poll,2010,718408083981,718408083981,20.094081633
poll,2010,718408088992,718408088993,20.094580499
poll,2010,718408094011,718408094011,20.095079365
poll,2010,718408099027,718408099028,20.095578231
poll,2010,718408104037,718408104038,20.096077098
poll,2010,718408109050,718408109050,20.096598639
poll,2010,718408114063,718408114064,20.097097506
poll,2010,718408119066,718408119067,20.097596372
poll,2010,718408124082,718408124082,20.098095238
poll,2010,718408129098,718408129099,20.098594104
poll,2010,718408134114,718408134115,20.099092971
poll,2020,718409048664,718409048664,20.190566893
poll,2020,718409053673,718409053674,20.191065760
poll,2020,718409058682,718409058682,20.191564626
poll,2020,718409063691,718409063702,20.192063492
poll,2020,718409068716,718409068716,20.192562358
poll,2020,718409073723,718409073723,20.193083900
poll,2020,718409078724,718409078725,20.193582766
poll,2020,718409083734,718409083736,20.194081633
poll,2020,718409088743,718409088744,20.194580499
poll,2020,718409093745,718409093746,20.195079365
poll,2020,718409098748,718409098749,20.195578231
poll,2020,718409103763,718409103764,20.196077098
poll,2020,718409108778,718409108779,20.196575964
poll,2020,718409113796,718409113796,20.197074830
poll,2020,718409118800,718409118802,20.197573696
poll,2020,718409123805,718409123806,20.198072562
poll,2020,718409128808,718409128809,20.198571429
poll,2020,718409133826,718409133826,20.199092971
poll,2030,718410048588,718410048589,20.290544218
poll,2030,718410053593,718410053593,20.291043084
poll,2030,718410058628,718410058629,20.291564626
poll,2030,718410063642,718410063642,20.292063492
poll,2030,718410068643,718410068644,20.292562358
poll,2030,718410073650,718410073651,20.293061224
poll,2030,718410078653,718410078653,20.293560091
poll,2030,718410083657,718410083658,20.294058957
poll,2030,718410088664,718410088668,20.294557823
poll,2030,718410093681,718410093682,20.295056689
poll,2030,718410098689,718410098689,20.295555556
poll,2030,718410103704,718410103705,20.296054422
poll,2030,718410108720,718410108720,20.296553288
poll,2030,718410113726,718410113727,20.297074830
poll,2030,718410118734,718410118735,20.297573696
poll,2030,718410123740,718410123740,20.298072562
poll,2030,718410128750,718410128751,20.298571429
poll,2030,718410133756,718410133756,20.299070295
poll,2040,718411048710,718411048711,20.390544218
poll,2040,718411053720,718411053720,20.391065760
poll,2040,718411058728,718411058728,20.391564626
poll,2040,718411063742,718411063753,20.392063492
poll,2040,718411068763,718411068763,20.392562358
poll,2040,718411073776,718411073777,20.393061224
poll,2040,718411078793,718411078794,20.393560091
poll,2040,718411083795,718411083796,20.394058957
poll,2040,718411088799,718411088800,20.394557823
poll,2040,718411093816,718411093817,20.395056689
poll,2040,718411098832,718411098832,20.395555556
poll,2040,718411103848,718411103849,20.396077098
poll,2040,718411108851,718411108852,20.396575964
poll,2040,718411113854,718411113855,20.397074830
poll,2040,718411118871,718411118871,20.397573696
poll,2040,718411123879,718411123880,20.398072562
poll,2040,718411128889,718411128889,20.398571429
poll,2040,718411133897,718411133898,20.399070295
poll,2050,718412048826,718412048827,20.490566893
poll,2050,718412053835,718412053836,20.491065760
poll,2050,718412058845,718412058845,20.491564626
poll,2050,718412063895,718412063896,20.492086168
poll,2050,718412068912,718412068913,20.492585034
poll,2050,718412073918,718412073919,20.493083900
poll,2050,718412078923,718412078923,20.493582766
poll,2050,718412083933,718412083933,20.494081633
poll,2050,718412088938,718412088939,20.494580499
poll,2050,718412093944,718412093944,20.495079365
poll,2050,718412098947,718412098948,20.495578231
poll,2050,718412103954,718412103958,20.496077098
poll,2050,718412108966,718412108967,20.496598639
poll,2050,718412113972,718412113973,20.497097506
poll,2050,718412118982,718412118983,20.497596372
poll,2050,718412123995,718412123995,20.498095238
poll,2050,718412129005,718412129006,20.498594104
poll,2050,718412134023,718412134024,20.499092971
poll,2060,718413048571,718413048572,20.590544218
poll,2060,718413053591,718413053595,20.591043084
poll,2060,718413058617,718413058617,20.591564626
poll,2060,718413063620,718413063621,20.592063492
poll,2060,718413068636,718413068637,20.592562358
poll,2060,718413073644,718413073644,20.593061224
poll,2060,718413078652,718413078653,20.593560091
poll,2060,718413083660,718413083661,20.594058957
poll,2060,718413088678,718413088678,20.594557823
poll,2060,718413093686,718413093687,20.595056689
poll,2060,718413098696,718413098697,20.595555556
poll,2060,718413103703,718413103704,20.596054422
poll,2060,718413108714,718413108714,20.596553288
poll,2060,718413113717,718413113718,20.597074830
poll,2060,718413118720,718413118721,20.597573696
poll,2060,718413123723,718413123724,20.598072562
poll,2060,718413128733,718413128734,20.598571429
poll,2060,718413133739,718413133740,20.599070295
poll,2070,718414048774,718414048775,20.690544218
poll,2070,718414053784,718414053785,20.691043084
poll,2070,718414058790,718414058790,20.691541950
poll,2070,718414063795,718414063796,20.692063492
poll,2070,718414068799,718414068799,20.692562358
poll,2070,718414073803,718414073804,20.693061224
poll,2070,718414078808,718414078809,20.693560091
poll,2070,718414083822,718414083823,20.694058957
poll,2070,718414088827,718414088827,20.694557823
poll,2070,718414093830,718414093831,20.695056689
poll,2070,718414098843,718414098844,20.695555556
poll,2070,718414103848,718414103848,20.696054422
poll,2070,718414108854,718414108855,20.696553288
poll,2070,718414113862,718414113862,20.697052154
poll,2070,718414118868,718414118869,20.697551020
poll,2070,718414123873,718414123873,20.698049887
poll,2070,718414128877,718414128878,20.698571429
poll,2070,718414133882,718414133882,20.699070295
poll,2080,718415048772,718415048773,20.790566893
poll,2080,718415053795,718415053796,20.791065760
poll,2080,718415058799,718415058800,20.791564626
poll,2080,718415063802,718415063813,20.792063492
poll,2080,718415068829,718415068829,20.792585034
poll,2080,718415073834,718415073835,20.793083900
poll,2080,718415078843,718415078844,20.793582766
poll,2080,718415083849,718415083850,20.794081633
poll,2080,718415088855,718415088856,20.794580499
poll,2080,718415093858,718415093858,20.795079365
poll,2080,718415098864,718415098865,20.795578231
poll,2080,718415103881,718415103885,20.796077098
poll,2080,718415108891,718415108891,20.796575964
poll,2080,718415113895,718415113896,20.797074830
poll,2080,718415118903,718415118904,20.797573696
poll,2080,718415123920,718415123921,20.798095238
poll,2080,718415128937,718415128938,20.798594104
poll,2080,718415133955,718415133955,20.799092971
poll,2090,718416048652,718416048653,20.890544218
poll,2090,718416053658,718416053659,20.891043084
poll,2090,718416058675,718416058679,20.891541950
poll,2090,718416063700,718416063700,20.892063492
poll,2090,718416068702,718416068702,20.892562358
poll,2090,718416073705,718416073706,20.893061224
poll,2090,718416078710,718416078711,20.893560091
poll,2090,718416083722,718416083723,20.894058957
poll,2090,718416088740,718416088741,20.894557823
poll,2090,718416093743,718416093744,20.895056689
poll,2090,718416098753,718416098753,20.895555556
poll,2090,718416103759,718416103759,20.896054422
poll,2090,718416108762,718416108763,20.896553288
poll,2090,718416113766,718416113767,20.897052154
poll,2090,718416118771,718416118771,20.897551020
poll,2090,718416123773,718416123773,20.898072562
poll,2090,718416128790,718416128791,20.898571429
poll,2090,718416133809,718416133809,20.899070295
poll,2100,718417048838,718417048850,20.990566893
poll,2100,718417053870,718417053870,20.991088435
poll,2100,718417058880,718417058881,20.991587302
poll,2100,718417063890,718417063891,20.992086168
poll,2100,718417068904,718417068904,20.992585034
poll,2100,718417073917,718417073917,20.993083900
poll,2100,718417078929,718417078929,20.993582766
poll,2100,718417083946,718417083947,20.994081633
poll,2100,718417088964,718417088964,20.994580499
poll,2100,718417093976,718417093977,20.995079365
poll,2100,718417098983,718417098984,20.995578231
poll,2100,718417104000,718417104000,20.996099773
poll,2100,718417109012,718417109013,20.996598639
poll,2100,718417114020,718417114020,20.997097506
poll,2100,718417119037,718417119038,20.997596372
poll,2100,718417124054,718417124054,20.998095238
poll,2100,718417129057,718417129058,20.998594104
poll,2100,718417134071,718417134072,20.999092971
poll,2110,718418049324,718418049330,21.090612245
poll,2110,718418054353,718418054366,21.091111111
poll,2110,718418059380,718418059381,21.091609977
poll,2110,718418064393,718418064394,21.092108844
poll,2110,718418069410,718418069410,21.092607710
poll,2110,718418074444,718418074445,21.093129252
poll,2110,718418079446,718418079447,21.093628118
poll,2110,718418084449,718418084449,21.094126984
poll,2110,718418089464,718418089465,21.094625850
poll,2110,718418094469,718418094469,21.095124717
poll,2110,718418099476,718418099477,21.095623583
poll,2110,718418104482,718418104483,21.096122449
poll,2110,718418109493,718418109494,21.096621315
poll,2110,718418114511,718418114515,21.097120181
poll,2110,718418119535,718418119536,21.097619048
poll,2110,718418124551,718418124552,21.098140590
poll,2110,718418129554,718418129555,21.098639456
poll,2110,718418134563,718418134563,21.099138322
poll,2120,718419048894,718419048905,21.190566893
poll,2120,718419054033,718419054034,21.191088435
poll,2120,718419059042,718419059042,21.191587302
poll,2120,718419064053,718419064054,21.192086168
poll,2120,718419069066,718419069067,21.192585034
poll,2120,718419074081,718419074085,21.193083900
poll,2120,718419079099,718419079099,21.193582766
poll,2120,718419084115,718419084116,21.194081633
poll,2120,718419089132,718419089134,21.194603175
poll,2120,718419094137,718419094137,21.195102041
poll,2120,718419099150,718419099150,21.195600907
poll,2120,718419104153,718419104154,21.196099773
poll,2120,718419109169,718419109169,21.196598639
poll,2120,718419114174,718419114175,21.197097506
poll,2120,718419119191,718419119192,21.197596372
poll,2120,718419124210,718419124210,21.198095238
poll,2120,718419129227,718419129227,21.198594104
poll,2120,718419134237,718419134238,21.199092971
poll,2130,718420048466,718420048467,21.290544218
poll,2130,718420053476,718420053476,21.291043084
poll,2130,718420058482,718420058483,21.291541950
poll,2130,718420063502,718420063512,21.292063492
poll,2130,718420068526,718420068526,21.292562358
poll,2130,718420073535,718420073535,21.293061224
poll,2130,718420078549,718420078550,21.293560091
poll,2130,718420083557,718420083557,21.294058957
poll,2130,718420088562,718420088562,21.294557823
poll,2130,718420093578,718420093578,21.295056689
poll,2130,718420098589,718420098589,21.295555556
poll,2130,718420103598,718420103598,21.296054422
poll,2130,718420108616,718420108617,21.296553288
poll,2130,718420113627,718420113628,21.297074830
poll,2130,718420118635,718420118635,21.297573696
poll,2130,718420123653,718420123654,21.298072562
poll,2130,718420128666,718420128666,21.298571429
poll,2130,718420133679,718420133680,21.299070295
poll,2140,718421048956,718421048958,21.390566893
poll,2140,718421053968,718421053969,21.391065760
poll,2140,718421058987,718421058988,21.391587302
poll,2140,718421064000,718421064011,21.392086168
poll,2140,718421069034,718421069034,21.392585034
poll,2140,718421074052,718421074052,21.393083900
poll,2140,718421079060,718421079071,21.393582766
poll,2140,718421084086,718421084087,21.394081633
poll,2140,718421089088,718421089089,21.394580499
poll,2140,718421094095,718421094096,21.395079365
poll,2140,718421099104,718421099104,21.395578231
poll,2140,718421104116,718421104120,21.396099773
poll,2140,718421109128,718421109129,21.396598639
poll,2140,718421114132,718421114132,21.397097506
poll,2140,718421119134,718421119135,21.397596372
poll,2140,718421124139,718421124140,21.398095238
poll,2140,718421129145,718421129146,21.398594104
poll,2140,718421134152,718421134153,21.399092971
poll,2150,718422048785,718422048787,21.490566893
poll,2150,718422053801,718422053802,21.491065760
poll,2150,718422058811,718422058812,21.491564626
poll,2150,718422063819,718422063830,21.492086168
poll,2150,718422068853,718422068853,21.492585034
poll,2150,718422073868,718422073868,21.493083900
poll,2150,718422078880,718422078893,21.493582766
poll,2150,718422083902,718422083903,21.494081633
poll,2150,718422088906,718422088907,21.494580499
poll,2150,718422093908,718422093909,21.495079365
poll,2150,718422098920,718422098920,21.495578231
poll,2150,718422103925,718422103925,21.496077098
poll,2150,718422108934,718422108935,21.496575964
poll,2150,718422113940,718422113940,21.497097506
poll,2150,718422118951,718422118952,21.497596372
poll,2150,718422123955,718422123956,21.498095238
poll,2150,718422128963,718422128964,21.498594104
poll,2150,718422133966,718422133967,21.499092971
poll,2160,718423048745,718423048746,21.590544218
poll,2160,718423053755,718423053756,21.591043084
poll,2160,718423058767,718423058767,21.591564626
poll,2160,718423063770,718423063771,21.592063492
poll,2160,718423068780,718423068780,21.592562358
poll,2160,718423073786,718423073787,21.593061224
poll,2160,718423078795,718423078796,21.593560091
poll,2160,718423083814,718423083825,21.594058957
poll,2160,718423088847,718423088848,21.594557823
poll,2160,718423093859,718423093860,21.595056689
poll,2160,718423098863,718423098864,21.595555556
poll,2160,718423103874,718423103875,21.596077098
poll,2160,718423108885,718423108886,21.596575964
poll,2160,718423113892,718423113893,21.597074830
poll,2160,718423118897,718423118898,21.597573696
poll,2160,718423123912,718423123913,21.598072562
poll,2160,718423128931,718423128931,21.598571429
poll,2160,718423133946,718423133946,21.599070295
poll,2170,718424048570,718424048571,21.690544218
poll,2170,718424053574,718424053575,21.691043084
poll,2170,718424058580,718424058581,21.691541950
poll,2170,718424063587,718424063587,21.692063492
poll,2170,718424068597,718424068597,21.692562358
poll,2170,718424073599,718424073600,21.693061224
poll,2170,718424078603,718424078604,21.693560091
poll,2170,718424083609,718424083610,21.694058957
poll,2170,718424088620,718424088624,21.694557823
poll,2170,718424093639,718424093639,21.695056689
poll,2170,718424098649,718424098650,21.695555556
poll,2170,718424103658,718424103659,21.696054422
poll,2170,718424108671,718424108672,21.696553288
poll,2170,718424113680,718424113681,21.697052154
poll,2170,718424118690,718424118690,21.697573696
poll,2170,718424123699,718424123700,21.698072562
poll,2170,718424128708,718424128709,21.698571429
poll,2170,718424133718,718424133719,21.699070295
poll,2180,718425049263,718425049264,21.790589569
poll,2180,718425054270,718425054271,21.791088435
poll,2180,718425059273,718425059274,21.791587302
poll,2180,718425064284,718425064285,21.792108844
poll,2180,718425069294,718425069294,21.792607710
poll,2180,718425074303,718425074303,21.793106576
poll,2180,718425079311,718425079312,21.793605442
poll,2180,718425084320,718425084320,21.794104308
poll,2180,718425089328,718425089328,21.794603175
poll,2180,718425094335,718425094336,21.795102041
poll,2180,718425099343,718425099344,21.795600907
poll,2180,718425104351,718425104351,21.796099773
poll,2180,718425109358,718425109359,21.796598639
poll,2180,718425114363,718425114363,21.797097506
poll,2180,718425119368,718425119369,21.797596372
poll,2180,718425124375,718425124376,21.798117914
poll,2180,718425129380,718425129381,21.798616780
poll,2180,718425134398,718425134398,21.799115646
poll,2190,718426049105,718426049118,21.890589569
poll,2190,718426054139,718426054139,21.891088435
poll,2190,718426059147,718426059147,21.891587302
poll,2190,718426064153,718426064153,21.892086168
poll,2190,718426069170,718426069170,21.892585034
poll,2190,718426074175,718426074176,21.893083900
poll,2190,718426079180,718426079180,21.893582766
poll,2190,718426084220,718426084221,21.894104308
poll,2190,718426089230,718426089243,21.894603175
poll,2190,718426094259,718426094260,21.895102041
poll,2190,718426099274,718426099274,21.895600907
poll,2190,718426104287,718426104288,21.896099773
poll,2190,718426109300,718426109300,21.896598639
poll,2190,718426114307,718426114307,21.897097506
poll,2190,718426119321,718426119325,21.897596372
poll,2190,718426124332,718426124332,21.898095238
poll,2190,718426129349,718426129349,21.898616780
poll,2190,718426134358,718426134359,21.899115646
poll,2200,718427049025,718427049026,21.990566893
poll,2200,718427054038,718427054039,21.991065760
poll,2200,718427059050,718427059051,21.991564626
poll,2200,718427064063,718427064073,21.992086168
poll,2200,718427069087,718427069092,21.992585034
poll,2200,718427074107,718427074107,21.993083900
poll,2200,718427079124,718427079124,21.993582766
poll,2200,718427084130,718427084130,21.994081633
poll,2200,718427089133,718427089134,21.994580499
poll,2200,718427094151,718427094152,21.995079365
poll,2200,718427099157,718427099158,21.995578231
poll,2200,718427104163,718427104163,21.996077098
poll,2200,718427109177,718427109177,21.996598639
poll,2200,718427114183,718427114184,21.997097506
poll,2200,718427119197,718427119198,21.997596372
poll,2200,718427124206,718427124206,21.998095238
poll,2200,718427129209,718427129209,21.998594104
poll,2200,718427134223,718427134224,21.999092971
poll,2210,718428049076,718428049077,22.090589569
poll,2210,718428054091,718428054092,22.091088435
poll,2210,718428059094,718428059095,22.091587302
poll,2210,718428064105,718428064105,22.092086168
poll,2210,718428069118,718428069118,22.092585034
poll,2210,718428074126,718428074126,22.093083900
poll,2210,718428079137,718428079138,22.093582766
poll,2210,718428084148,718428084149,22.094081633
poll,2210,718428089161,718428089161,22.094580499
poll,2210,718428094177,718428094178,22.095102041
poll,2210,718428099188,718428099189,22.095600907
poll,2210,718428104199,718428104200,22.096099773
poll,2210,718428109218,718428109219,22.096598639
poll,2210,718428114220,718428114221,22.097097506
poll,2210,718428119230,718428119231,22.097596372
poll,2210,718428124244,718428124245,22.098095238
poll,2210,718428129248,718428129248,22.098594104
poll,2210,718428134252,718428134253,22.099092971
poll,2220,718429048838,718429048840,22.190544218
poll,2220,718429053872,718429053873,22.191065760
poll,2220,718429058889,718429058890,22.191564626
poll,2220,718429063894,718429063905,22.192063492
poll,2220,718429068927,718429068927,22.192562358
poll,2220,718429073941,718429073942,22.193061224
poll,2220,718429078946,718429078947,22.193560091
poll,2220,718429083959,718429083959,22.194058957
poll,2220,718429088967,718429088968,22.194557823
poll,2220,718429093981,718429093982,22.195056689
poll,2220,718429098987,718429098988,22.195578231
poll,2220,718429104003,718429104004,22.196077098
poll,2220,718429109020,718429109020,22.196575964
poll,2220,718429114036,718429114037,22.197074830
poll,2220,718429119054,718429119055,22.197573696
poll,2220,718429124056,718429124056,22.198072562
poll,2220,718429129061,718429129062,22.198571429
poll,2220,718429134064,718429134064,22.199070295
poll,2230,718430048827,718430048829,22.290566893
poll,2230,718430053838,718430053838,22.291065760
poll,2230,718430058844,718430058845,22.291564626
poll,2230,718430063851,718430063855,22.292063492
poll,2230,718430068864,718430068865,22.292562358
poll,2230,718430073868,718430073868,22.293061224
poll,2230,718430078871,718430078872,22.293560091
poll,2230,718430083886,718430083896,22.294058957
poll,2230,718430088916,718430088917,22.294557823
poll,2230,718430093932,718430093932,22.295056689
poll,2230,718430098933,718430098934,22.295578231
poll,2230,718430103949,718430103950,22.296077098
poll,2230,718430108957,718430108958,22.296575964
poll,2230,718430113973,718430113974,22.297074830
poll,2230,718430118979,718430118980,22.297573696
poll,2230,718430123983,718430123984,22.298072562
poll,2230,718430128986,718430128986,22.298571429
poll,2230,718430134003,718430134004,22.299070295
poll,2240,718431049067,718431049089,22.390589569
poll,2240,718431054208,718431054219,22.391111111
poll,2240,718431059342,718431059343,22.391609977
poll,2240,718431064352,718431064353,22.392108844
poll,2240,718431069356,718431069357,22.392607710
poll,2240,718431074368,718431074369,22.393129252
poll,2240,718431079382,718431079383,22.393628118
poll,2240,718431084386,718431084387,22.394126984
poll,2240,718431089396,718431089397,22.394625850
poll,2240,718431094404,718431094404,22.395124717
poll,2240,718431099420,718431099420,22.395623583
poll,2240,718431104426,718431104427,22.396122449
poll,2240,718431109437,718431109438,22.396621315
poll,2240,718431114444,718431114445,22.397120181
poll,2240,718431119450,718431119451,22.397619048
poll,2240,718431124463,718431124463,22.398117914
poll,2240,718431129476,718431129477,22.398639456
poll,2240,718431134484,718431134485,22.399138322
poll,2250,718432049018,718432049019,22.490566893
poll,2250,718432054028,718432054028,22.491065760
poll,2250,718432059045,718432059045,22.491564626
poll,2250,718432064055,718432064056,22.492063492
poll,2250,718432069071,718432069072,22.492562358
poll,2250,718432074075,718432074076,22.493083900
poll,2250,718432079077,718432079078,22.493582766
poll,2250,718432084094,718432084094,22.494081633
poll,2250,718432089101,718432089102,22.494580499
poll,2250,718432094104,718432094105,22.495079365
poll,2250,718432099122,718432099123,22.495578231
poll,2250,718432104140,718432104140,22.496077098
poll,2250,718432109142,718432109143,22.496575964
poll,2250,718432114159,718432114160,22.497074830
poll,2250,718432119175,718432119175,22.497573696
poll,2250,718432124190,718432124191,22.498095238
poll,2250,718432129203,718432129204,22.498594104
poll,2250,718432134217,718432134217,22.499092971
poll,2260,718433048912,718433048917,22.590544218
poll,2260,718433053936,718433053936,22.591043084
poll,2260,718433058948,718433058949,22.591564626
poll,2260,718433063962,718433063963,22.592063492
poll,2260,718433068966,718433068966,22.592562358
poll,2260,718433073983,718433073984,22.593061224
poll,2260,718433079000,718433079001,22.593560091
poll,2260,718433084009,718433084009,22.594058957
poll,2260,718433089014,718433089015,22.594557823
poll,2260,718433094021,718433094022,22.595056689
poll,2260,718433099032,718433099033,22.595555556
poll,2260,718433104038,718433104039,22.596054422
poll,2260,718433109044,718433109045,22.596553288
poll,2260,718433114048,718433114049,22.597074830
poll,2260,718433119053,718433119053,22.597573696
poll,2260,718433124056,718433124056,22.598072562
poll,2260,718433129061,718433129062,22.598571429
poll,2260,718433134077,718433134078,22.599070295
poll,2270,718434049216,718434049227,22.690589569
poll,2270,718434054240,718434054241,22.691088435
poll,2270,718434059253,718434059254,22.691587302
poll,2270,718434064260,718434064260,22.692086168
poll,2270,718434069271,718434069272,22.692585034
poll,2270,718434074286,718434074287,22.693083900
poll,2270,718434079292,718434079292,22.693605442
poll,2270,718434084300,718434084301,22.694104308
poll,2270,718434089310,718434089311,22.694603175
poll,2270,718434094319,718434094320,22.695102041
poll,2270,718434099324,718434099324,22.695600907
poll,2270,718434104706,718434104708,22.696145125
poll,2270,718434109717,718434109718,22.696643991
poll,2270,718434114730,718434114731,22.697142857
poll,2270,718434119739,718434119739,22.697641723
poll,2270,718434124752,718434124753,22.698140590
poll,2270,718434129757,718434129757,22.698639456
poll,2270,718434134772,718434134773,22.699138322
poll,2280,718435049034,718435049035,22.790566893
poll,2280,718435054040,718435054040,22.791065760
poll,2280,718435059046,718435059047,22.791564626
poll,2280,718435064051,718435064052,22.792063492
poll,2280,718435069065,718435069070,22.792562358
poll,2280,718435074077,718435074077,22.793083900
poll,2280,718435079080,718435079081,22.793582766
poll,2280,718435084086,718435084087,22.794081633
poll,2280,718435089105,718435089105,22.794580499
poll,2280,718435094121,718435094122,22.795079365
poll,2280,718435099137,718435099138,22.795578231
poll,2280,718435104143,718435104144,22.796077098
poll,2280,718435109146,718435109147,22.796575964
poll,2280,718435114148,718435114149,22.797074830
poll,2280,718435119166,718435119166,22.797573696
poll,2280,718435124176,718435124176,22.798072562
poll,2280,718435129182,718435129183,22.798594104
poll,2280,718435134191,718435134191,22.799092971
poll,2290,718436048934,718436048935,22.890566893
poll,2290,718436053949,718436053949,22.891065760
poll,2290,718436058958,718436058959,22.891564626
poll,2290,718436063965,718436063978,22.892063492
poll,2290,718436069003,718436069003,22.892562358
poll,2290,718436074015,718436074016,22.893061224
poll,2290,718436079028,718436079028,22.893582766
poll,2290,718436084035,718436084036,22.894081633
poll,2290,718436089041,718436089041,22.894580499
poll,2290,718436094050,718436094051,22.895079365
poll,2290,718436099059,718436099060,22.895578231
poll,2290,718436104065,718436104065,22.896077098
poll,2290,718436109084,718436109085,22.896575964
poll,2290,718436114094,718436114095,22.897074830
poll,2290,718436119103,718436119104,22.897573696
poll,2290,718436124113,718436124114,22.898072562
poll,2290,718436129118,718436129119,22.898571429
poll,2290,718436134129,718436134129,22.899092971
poll,2300,718437050077,718437050078,22.990634921
poll,2300,718437055097,718437055097,22.991133787
poll,2300,718437060107,718437060107,22.991632653
poll,2300,718437065121,718437065122,22.992131519
poll,2300,718437070133,718437070134,22.992630385
poll,2300,718437075146,718437075147,22.993151927
poll,2300,718437080165,718437080165,22.993650794
poll,2300,718437085178,718437085179,22.994149660
poll,2300,718437090192,718437090192,22.994648526
poll,2300,718437095203,718437095203,22.995147392
poll,2300,718437100214,718437100215,22.995646259
poll,2300,718437105218,718437105219,22.996145125
poll,2300,718437110222,718437110222,22.996643991
poll,2300,718437115240,718437115240,22.997142857
poll,2300,718437120242,718437120243,22.997641723
poll,2300,718437125255,718437125256,22.998140590
poll,2300,718437130262,718437130262,22.998662132
poll,2300,718437135278,718437135278,22.999160998
poll,2310,718438048949,718438048950,23.090566893
poll,2310,718438053952,718438053952,23.091065760
poll,2310,718438058955,718438058955,23.091564626
poll,2310,718438063958,718438063959,23.092063492
poll,2310,718438068966,718438068966,23.092562358
poll,2310,718438073978,718438073979,23.093061224
poll,2310,718438078989,718438078990,23.093560091
poll,2310,718438084000,718438084001,23.094081633
poll,2310,718438089010,718438089011,23.094580499
poll,2310,718438094026,718438094027,23.095079365
poll,2310,718438099037,718438099037,23.095578231
poll,2310,718438104046,718438104047,23.096077098
poll,2310,718438109054,718438109054,23.096575964
poll,2310,718438114061,718438114062,23.097074830
poll,2310,718438119069,718438119069,23.097573696
poll,2310,718438124086,718438124086,23.098072562
poll,2310,718438129094,718438129094,23.098571429
poll,2310,718438134102,718438134103,23.099070295
poll,2320,718439049107,718439049108,23.190544218
poll,2320,718439054114,718439054115,23.191043084
poll,2320,718439059133,718439059133,23.191564626
poll,2320,718439064146,718439064147,23.192063492
poll,2320,718439069161,718439069161,23.192562358
poll,2320,718439074179,718439074179,23.193061224
poll,2320,718439079192,718439079194,23.193560091
poll,2320,718439084201,718439084203,23.194058957
poll,2320,718439089216,718439089217,23.194557823
poll,2320,718439094225,718439094226,23.195056689
poll,2320,718439099227,718439099228,23.195555556
poll,2320,718439104230,718439104231,23.196054422
poll,2320,718439109232,718439109233,23.196575964
poll,2320,718439114236,718439114237,23.197074830
poll,2320,718439119238,718439119239,23.197573696
poll,2320,718439124250,718439124250,23.198072562
poll,2320,718439129259,718439129260,23.198571429
poll,2320,718439134267,718439134268,23.199070295
poll,2330,718440048912,718440048913,23.290566893
poll,2330,718440053931,718440053932,23.291065760
poll,2330,718440058945,718440058946,23.291564626
poll,2330,718440063960,718440063971,23.292063492
poll,2330,718440068986,718440068986,23.292562358
poll,2330,718440073988,718440073989,23.293061224
poll,2330,718440079002,718440079013,23.293560091
poll,2330,718440084028,718440084029,23.294058957
poll,2330,718440089046,718440089047,23.294580499
poll,2330,718440094050,718440094051,23.295079365
poll,2330,718440099069,718440099070,23.295578231
poll,2330,718440104072,718440104073,23.296077098
poll,2330,718440109087,718440109088,23.296575964
poll,2330,718440114089,718440114090,23.297074830
poll,2330,718440119107,718440119108,23.297573696
poll,2330,718440124125,718440124126,23.298072562
poll,2330,718440129139,718440129139,23.298571429
poll,2330,718440134140,718440134141,23.299070295
poll,2340,718441049024,718441049025,23.390566893
poll,2340,718441054033,718441054033,23.391065760
poll,2340,718441059041,718441059042,23.391564626
poll,2340,718441064046,718441064057,23.392063492
poll,2340,718441069071,718441069071,23.392562358
poll,2340,718441074078,718441074078,23.393061224
poll,2340,718441079094,718441079095,23.393582766
poll,2340,718441084111,718441084112,23.394081633
poll,2340,718441089124,718441089128,23.394580499
poll,2340,718441094136,718441094137,23.395079365
poll,2340,718441099139,718441099139,23.395578231
poll,2340,718441104143,718441104144,23.396077098
poll,2340,718441109159,718441109160,23.396575964
poll,2340,718441114170,718441114171,23.397074830
poll,2340,718441119182,718441119182,23.397573696
poll,2340,718441124194,718441124195,23.398072562
poll,2340,718441129207,718441129208,23.398594104
poll,2340,718441134214,718441134215,23.399092971
poll,2350,718442048648,718442048649,23.490544218
poll,2350,718442053654,718442053654,23.491043084
poll,2350,718442058663,718442058664,23.491541950
poll,2350,718442063666,718442063666,23.492040816
poll,2350,718442068675,718442068676,23.492539683
poll,2350,718442073685,718442073685,23.493061224
poll,2350,718442078696,718442078697,23.493560091
poll,2350,718442083706,718442083706,23.494058957
poll,2350,718442088723,718442088723,23.494557823
poll,2350,718442093768,718442093769,23.495056689
poll,2350,718442098777,718442098777,23.495555556
poll,2350,718442103784,718442103785,23.496054422
poll,2350,718442108793,718442108794,23.496553288
poll,2350,718442113811,718442113812,23.497074830
poll,2350,718442118821,718442118822,23.497573696
poll,2350,718442123831,718442123832,23.498072562
poll,2350,718442128848,718442128849,23.498571429
poll,2350,718442133858,718442133859,23.499070295
poll,2360,718443048877,718443048878,23.590544218
poll,2360,718443053888,718443053889,23.591043084
poll,2360,718443058901,718443058901,23.591541950
poll,2360,718443063911,718443063911,23.592063492
poll,2360,718443068917,718443068917,23.592562358
poll,2360,718443073924,718443073925,23.593061224
poll,2360,718443078932,718443078933,23.593560091
poll,2360,718443083942,718443083942,23.594058957
poll,2360,718443088952,718443088952,23.594557823
poll,2360,718443093965,718443093966,23.595056689
poll,2360,718443098976,718443098977,23.595555556
poll,2360,718443103986,718443103987,23.596054422
poll,2360,718443108995,718443108996,23.596553288
poll,2360,718443114002,718443114003,23.597052154
poll,2360,718443119011,718443119011,23.597573696
poll,2360,718443124017,718443124017,23.598072562
poll,2360,718443129019,718443129019,23.598571429
poll,2360,718443134033,718443134033,23.599070295
poll,2370,718444048970,718444048970,23.690566893
poll,2370,718444053990,718444053991,23.691065760
poll,2370,718444059004,718444059005,23.691564626
poll,2370,718444064023,718444064023,23.692063492
poll,2370,718444069032,718444069036,23.692562358
poll,2370,718444074045,718444074046,23.693083900
poll,2370,718444079055,718444079055,23.693582766
poll,2370,718444084073,718444084073,23.694081633
poll,2370,718444089077,718444089078,23.694580499
poll,2370,718444094095,718444094095,23.695079365
poll,2370,718444099111,718444099111,23.695578231
poll,2370,718444104118,718444104119,23.696077098
poll,2370,718444109125,718444109125,23.696575964
poll,2370,718444114130,718444114131,23.697074830
poll,2370,718444119148,718444119148,23.697573696
poll,2370,718444124150,718444124150,23.698072562
poll,2370,718444129153,718444129154,23.698594104
poll,2370,718444134168,718444134169,23.699092971
poll,2380,718445049009,718445049010,23.790566893
poll,2380,718445054015,718445054016,23.791065760
poll,2380,718445059030,718445059030,23.791564626
poll,2380,718445064048,718445064060,23.792063492
poll,2380,718445069081,718445069082,23.792562358
poll,2380,718445074098,718445074099,23.793083900
poll,2380,718445079112,718445079113,23.793582766
poll,2380,718445084125,718445084126,23.794081633
poll,2380,718445089137,718445089137,23.794580499
poll,2380,718445094139,718445094140,23.795079365
poll,2380,718445099154,718445099154,23.795578231
poll,2380,718445104167,718445104167,23.796077098
poll,2380,718445109174,718445109175,23.796575964
poll,2380,718445114187,718445114187,23.797074830
poll,2380,718445119200,718445119201,23.797573696
poll,2380,718445124203,718445124204,23.798095238
poll,2380,718445129216,718445129216,23.798594104
poll,2380,718445134230,718445134231,23.799092971
poll,2390,718446048944,718446048945,23.890544218
poll,2390,718446053947,718446053948,23.891043084
poll,2390,718446058965,718446058966,23.891564626
poll,2390,718446063972,718446063972,23.892063492
poll,2390,718446068974,718446068975,23.892562358
poll,2390,718446073986,718446073986,23.893061224
poll,2390,718446079003,718446079003,23.893560091
poll,2390,718446084012,718446084013,23.894058957
poll,2390,718446089025,718446089029,23.894557823
poll,2390,718446094045,718446094045,23.895056689
poll,2390,718446099049,718446099049,23.895555556
poll,2390,718446104056,718446104057,23.896054422
poll,2390,718446109070,718446109071,23.896575964
poll,2390,718446114079,718446114079,23.897074830
poll,2390,718446119091,718446119092,23.897573696
poll,2390,718446124110,718446124110,23.898072562
poll,2390,718446129128,718446129128,23.898571429
poll,2390,718446134135,718446134136,23.899070295
poll,2400,718447049753,718447049756,23.990634921
poll,2400,718447054773,718447054773,23.991133787
poll,2400,718447059789,718447059790,23.991632653
poll,2400,718447064805,718447064815,23.992131519
poll,2400,718447069830,718447069830,23.992630385
poll,2400,718447074833,718447074833,23.993129252
poll,2400,718447079850,718447079850,23.993628118
poll,2400,718447084856,718447084857,23.994149660
poll,2400,718447089859,718447089859,23.994648526
poll,2400,718447094863,718447094864,23.995147392
poll,2400,718447099869,718447099869,23.995646259
poll,2400,718447104885,718447104886,23.996145125
poll,2400,718447109889,718447109889,23.996643991
poll,2400,718447114891,718447114891,23.997142857
poll,2400,718447119898,718447119899,23.997641723
poll,2400,718447124917,718447124918,23.998140590
poll,2400,718447129925,718447129925,23.998639456
poll,2400,718447134941,718447134942,23.999138322
poll,2410,718448049057,718448049058,24.090566893
poll,2410,718448054063,718448054063,24.091065760
poll,2410,718448059067,718448059068,24.091564626
poll,2410,718448064072,718448064083,24.092063492
poll,2410,718448069100,718448069100,24.092562358
poll,2410,718448074111,718448074112,24.093061224
poll,2410,718448079119,718448079119,24.093582766
poll,2410,718448084132,718448084133,24.094081633
poll,2410,718448089144,718448089145,24.094580499
poll,2410,718448094161,718448094161,24.095079365
poll,2410,718448099166,718448099167,24.095578231
poll,2410,718448104182,718448104182,24.096077098
poll,2410,718448109196,718448109197,24.096575964
poll,2410,718448114212,718448114213,24.097074830
poll,2410,718448119221,718448119222,24.097573696
poll,2410,718448124234,718448124234,24.098095238
poll,2410,718448129242,718448129243,24.098594104
poll,2410,718448134248,718448134249,24.099092971
poll,2420,718449048878,718449048879,24.190544218
poll,2420,718449053889,718449053890,24.191043084
poll,2420,718449058899,718449058899,24.191541950
poll,2420,718449063901,718449063901,24.192040816
poll,2420,718449068910,718449068910,24.192562358
poll,2420,718449073919,718449073920,24.193061224
poll,2420,718449078927,718449078930,24.193560091
poll,2420,718449083943,718449083944,24.194058957
poll,2420,718449088946,718449088946,24.194557823
poll,2420,718449093960,718449093962,24.195056689
poll,2420,718449098973,718449098973,24.195555556
poll,2420,718449103991,718449103991,24.196054422
poll,2420,718449108993,718449108994,24.196553288
poll,2420,718449113998,718449113998,24.197052154
poll,2420,718449119009,718449119009,24.197551020
poll,2420,718449124022,718449124022,24.198072562
poll,2420,718449129034,718449129034,24.198571429
poll,2420,718449134046,718449134047,24.199070295
poll,2430,718450049082,718450049083,24.290544218
poll,2430,718450054087,718450054087,24.291043084
poll,2430,718450059094,718450059094,24.291564626
poll,2430,718450064108,718450064108,24.292063492
poll,2430,718450069112,718450069113,24.292562358
poll,2430,718450074114,718450074115,24.293061224
poll,2430,718450079120,718450079121,24.293560091
poll,2430,718450084135,718450084136,24.294058957
poll,2430,718450089146,718450089146,24.294557823
poll,2430,718450094149,718450094149,24.295056689
poll,2430,718450099158,718450099159,24.295555556
poll,2430,718450104200,718450104201,24.296054422
poll,2430,718450109211,718450109211,24.296575964
poll,2430,718450114220,718450114221,24.297074830
poll,2430,718450119232,718450119232,24.297573696
poll,2430,718450124242,718450124243,24.298072562
poll,2430,718450129252,718450129253,24.298571429
poll,2430,718450134260,718450134261,24.299070295
poll,2440,718451049935,718451049936,24.390634921
poll,2440,718451054947,718451054947,24.391133787
poll,2440,718451059956,718451059956,24.391632653
poll,2440,718451064963,718451064964,24.392131519
poll,2440,718451069981,718451069981,24.392630385
poll,2440,718451074994,718451074995,24.393151927
poll,2440,718451080007,718451080008,24.393650794
poll,2440,718451085025,718451085036,24.394149660
poll,2440,718451090046,718451090047,24.394648526
poll,2440,718451095048,718451095048,24.395147392
poll,2440,718451100061,718451100061,24.395646259
poll,2440,718451105065,718451105066,24.396145125
poll,2440,718451110081,718451110082,24.396643991
poll,2440,718451115096,718451115096,24.397142857
poll,2440,718451120098,718451120099,24.397641723
poll,2440,718451125117,718451125120,24.398163265
poll,2440,718451130141,718451130141,24.398662132
poll,2440,718451135149,718451135150,24.399160998
poll,2450,718452048912,718452048913,24.490544218
poll,2450,718452053921,718452053922,24.491043084
poll,2450,718452058937,718452058937,24.491541950
poll,2450,718452063940,718452063941,24.492040816
poll,2450,718452068948,718452068953,24.492562358
poll,2450,718452073973,718452073974,24.493061224
poll,2450,718452078980,718452078981,24.493560091
poll,2450,718452083992,718452083993,24.494058957
poll,2450,718452089008,718452089009,24.494557823
poll,2450,718452094014,718452094014,24.495056689
poll,2450,718452099023,718452099023,24.495555556
poll,2450,718452104034,718452104034,24.496054422
poll,2450,718452109049,718452109050,24.496553288
poll,2450,718452114068,718452114068,24.497074830
poll,2450,718452119078,718452119079,24.497573696
poll,2450,718452124085,718452124086,24.498072562
poll,2450,718452129096,718452129096,24.498571429
poll,2450,718452134109,718452134109,24.499070295
poll,2460,718453048985,718453048986,24.590544218
poll,2460,718453053988,718453053989,24.591043084
poll,2460,718453058992,718453058993,24.591541950
poll,2460,718453064002,718453064003,24.592040816
poll,2460,718453069005,718453069005,24.592562358
poll,2460,718453074009,718453074009,24.593061224
poll,2460,718453079016,718453079016,24.593560091
poll,2460,718453084024,718453084025,24.594058957
poll,2460,718453089028,718453089029,24.594557823
poll,2460,718453094045,718453094046,24.595056689
poll,2460,718453099054,718453099055,24.595555556
poll,2460,718453104055,718453104056,24.596054422
poll,2460,718453109060,718453109061,24.596553288
poll,2460,718453114068,718453114069,24.597052154
poll,2460,718453119085,718453119086,24.597551020
poll,2460,718453124094,718453124095,24.598049887
poll,2460,718453129102,718453129103,24.598571429
poll,2460,718453134121,718453134121,24.599070295
poll,2470,718454049225,718454049226,24.690589569
poll,2470,718454054246,718454054246,24.691088435
poll,2470,718454059248,718454059248,24.691587302
poll,2470,718454064265,718454064266,24.692086168
poll,2470,718454069280,718454069280,24.692585034
poll,2470,718454074294,718454074294,24.693083900
poll,2470,718454079299,718454079300,24.693582766
poll,2470,718454084305,718454084306,24.694104308
poll,2470,718454089315,718454089315,24.694603175
poll,2470,718454094323,718454094324,24.695102041
poll,2470,718454099335,718454099335,24.695600907
poll,2470,718454104348,718454104349,24.696099773
poll,2470,718454109354,718454109354,24.696598639
poll,2470,718454114360,718454114365,24.697097506
poll,2470,718454119386,718454119386,24.697596372
poll,2470,718454124402,718454124403,24.698095238
poll,2470,718454129414,718454129415,24.698594104
poll,2470,718454134431,718454134432,24.699115646
poll,2480,718455049113,718455049114,24.790544218
poll,2480,718455054133,718455054133,24.791065760
poll,2480,718455059139,718455059140,24.791564626
poll,2480,718455064148,718455064149,24.792063492
poll,2480,718455069151,718455069151,24.792562358
poll,2480,718455074158,718455074159,24.793061224
poll,2480,718455079168,718455079168,24.793560091
poll,2480,718455084181,718455084181,24.794058957
poll,2480,718455089199,718455089199,24.794557823
poll,2480,718455094209,718455094210,24.795056689
poll,2480,718455099217,718455099218,24.795555556
poll,2480,718455104233,718455104233,24.796077098
poll,2480,718455109244,718455109244,24.796575964
poll,2480,718455114253,718455114254,24.797074830
poll,2480,718455119268,718455119269,24.797573696
poll,2480,718455124285,718455124286,24.798072562
poll,2480,718455129302,718455129303,24.798571429
poll,2480,718455134309,718455134309,24.799070295
poll,2490,718456050194,718456050207,24.890634921
poll,2490,718456055232,718456055233,24.891133787
poll,2490,718456060239,718456060239,24.891632653
poll,2490,718456065255,718456065256,24.892131519
poll,2490,718456070259,718456070271,24.892630385
poll,2490,718456075287,718456075288,24.893151927
poll,2490,718456080306,718456080306,24.893650794
poll,2490,718456085310,718456085310,24.894149660
poll,2490,718456090317,718456090317,24.894648526
poll,2490,718456095326,718456095327,24.895147392
poll,2490,718456100334,718456100334,24.895646259
poll,2490,718456105348,718456105349,24.896145125
poll,2490,718456110350,718456110351,24.896643991
poll,2490,718456115353,718456115354,24.897142857
poll,2490,718456120357,718456120358,24.897641723
poll,2490,718456125360,718456125361,24.898140590
poll,2490,718456130378,718456130378,24.898639456
poll,2490,718456135386,718456135387,24.899160998
poll,2500,718457049148,718457049149,24.990566893
poll,2500,718457054167,718457054168,24.991065760
poll,2500,718457059186,718457059187,24.991564626
poll,2500,718457064195,718457064196,24.992063492
poll,2500,718457069213,718457069214,24.992562358
poll,2500,718457074227,718457074228,24.993083900
poll,2500,718457079244,718457079245,24.993582766
poll,2500,718457084250,718457084251,24.994081633
poll,2500,718457089254,718457089254,24.994580499
poll,2500,718457094269,718457094274,24.995079365
poll,2500,718457099280,718457099280,24.995578231
poll,2500,718457104282,718457104283,24.996077098
poll,2500,718457109301,718457109301,24.996575964
poll,2500,718457114317,718457114317,24.997074830
poll,2500,718457119318,718457119319,24.997573696
poll,2500,718457124334,718457124335,24.998095238
poll,2500,718457129350,718457129351,24.998594104
poll,2500,718457134352,718457134353,24.999092971
poll,2510,718458049345,718458049346,25.090566893
poll,2510,718458054350,718458054351,25.091065760
poll,2510,718458059355,718458059355,25.091564626
poll,2510,718458064358,718458064369,25.092063492
poll,2510,718458069393,718458069394,25.092585034
poll,2510,718458074398,718458074399,25.093083900
poll,2510,718458079405,718458079405,25.093582766
poll,2510,718458084409,718458084410,25.094081633
poll,2510,718458089421,718458089421,25.094580499
poll,2510,718458094439,718458094439,25.095079365
poll,2510,718458099457,718458099458,25.095578231
poll,2510,718458104468,718458104468,25.096077098
poll,2510,718458109471,718458109472,25.096575964
poll,2510,718458114474,718458114475,25.097074830
poll,2510,718458119505,718458119506,25.097573696
poll,2510,718458124511,718458124511,25.098095238
poll,2510,718458129512,718458129513,25.098594104
poll,2510,718458134517,718458134517,25.099092971
poll,2520,718459049058,718459049059,25.190544218
poll,2520,718459054064,718459054064,25.191043084
poll,2520,718459059068,718459059068,25.191541950
poll,2520,718459064074,718459064075,25.192063492
poll,2520,718459069091,718459069092,25.192562358
poll,2520,718459074108,718459074108,25.193061224
poll,2520,718459079125,718459079125,25.193560091
poll,2520,718459084139,718459084141,25.194058957
poll,2520,718459089155,718459089157,25.194557823
poll,2520,718459094174,718459094175,25.195056689
poll,2520,718459099183,718459099184,25.195555556
poll,2520,718459104185,718459104186,25.196054422
poll,2520,718459109189,718459109190,25.196553288
poll,2520,718459114194,718459114195,25.197074830
poll,2520,718459119200,718459119201,25.197573696
poll,2520,718459124219,718459124219,25.198072562
poll,2520,718459129237,718459129241,25.198571429
poll,2520,718459134250,718459134250,25.199070295
poll,2530,718460049154,718460049155,25.290566893
poll,2530,718460054175,718460054176,25.291065760
poll,2530,718460059191,718460059192,25.291564626
poll,2530,718460064201,718460064201,25.292063492
poll,2530,718460069207,718460069208,25.292562358
poll,2530,718460074225,718460074225,25.293061224
poll,2530,718460079243,718460079243,25.293582766
poll,2530,718460084258,718460084259,25.294081633
poll,2530,718460089265,718460089266,25.294580499
poll,2530,718460094273,718460094274,25.295079365
poll,2530,718460099284,718460099284,25.295578231
poll,2530,718460104288,718460104289,25.296077098
poll,2530,718460109306,718460109307,25.296575964
poll,2530,718460114309,718460114309,25.297074830
poll,2530,718460119325,718460119326,25.297573696
poll,2530,718460124329,718460124329,25.298072562
poll,2530,718460129332,718460129333,25.298594104
poll,2530,718460134348,718460134348,25.299092971
poll,2540,718461049347,718461049348,25.390566893
poll,2540,718461054368,718461054369,25.391065760
poll,2540,718461059373,718461059374,25.391564626
poll,2540,718461064392,718461064392,25.392086168
poll,2540,718461069404,718461069405,25.392585034
poll,2540,718461074407,718461074407,25.393083900
poll,2540,718461079415,718461079416,25.393582766
poll,2540,718461084424,718461084424,25.394081633
poll,2540,718461089435,718461089436,25.394580499
poll,2540,718461094447,718461094448,25.395079365
poll,2540,718461099453,718461099454,25.395578231
poll,2540,718461104456,718461104456,25.396077098
poll,2540,718461109466,718461109467,25.396575964
poll,2540,718461114483,718461114483,25.397074830
poll,2540,718461119499,718461119500,25.397596372
poll,2540,718461124516,718461124516,25.398095238
poll,2540,718461129533,718461129533,25.398594104
poll,2540,718461134549,718461134550,25.399092971
poll,2550,718462048960,718462048961,25.490544218
poll,2550,718462053982,718462053982,25.491043084
poll,2550,718462058986,718462058986,25.491564626
poll,2550,718462064000,718462064000,25.492063492
poll,2550,718462069009,718462069010,25.492562358
poll,2550,718462074020,718462074021,25.493061224
poll,2550,718462079031,718462079031,25.493560091
poll,2550,718462084041,718462084042,25.494058957
poll,2550,718462089052,718462089052,25.494557823
poll,2550,718462094066,718462094066,25.495056689
poll,2550,718462099072,718462099073,25.495555556
poll,2550,718462104075,718462104076,25.496054422
poll,2550,718462109088,718462109089,25.496575964
poll,2550,718462114092,718462114095,25.497074830
poll,2550,718462119112,718462119113,25.497573696
poll,2550,718462124126,718462124126,25.498072562
poll,2550,718462129139,718462129140,25.498571429
poll,2550,718462134152,718462134152,25.499070295
poll,2560,718463049128,718463049129,25.590544218
poll,2560,718463054132,718463054133,25.591043084
poll,2560,718463059142,718463059143,25.591564626
poll,2560,718463064159,718463064159,25.592063492
poll,2560,718463069167,718463069168,25.592562358
poll,2560,718463074174,718463074174,25.593061224
poll,2560,718463079182,718463079183,25.593560091
poll,2560,718463084190,718463084191,25.594058957
poll,2560,718463089203,718463089203,25.594557823
poll,2560,718463094212,718463094213,25.595056689
poll,2560,718463099221,718463099222,25.595555556
poll,2560,718463104231,718463104232,25.596054422
poll,2560,718463109239,718463109240,25.596575964
poll,2560,718463114245,718463114246,25.597074830
poll,2560,718463119263,718463119264,25.597573696
poll,2560,718463124278,718463124279,25.598072562
poll,2560,718463129287,718463129287,25.598571429
poll,2560,718463134301,718463134301,25.599070295
poll,2570,718464049284,718464049285,25.690566893
poll,2570,718464054294,718464054295,25.691065760
poll,2570,718464059299,718464059299,25.691564626
poll,2570,718464064305,718464064306,25.692063492
poll,2570,718464069313,718464069313,25.692585034
poll,2570,718464074316,718464074316,25.693083900
poll,2570,718464079317,718464079318,25.693582766
poll,2570,718464084319,718464084319,25.694081633
poll,2570,718464089321,718464089322,25.694580499
poll,2570,718464094325,718464094326,25.695079365
poll,2570,718464099338,718464099338,25.695578231
poll,2570,718464104350,718464104351,25.696077098
poll,2570,718464109366,718464109367,25.696575964
poll,2570,718464114379,718464114380,25.697074830
poll,2570,718464119387,718464119388,25.697573696
poll,2570,718464124399,718464124400,25.698072562
poll,2570,718464129404,718464129405,25.698594104
poll,2570,718464134414,718464134415,25.699092971
poll,2580,718465049212,718465049213,25.790566893
poll,2580,718465054221,718465054221,25.791065760
poll,2580,718465059223,718465059224,25.791564626
poll,2580,718465064225,718465064226,25.792063492
poll,2580,718465069230,718465069230,25.792562358
poll,2580,718465074233,718465074233,25.793061224
poll,2580,718465079238,718465079238,25.793560091
poll,2580,718465084239,718465084240,25.794058957
poll,2580,718465089244,718465089245,25.794557823
poll,2580,718465094246,718465094263,25.795056689
poll,2580,718465099285,718465099285,25.795555556
poll,2580,718465104295,718465104295,25.796054422
poll,2580,718465109314,718465109314,25.796575964
poll,2580,718465114331,718465114331,25.797074830
poll,2580,718465119346,718465119346,25.797573696
poll,2580,718465124351,718465124352,25.798072562
poll,2580,718465129360,718465129361,25.798571429
poll,2580,718465134371,718465134371,25.799070295
poll,2590,718466049636,718466049637,25.890589569
poll,2590,718466054646,718466054646,25.891088435
poll,2590,718466059662,718466059663,25.891587302
poll,2590,718466064673,718466064674,25.892108844
poll,2590,718466069684,718466069685,25.892607710
poll,2590,718466074687,718466074688,25.893106576
poll,2590,718466079695,718466079696,25.893605442
poll,2590,718466084712,718466084713,25.894104308
poll,2590,718466089727,718466089728,25.894603175
poll,2590,718466094731,718466094731,25.895102041
poll,2590,718466099736,718466099738,25.895600907
poll,2590,718466104755,718466104755,25.896099773
poll,2590,718466109769,718466109770,25.896598639
poll,2590,718466114783,718466114783,25.897120181
poll,2590,718466119790,718466119790,25.897619048
poll,2590,718466124804,718466124804,25.898117914
poll,2590,718466129849,718466129849,25.898616780
poll,2590,718466134864,718466134865,25.899115646
poll,2600,718467049485,718467049486,25.990589569
poll,2600,718467054493,718467054493,25.991088435
poll,2600,718467059494,718467059495,25.991587302
poll,2600,718467064510,718467064511,25.992086168
poll,2600,718467069529,718467069529,25.992585034
poll,2600,718467074545,718467074546,25.993106576
poll,2600,718467079563,718467079563,25.993605442
poll,2600,718467084577,718467084577,25.994104308
poll,2600,718467089578,718467089579,25.994603175
poll,2600,718467094597,718467094597,25.995102041
poll,2600,718467099615,718467099615,25.995600907
poll,2600,718467104617,718467104618,25.996099773
poll,2600,718467109623,718467109624,25.996598639
poll,2600,718467114641,718467114641,25.997097506
poll,2600,718467119644,718467119645,25.997596372
poll,2600,718467124663,718467124668,25.998117914
poll,2600,718467129676,718467129677,25.998616780
poll,2600,718467134681,718467134682,25.999115646
poll,2610,718468049202,718468049203,26.090566893
poll,2610,718468054221,718468054222,26.091065760
poll,2610,718468059227,718468059228,26.091564626
poll,2610,718468064238,718468064238,26.092063492
poll,2610,718468069255,718468069256,26.092562358
poll,2610,718468074267,718468074268,26.093061224
poll,2610,718468079269,718468079270,26.093560091
poll,2610,718468084284,718468084285,26.094058957
poll,2610,718468089293,718468089293,26.094557823
poll,2610,718468094310,718468094310,26.095056689
poll,2610,718468099313,718468099313,26.095578231
poll,2610,718468104329,718468104330,26.096077098
poll,2610,718468109344,718468109344,26.096575964
poll,2610,718468114359,718468114360,26.097074830
poll,2610,718468119363,718468119363,26.097573696
poll,2610,718468124368,718468124368,26.098072562
poll,2610,718468129385,718468129386,26.098571429
poll,2610,718468134391,718468134392,26.099070295
poll,2620,718469049141,718469049142,26.190544218
poll,2620,718469054149,718469054150,26.191043084
poll,2620,718469059157,718469059158,26.191541950
poll,2620,718469064164,718469064165,26.192040816
poll,2620,718469069180,718469069181,26.192562358
poll,2620,718469074185,718469074186,26.193061224
poll,2620,718469079198,718469079199,26.193560091
poll,2620,718469084216,718469084217,26.194058957
poll,2620,718469089233,718469089235,26.194557823
poll,2620,718469094240,718469094240,26.195056689
poll,2620,718469099243,718469099243,26.195555556
poll,2620,718469104249,718469104250,26.196054422
poll,2620,718469109266,718469109267,26.196553288
poll,2620,718469114271,718469114271,26.197052154
poll,2620,718469119274,718469119274,26.197573696
poll,2620,718469124280,718469124280,26.198072562
poll,2620,718469129297,718469129297,26.198571429
poll,2620,718469134300,718469134301,26.199070295
poll,2630,718470049247,718470049249,26.290566893
poll,2630,718470054262,718470054262,26.291065760
poll,2630,718470059267,718470059268,26.291564626
poll,2630,718470064271,718470064271,26.292063492
poll,2630,718470069279,718470069280,26.292562358
poll,2630,718470074296,718470074297,26.293061224
poll,2630,718470079299,718470079300,26.293582766
poll,2630,718470084307,718470084308,26.294081633
poll,2630,718470089324,718470089324,26.294580499
poll,2630,718470094335,718470094335,26.295079365
poll,2630,718470099340,718470099341,26.295578231
poll,2630,718470104343,718470104343,26.296077098
poll,2630,718470109352,718470109352,26.296575964
poll,2630,718470114362,718470114362,26.297074830
poll,2630,718470119367,718470119368,26.297573696
poll,2630,718470124377,718470124377,26.298072562
poll,2630,718470129386,718470129387,26.298571429
poll,2630,718470134405,718470134406,26.299092971
poll,2640,718471049338,718471049339,26.390566893
poll,2640,718471054341,718471054342,26.391065760
poll,2640,718471059346,718471059346,26.391564626
poll,2640,718471064356,718471064368,26.392086168
poll,2640,718471069388,718471069388,26.392585034
poll,2640,718471074395,718471074396,26.393083900
poll,2640,718471079398,718471079398,26.393582766
poll,2640,718471084416,718471084416,26.394081633
poll,2640,718471089423,718471089424,26.394580499
poll,2640,718471094428,718471094429,26.395079365
poll,2640,718471099444,718471099445,26.395578231
poll,2640,718471104450,718471104450,26.396077098
poll,2640,718471109457,718471109457,26.396575964
poll,2640,718471114460,718471114460,26.397097506
poll,2640,718471119475,718471119475,26.397596372
poll,2640,718471124480,718471124481,26.398095238
poll,2640,718471129487,718471129488,26.398594104
poll,2640,718471134489,718471134490,26.399092971
poll,2650,718472049021,718472049022,26.490544218
poll,2650,718472054028,718472054028,26.491043084
poll,2650,718472059041,718472059041,26.491541950
poll,2650,718472064046,718472064046,26.492063492
poll,2650,718472069053,718472069053,26.492562358
poll,2650,718472074055,718472074056,26.493061224
poll,2650,718472079059,718472079059,26.493560091
poll,2650,718472084060,718472084061,26.494058957
poll,2650,718472089070,718472089070,26.494557823
poll,2650,718472094087,718472094088,26.495056689
poll,2650,718472099105,718472099106,26.495555556
poll,2650,718472104107,718472104108,26.496054422
poll,2650,718472109124,718472109125,26.496553288
poll,2650,718472114143,718472114144,26.497052154
poll,2650,718472119150,718472119153,26.497573696
poll,2650,718472124175,718472124176,26.498072562
poll,2650,718472129178,718472129178,26.498571429
poll,2650,718472134193,718472134194,26.499070295
poll,2660,718473049109,718473049110,26.590544218
poll,2660,718473054120,718473054121,26.591043084
poll,2660,718473059139,718473059140,26.591541950
poll,2660,718473064146,718473064147,26.592040816
poll,2660,718473069164,718473069165,26.592562358
poll,2660,718473074181,718473074182,26.593061224
poll,2660,718473079183,718473079184,26.593560091
poll,2660,718473084185,718473084186,26.594058957
poll,2660,718473089188,718473089188,26.594557823
poll,2660,718473094201,718473094201,26.595056689
poll,2660,718473099219,718473099219,26.595555556
poll,2660,718473104230,718473104231,26.596054422
poll,2660,718473109247,718473109248,26.596553288
poll,2660,718473114258,718473114258,26.597052154
poll,2660,718473119275,718473119275,26.597573696
poll,2660,718473124287,718473124288,26.598072562
poll,2660,718473129289,718473129289,26.598571429
poll,2660,718473134300,718473134301,26.599070295
poll,2670,718474049502,718474049513,26.690589569
poll,2670,718474054524,718474054525,26.691088435
poll,2670,718474059536,718474059537,26.691587302
poll,2670,718474064542,718474064543,26.692086168
poll,2670,718474069544,718474069545,26.692585034
poll,2670,718474074551,718474074552,26.693083900
poll,2670,718474079560,718474079561,26.693605442
poll,2670,718474084567,718474084568,26.694104308
poll,2670,718474089585,718474089586,26.694603175
poll,2670,718474094595,718474094596,26.695102041
poll,2670,718474099613,718474099614,26.695600907
poll,2670,718474104617,718474104618,26.696099773
poll,2670,718474109628,718474109629,26.696598639
poll,2670,718474114634,718474114634,26.697097506
poll,2670,718474119641,718474119641,26.697596372
poll,2670,718474124645,718474124646,26.698095238
poll,2670,718474129648,718474129648,26.698594104
poll,2670,718474134655,718474134656,26.699115646
poll,2680,718475049804,718475049805,26.790589569
poll,2680,718475054807,718475054808,26.791088435
poll,2680,718475059821,718475059822,26.791587302
poll,2680,718475064833,718475064834,26.792086168
poll,2680,718475069844,718475069845,26.792585034
poll,2680,718475074857,718475074858,26.793106576
poll,2680,718475079867,718475079868,26.793605442
poll,2680,718475084882,718475084882,26.794104308
poll,2680,718475089892,718475089893,26.794603175
poll,2680,718475094909,718475094909,26.795102041
poll,2680,718475099925,718475099926,26.795600907
poll,2680,718475104941,718475104942,26.796099773
poll,2680,718475109956,718475109957,26.796598639
poll,2680,718475114975,718475114975,26.797097506
poll,2680,718475119990,718475119990,26.797619048
poll,2680,718475125007,718475125008,26.798117914
poll,2680,718475130013,718475130014,26.798616780
poll,2680,718475135028,718475135029,26.799115646
poll,2690,718476049098,718476049099,26.890544218
poll,2690,718476054104,718476054105,26.891043084
poll,2690,718476059116,718476059120,26.891541950
poll,2690,718476064131,718476064132,26.892040816
poll,2690,718476069147,718476069148,26.892562358
poll,2690,718476074165,718476074166,26.893061224
poll,2690,718476079171,718476079171,26.893560091
poll,2690,718476084175,718476084176,26.894058957
poll,2690,718476089177,718476089178,26.894557823
poll,2690,718476094186,718476094186,26.895056689
poll,2690,718476099192,718476099193,26.895555556
poll,2690,718476104205,718476104206,26.896054422
poll,2690,718476109222,718476109223,26.896553288
poll,2690,718476114234,718476114234,26.897052154
poll,2690,718476119237,718476119237,26.897551020
poll,2690,718476124254,718476124255,26.898072562
poll,2690,718476129267,718476129268,26.898571429
poll,2690,718476134285,718476134286,26.899070295
poll,2700,718477049339,718477049339,26.990566893
poll,2700,718477054354,718477054354,26.991065760
poll,2700,718477059358,718477059359,26.991564626
poll,2700,718477064361,718477064362,26.992063492
poll,2700,718477069363,718477069363,26.992562358
poll,2700,718477074380,718477074381,26.993061224
poll,2700,718477079398,718477079399,26.993582766
poll,2700,718477084402,718477084403,26.994081633
poll,2700,718477089406,718477089406,26.994580499
poll,2700,718477094423,718477094424,26.995079365
poll,2700,718477099428,718477099428,26.995578231
poll,2700,718477104432,718477104432,26.996077098
poll,2700,718477109435,718477109436,26.996575964
poll,2700,718477114442,718477114443,26.997074830
poll,2700,718477119446,718477119447,26.997573696
poll,2700,718477124465,718477124465,26.998072562
poll,2700,718477129468,718477129469,26.998571429
poll,2700,718477134472,718477134472,26.999070295
poll,2710,718478049232,718478049234,27.090544218
poll,2710,718478054238,718478054239,27.091065760
poll,2710,718478059242,718478059242,27.091564626
poll,2710,718478064258,718478064268,27.092063492
poll,2710,718478069281,718478069282,27.092562358
poll,2710,718478074287,718478074287,27.093061224
poll,2710,718478079294,718478079295,27.093560091
poll,2710,718478084299,718478084300,27.094058957
poll,2710,718478089301,718478089302,27.094557823
poll,2710,718478094307,718478094307,27.095056689
poll,2710,718478099314,718478099315,27.095555556
poll,2710,718478104328,718478104331,27.096054422
poll,2710,718478109353,718478109353,27.096575964
poll,2710,718478114360,718478114361,27.097074830
poll,2710,718478119378,718478119379,27.097573696
poll,2710,718478124385,718478124385,27.098072562
poll,2710,718478129387,718478129388,27.098571429
poll,2710,718478134394,718478134395,27.099070295
poll,2720,718479049148,718479049149,27.190544218
poll,2720,718479054155,718479054156,27.191043084
poll,2720,718479059167,718479059168,27.191541950
poll,2720,718479064175,718479064175,27.192040816
poll,2720,718479069186,718479069186,27.192562358
poll,2720,718479074196,718479074196,27.193061224
poll,2720,718479079207,718479079207,27.193560091
poll,2720,718479084214,718479084214,27.194058957
poll,2720,718479089216,718479089218,27.194557823
poll,2720,718479094222,718479094223,27.195056689
poll,2720,718479099234,718479099235,27.195555556
poll,2720,718479104241,718479104242,27.196054422
poll,2720,718479109250,718479109250,27.196553288
poll,2720,718479114261,718479114262,27.197052154
poll,2720,718479119275,718479119276,27.197551020
poll,2720,718479124288,718479124289,27.198072562
poll,2720,718479129299,718479129300,27.198571429
poll,2720,718479134312,718479134312,27.199070295
poll,2730,718480049425,718480049426,27.290566893
poll,2730,718480054437,718480054437,27.291065760
poll,2730,718480059446,718480059447,27.291564626
poll,2730,718480064463,718480064474,27.292063492
poll,2730,718480069492,718480069492,27.292585034
poll,2730,718480074502,718480074502,27.293083900
poll,2730,718480079512,718480079513,27.293582766
poll,2730,718480084522,718480084523,27.294081633
poll,2730,718480089528,718480089528,27.294580499
poll,2730,718480094534,718480094534,27.295079365
poll,2730,718480099544,718480099545,27.295578231
poll,2730,718480104553,718480104553,27.296077098
poll,2730,718480109560,718480109561,27.296575964
poll,2730,718480114568,718480114569,27.297074830
poll,2730,718480119571,718480119572,27.297573696
poll,2730,718480124584,718480124584,27.298072562
poll,2730,718480129594,718480129595,27.298594104
poll,2730,718480134605,718480134605,27.299092971
poll,2740,718481049201,718481049202,27.390544218
poll,2740,718481054215,718481054215,27.391043084
poll,2740,718481059224,718481059225,27.391564626
poll,2740,718481064238,718481064238,27.392063492
poll,2740,718481069243,718481069247,27.392562358
poll,2740,718481074259,718481074259,27.393061224
poll,2740,718481079272,718481079273,27.393560091
poll,2740,718481084291,718481084292,27.394058957
poll,2740,718481089304,718481089304,27.394557823
poll,2740,718481094314,718481094314,27.395056689
poll,2740,718481099326,718481099327,27.395555556
poll,2740,718481104343,718481104343,27.396054422
poll,2740,718481109358,718481109358,27.396575964
poll,2740,718481114371,718481114372,27.397074830
poll,2740,718481119388,718481119389,27.397573696
poll,2740,718481124393,718481124393,27.398072562
poll,2740,718481129409,718481129410,27.398571429
poll,2740,718481134423,718481134423,27.399070295
poll,2750,718482049373,718482049374,27.490544218
poll,2750,718482054384,718482054385,27.491065760
poll,2750,718482059420,718482059421,27.491564626
poll,2750,718482064432,718482064432,27.492063492
poll,2750,718482069444,718482069445,27.492562358
poll,2750,718482074459,718482074460,27.493061224
poll,2750,718482079478,718482079478,27.493560091
poll,2750,718482084485,718482084485,27.494058957
poll,2750,718482089491,718482089492,27.494557823
poll,2750,718482094508,718482094509,27.495079365
poll,2750,718482099518,718482099519,27.495578231
poll,2750,718482104524,718482104524,27.496077098
poll,2750,718482109528,718482109529,27.496575964
poll,2750,718482114534,718482114535,27.497074830
poll,2750,718482119546,718482119547,27.497573696
poll,2750,718482124550,718482124550,27.498072562
poll,2750,718482129554,718482129555,27.498571429
poll,2750,718482134559,718482134560,27.499070295
poll,2760,718483049418,718483049420,27.590589569
poll,2760,718483054438,718483054439,27.591088435
poll,2760,718483059440,718483059440,27.591587302
poll,2760,718483064480,718483064491,27.592086168
poll,2760,718483069516,718483069517,27.592585034
poll,2760,718483074524,718483074524,27.593106576
poll,2760,718483079537,718483079538,27.593605442
poll,2760,718483084539,718483084539,27.594104308
poll,2760,718483089540,718483089541,27.594603175
poll,2760,718483094558,718483094558,27.595102041
poll,2760,718483099567,718483099572,27.595600907
poll,2760,718483104594,718483104594,27.596099773
poll,2760,718483109610,718483109611,27.596598639
poll,2760,718483114612,718483114613,27.597097506
poll,2760,718483119617,718483119618,27.597596372
poll,2760,718483124620,718483124621,27.598095238
poll,2760,718483129622,718483129623,27.598616780
poll,2760,718483134640,718483134641,27.599115646
poll,2770,718484049541,718484049542,27.690566893
poll,2770,718484054561,718484054561,27.691065760
poll,2770,718484059580,718484059581,27.691564626
poll,2770,718484064585,718484064586,27.692063492
poll,2770,718484069597,718484069598,27.692585034
poll,2770,718484074612,718484074612,27.693083900
poll,2770,718484079616,718484079617,27.693582766
poll,2770,718484084619,718484084619,27.694081633
poll,2770,718484089624,718484089625,27.694580499
poll,2770,718484094639,718484094640,27.695079365
poll,2770,718484099656,718484099656,27.695578231
poll,2770,718484104673,718484104673,27.696077098
poll,2770,718484109679,718484109679,27.696575964
poll,2770,718484114689,718484114690,27.697074830
poll,2770,718484119702,718484119703,27.697573696
poll,2770,718484124719,718484124719,27.698095238
poll,2770,718484129720,718484129720,27.698594104
poll,2770,718484134724,718484134725,27.699092971
poll,2780,718485049689,718485049690,27.790544218
poll,2780,718485054699,718485054700,27.791043084
poll,2780,718485059717,718485059718,27.791541950
poll,2780,718485064724,718485064725,27.792063492
poll,2780,718485069733,718485069733,27.792562358
poll,2780,718485074739,718485074740,27.793061224
poll,2780,718485079755,718485079755,27.793560091
poll,2780,718485084769,718485084769,27.794058957
poll,2780,718485089779,718485089780,27.794557823
poll,2780,718485094789,718485094790,27.795056689
poll,2780,718485099803,718485099804,27.795555556
poll,2780,718485104814,718485104814,27.796054422
poll,2780,718485109825,718485109825,27.796553288
poll,2780,718485114836,718485114837,27.797074830
poll,2780,718485119845,718485119850,27.797573696
poll,2780,718485124865,718485124866,27.798072562
poll,2780,718485129876,718485129877,27.798571429
poll,2780,718485134885,718485134885,27.799070295
poll,2790,718486049194,718486049195,27.890544218
poll,2790,718486054199,718486054200,27.891043084
poll,2790,718486059203,718486059204,27.891541950
poll,2790,718486064210,718486064211,27.892040816
poll,2790,718486069223,718486069223,27.892539683
poll,2790,718486074235,718486074235,27.893061224
poll,2790,718486079249,718486079250,27.893560091
poll,2790,718486084260,718486084260,27.894058957
poll,2790,718486089270,718486089271,27.894557823
poll,2790,718486094281,718486094282,27.895056689
poll,2790,718486099291,718486099291,27.895555556
poll,2790,718486104299,718486104299,27.896054422
poll,2790,718486109309,718486109309,27.896553288
poll,2790,718486114319,718486114320,27.897052154
poll,2790,718486119322,718486119322,27.897551020
poll,2790,718486124329,718486124329,27.898049887
poll,2790,718486129336,718486129336,27.898571429
poll,2790,718486134346,718486134346,27.899070295
poll,2800,718487049665,718487049676,27.990589569
poll,2800,718487054694,718487054694,27.991088435
poll,2800,718487059702,718487059702,27.991587302
poll,2800,718487064705,718487064706,27.992086168
poll,2800,718487069718,718487069718,27.992585034
poll,2800,718487074728,718487074728,27.993083900
poll,2800,718487079744,718487079744,27.993582766
poll,2800,718487084756,718487084756,27.994104308
poll,2800,718487089773,718487089774,27.994603175
poll,2800,718487094781,718487094781,27.995102041
poll,2800,718487099794,718487099794,27.995600907
poll,2800,718487104804,718487104804,27.996099773
poll,2800,718487109807,718487109808,27.996598639
poll,2800,718487114820,718487114821,27.997097506
poll,2800,718487119836,718487119837,27.997596372
poll,2800,718487124844,718487124845,27.998095238
poll,2800,718487129860,718487129861,27.998594104
poll,2800,718487134871,718487134872,27.999115646
poll,2810,718488049440,718488049440,28.090566893
poll,2810,718488054459,718488054459,28.091065760
poll,2810,718488059474,718488059475,28.091587302
poll,2810,718488064492,718488064492,28.092086168
poll,2810,718488069495,718488069496,28.092585034
poll,2810,718488074513,718488074513,28.093083900
poll,2810,718488079742,718488079746,28.093605442
poll,2810,718488084757,718488084757,28.094104308
poll,2810,718488089763,718488089764,28.094603175
poll,2810,718488094782,718488094782,28.095102041
poll,2810,718488099786,718488099787,28.095600907
poll,2810,718488104790,718488104791,28.096099773
poll,2810,718488109795,718488109796,28.096598639
poll,2810,718488114799,718488114799,28.097097506
poll,2810,718488119812,718488119812,28.097619048
poll,2810,718488124829,718488124830,28.098117914
poll,2810,718488129847,718488129848,28.098616780
poll,2810,718488134856,718488134857,28.099115646
poll,2820,718489049401,718489049401,28.190544218
poll,2820,718489054411,718489054412,28.191043084
poll,2820,718489059418,718489059418,28.191564626
poll,2820,718489064425,718489064425,28.192063492
poll,2820,718489069431,718489069432,28.192562358
poll,2820,718489074444,718489074444,28.193061224
poll,2820,718489079451,718489079451,28.193560091
poll,2820,718489084453,718489084454,28.194058957
poll,2820,718489089469,718489089470,28.194557823
poll,2820,718489094481,718489094483,28.195056689
poll,2820,718489099484,718489099485,28.195555556
poll,2820,718489104497,718489104498,28.196054422
poll,2820,718489109509,718489109509,28.196553288
poll,2820,718489114525,718489114526,28.197074830
poll,2820,718489119528,718489119529,28.197573696
poll,2820,718489124538,718489124539,28.198072562
poll,2820,718489129555,718489129555,28.198571429
poll,2820,718489134570,718489134571,28.199070295
poll,2830,718490049473,718490049474,28.290566893
poll,2830,718490054491,718490054492,28.291065760
poll,2830,718490059508,718490059509,28.291564626
poll,2830,718490064525,718490064526,28.292063492
poll,2830,718490069537,718490069538,28.292585034
poll,2830,718490074541,718490074541,28.293083900
poll,2830,718490079544,718490079545,28.293582766
poll,2830,718490084547,718490084548,28.294081633
poll,2830,718490089564,718490089564,28.294580499
poll,2830,718490094568,718490094568,28.295079365
poll,2830,718490099572,718490099573,28.295578231
poll,2830,718490104590,718490104590,28.296077098
poll,2830,718490109595,718490109595,28.296575964
poll,2830,718490114599,718490114600,28.297074830
poll,2830,718490119601,718490119602,28.297573696
poll,2830,718490124614,718490124615,28.298072562
poll,2830,718490129633,718490129633,28.298594104
poll,2830,718490134643,718490134643,28.299092971
poll,2840,718491049241,718491049242,28.390544218
poll,2840,718491054245,718491054246,28.391043084
poll,2840,718491059251,718491059252,28.391541950
poll,2840,718491064269,718491064270,28.392040816
poll,2840,718491069275,718491069275,28.392562358
poll,2840,718491074310,718491074311,28.393061224
poll,2840,718491079314,718491079314,28.393560091
poll,2840,718491084320,718491084321,28.394058957
poll,2840,718491089339,718491089339,28.394557823
poll,2840,718491094343,718491094343,28.395056689
poll,2840,718491099346,718491099346,28.395555556
poll,2840,718491104364,718491104365,28.396054422
poll,2840,718491109370,718491109371,28.396553288
poll,2840,718491114377,718491114378,28.397052154
poll,2840,718491119383,718491119383,28.397573696
poll,2840,718491124389,718491124389,28.398072562
poll,2840,718491129392,718491129393,28.398571429
poll,2840,718491134401,718491134401,28.399070295
poll,2850,718492049334,718492049346,28.490566893
poll,2850,718492054367,718492054367,28.491065760
poll,2850,718492059383,718492059383,28.491564626
poll,2850,718492064392,718492064392,28.492063492
poll,2850,718492069401,718492069402,28.492585034
poll,2850,718492074416,718492074417,28.493083900
poll,2850,718492079426,718492079427,28.493582766
poll,2850,718492084439,718492084440,28.494081633
poll,2850,718492089456,718492089457,28.494580499
poll,2850,718492094469,718492094469,28.495079365
poll,2850,718492099482,718492099483,28.495578231
poll,2850,718492104489,718492104490,28.496077098
poll,2850,718492109500,718492109501,28.496575964
poll,2850,718492114505,718492114506,28.497074830
poll,2850,718492119514,718492119515,28.497596372
poll,2850,718492124531,718492124531,28.498095238
poll,2850,718492129536,718492129536,28.498594104
poll,2850,718492134548,718492134548,28.499092971
poll,2860,718493049539,718493049540,28.590566893
poll,2860,718493054550,718493054551,28.591065760
poll,2860,718493059560,718493059560,28.591564626
poll,2860,718493064577,718493064577,28.592063492
poll,2860,718493069588,718493069588,28.592562358
poll,2860,718493074597,718493074598,28.593061224
poll,2860,718493079605,718493079606,28.593582766
poll,2860,718493084616,718493084617,28.594081633
poll,2860,718493089628,718493089629,28.594580499
poll,2860,718493094630,718493094631,28.595079365
poll,2860,718493099634,718493099634,28.595578231
poll,2860,718493104648,718493104649,28.596077098
poll,2860,718493109664,718493109665,28.596575964
poll,2860,718493114669,718493114674,28.597074830
poll,2860,718493119689,718493119690,28.597573696
poll,2860,718493124695,718493124696,28.598072562
poll,2860,718493129704,718493129705,28.598594104
poll,2860,718493134719,718493134720,28.599092971
poll,2870,718494049286,718494049287,28.690544218
poll,2870,718494054292,718494054293,28.691043084
poll,2870,718494059308,718494059312,28.691541950
poll,2870,718494064322,718494064322,28.692063492
poll,2870,718494069329,718494069330,28.692562358
poll,2870,718494074336,718494074336,28.693061224
poll,2870,718494079345,718494079346,28.693560091
poll,2870,718494084352,718494084352,28.694058957
poll,2870,718494089363,718494089363,28.694557823
poll,2870,718494094368,718494094368,28.695056689
poll,2870,718494099377,718494099378,28.695555556
poll,2870,718494104383,718494104384,28.696054422
poll,2870,718494109388,718494109389,28.696553288
poll,2870,718494114394,718494114395,28.697052154
poll,2870,718494119399,718494119399,28.697551020
poll,2870,718494124407,718494124408,28.698072562
poll,2870,718494129417,718494129417,28.698571429
poll,2870,718494134431,718494134432,28.699070295
poll,2880,718495049399,718495049400,28.790566893
poll,2880,718495054420,718495054420,28.791065760
poll,2880,718495059424,718495059425,28.791564626
poll,2880,718495064443,718495064444,28.792063492
poll,2880,718495069462,718495069462,28.792562358
poll,2880,718495074480,718495074481,28.793061224
poll,2880,718495079484,718495079485,28.793560091
poll,2880,718495084487,718495084488,28.794058957
poll,2880,718495089504,718495089504,28.794557823
poll,2880,718495094508,718495094509,28.795056689
poll,2880,718495099525,718495099525,28.795578231
poll,2880,718495104541,718495104541,28.796077098
poll,2880,718495109548,718495109549,28.796575964
poll,2880,718495114562,718495114563,28.797074830
poll,2880,718495119567,718495119568,28.797573696
poll,2880,718495124580,718495124581,28.798072562
poll,2880,718495129593,718495129594,28.798571429
poll,2880,718495134599,718495134600,28.799070295
poll,2890,718496049461,718496049462,28.890566893
poll,2890,718496054469,718496054469,28.891065760
poll,2890,718496059474,718496059475,28.891564626
poll,2890,718496064481,718496064481,28.892063492
poll,2890,718496069492,718496069493,28.892562358
poll,2890,718496074501,718496074502,28.893061224
poll,2890,718496079513,718496079514,28.893560091
poll,2890,718496084524,718496084525,28.894081633
poll,2890,718496089533,718496089533,28.894580499
poll,2890,718496094542,718496094543,28.895079365
poll,2890,718496099552,718496099556,28.895578231
poll,2890,718496104574,718496104574,28.896077098
poll,2890,718496109585,718496109586,28.896575964
poll,2890,718496114593,718496114594,28.897074830
poll,2890,718496119608,718496119608,28.897573696
poll,2890,718496124621,718496124622,28.898072562
poll,2890,718496129630,718496129630,28.898571429
poll,2890,718496134631,718496134632,28.899092971
poll,2900,718497049765,718497049766,28.990589569
poll,2900,718497054777,718497054778,28.991088435
poll,2900,718497059788,718497059788,28.991609977
poll,2900,718497064796,718497064797,28.992108844
poll,2900,718497069809,718497069810,28.992607710
poll,2900,718497074822,718497074823,28.993106576
poll,2900,718497079839,718497079839,28.993605442
poll,2900,718497084855,718497084855,28.994104308
poll,2900,718497089873,718497089874,28.994603175
poll,2900,718497094876,718497094877,28.995102041
poll,2900,718497099878,718497099879,28.995600907
poll,2900,718497104879,718497104880,28.996099773
poll,2900,718497109898,718497109898,28.996621315
poll,2900,718497114902,718497114902,28.997120181
poll,2900,718497119916,718497119916,28.997619048
poll,2900,718497124919,718497124920,28.998117914
poll,2900,718497129923,718497129924,28.998616780
poll,2900,718497134940,718497134941,28.999115646
poll,2910,718498049413,718498049414,29.090544218
poll,2910,718498054426,718498054427,29.091043084
poll,2910,718498059438,718498059438,29.091564626
poll,2910,718498064440,718498064441,29.092063492
poll,2910,718498069451,718498069451,29.092562358
poll,2910,718498074464,718498074464,29.093061224
poll,2910,718498079475,718498079476,29.093560091
poll,2910,718498084482,718498084483,29.094058957
poll,2910,718498089490,718498089490,29.094557823
poll,2910,718498094500,718498094501,29.095056689
poll,2910,718498099508,718498099509,29.095555556
poll,2910,718498104512,718498104513,29.096054422
poll,2910,718498109517,718498109518,29.096553288
poll,2910,718498114527,718498114527,29.097052154
poll,2910,718498119537,718498119538,29.097573696
poll,2910,718498124554,718498124555,29.098072562
poll,2910,718498129561,718498129562,29.098571429
poll,2910,718498134572,718498134573,29.099070295
poll,2920,718499049434,718499049435,29.190544218
poll,2920,718499054443,718499054443,29.191043084
poll,2920,718499059445,718499059445,29.191541950
poll,2920,718499064452,718499064453,29.192063492
poll,2920,718499069460,718499069460,29.192562358
poll,2920,718499074470,718499074471,29.193061224
poll,2920,718499079481,718499079482,29.193560091
poll,2920,718499084517,718499084517,29.194058957
poll,2920,718499089526,718499089528,29.194557823
poll,2920,718499094538,718499094540,29.195056689
poll,2920,718499099554,718499099554,29.195555556
poll,2920,718499104562,718499104566,29.196054422
poll,2920,718499109585,718499109586,29.196575964
poll,2920,718499114589,718499114590,29.197074830
poll,2920,718499119594,718499119595,29.197573696
poll,2920,718499124607,718499124608,29.198072562
poll,2920,718499129622,718499129623,29.198571429
poll,2920,718499134624,718499134625,29.199070295
poll,2930,718500049476,718500049477,29.290566893
poll,2930,718500054494,718500054495,29.291065760
poll,2930,718500059504,718500059505,29.291564626
poll,2930,718500064523,718500064524,29.292086168
poll,2930,718500069537,718500069537,29.292585034
poll,2930,718500074541,718500074542,29.293083900
poll,2930,718500079556,718500079556,29.293582766
poll,2930,718500084561,718500084562,29.294081633
poll,2930,718500089575,718500089576,29.294580499
poll,2930,718500094589,718500094589,29.295079365
poll,2930,718500099604,718500099605,29.295578231
poll,2930,718500104611,718500104612,29.296077098
poll,2930,718500109617,718500109618,29.296575964
poll,2930,718500114623,718500114624,29.297097506
poll,2930,718500119629,718500119630,29.297596372
poll,2930,718500124634,718500124635,29.298095238
poll,2930,718500129639,718500129640,29.298594104
poll,2930,718500134644,718500134644,29.299092971
poll,2940,718501049988,718501049990,29.390589569
poll,2940,718501055008,718501055009,29.391111111
poll,2940,718501060023,718501060023,29.391609977
poll,2940,718501065037,718501065052,29.392108844
poll,2940,718501070075,718501070075,29.392607710
poll,2940,718501075089,718501075090,29.393106576
poll,2940,718501080107,718501080108,29.393605442
poll,2940,718501085123,718501085123,29.394104308
poll,2940,718501090138,718501090139,29.394603175
poll,2940,718501095152,718501095153,29.395124717
poll,2940,718501100158,718501100170,29.395623583
poll,2940,718501105184,718501105185,29.396122449
poll,2940,718501110193,718501110193,29.396621315
poll,2940,718501115210,718501115211,29.397120181
poll,2940,718501120228,718501120229,29.397619048
poll,2940,718501125240,718501125240,29.398117914
poll,2940,718501130253,718501130254,29.398616780
poll,2940,718501135265,718501135265,29.399115646
poll,2950,718502049260,718502049261,29.490544218
poll,2950,718502054273,718502054273,29.491043084
poll,2950,718502059277,718502059282,29.491564626
poll,2950,718502064298,718502064299,29.492063492
poll,2950,718502069306,718502069307,29.492562358
poll,2950,718502074318,718502074319,29.493061224
poll,2950,718502079334,718502079335,29.493560091
poll,2950,718502084339,718502084340,29.494058957
poll,2950,718502089346,718502089347,29.494557823
poll,2950,718502094353,718502094354,29.495056689
poll,2950,718502099363,718502099363,29.495555556
poll,2950,718502104371,718502104371,29.496054422
poll,2950,718502109384,718502109384,29.496575964
poll,2950,718502114402,718502114402,29.497074830
poll,2950,718502119417,718502119418,29.497573696
poll,2950,718502124426,718502124427,29.498072562
poll,2950,718502129434,718502129434,29.498571429
poll,2950,718502134442,718502134442,29.499070295
poll,2960,718503049638,718503049639,29.590566893
poll,2960,718503054650,718503054650,29.591065760
poll,2960,718503059665,718503059666,29.591564626
poll,2960,718503064678,718503064679,29.592063492
poll,2960,718503069683,718503069683,29.592562358
poll,2960,718503074685,718503074686,29.593083900
poll,2960,718503079694,718503079695,29.593582766
poll,2960,718503084698,718503084699,29.594081633
poll,2960,718503089711,718503089711,29.594580499
poll,2960,718503094722,718503094722,29.595079365
poll,2960,718503099733,718503099734,29.595578231
poll,2960,718503104736,718503104737,29.596077098
poll,2960,718503109752,718503109752,29.596575964
poll,2960,718503114768,718503114769,29.597074830
poll,2960,718503119786,718503119787,29.597573696
poll,2960,718503124800,718503124800,29.598095238
poll,2960,718503129805,718503129806,29.598594104
poll,2960,718503134819,718503134819,29.599092971
poll,2970,718504049416,718504049417,29.690544218
poll,2970,718504054426,718504054427,29.691043084
poll,2970,718504059435,718504059436,29.691541950
poll,2970,718504064443,718504064444,29.692063492
poll,2970,718504069456,718504069457,29.692562358
poll,2970,718504074461,718504074462,29.693061224
poll,2970,718504079472,718504079472,29.693560091
poll,2970,718504084486,718504084487,29.694058957
poll,2970,718504089500,718504089503,29.694557823
poll,2970,718504094516,718504094516,29.695056689
poll,2970,718504099527,718504099528,29.695555556
poll,2970,718504104532,718504104533,29.696054422
poll,2970,718504109542,718504109543,29.696553288
poll,2970,718504114560,718504114561,29.697074830
poll,2970,718504119570,718504119570,29.697573696
poll,2970,718504124577,718504124578,29.698072562
poll,2970,718504129587,718504129588,29.698571429
poll,2970,718504134596,718504134597,29.699070295
poll,2980,718505049556,718505049557,29.790544218
poll,2980,718505054570,718505054571,29.791043084
poll,2980,718505059575,718505059575,29.791564626
poll,2980,718505064579,718505064580,29.792063492
poll,2980,718505069582,718505069583,29.792562358
poll,2980,718505074587,718505074588,29.793061224
poll,2980,718505079605,718505079606,29.793560091
poll,2980,718505084610,718505084611,29.794058957
poll,2980,718505089614,718505089615,29.794557823
poll,2980,718505094627,718505094627,29.795056689
poll,2980,718505099635,718505099636,29.795555556
poll,2980,718505104643,718505104644,29.796054422
poll,2980,718505109650,718505109650,29.796553288
poll,2980,718505114657,718505114658,29.797052154
poll,2980,718505119665,718505119666,29.797573696
poll,2980,718505124672,718505124672,29.798072562
poll,2980,718505129673,718505129674,29.798571429
poll,2980,718505134688,718505134689,29.799070295
poll,2990,718506049592,718506049594,29.890566893
poll,2990,718506054613,718506054614,29.891065760
poll,2990,718506059631,718506059632,29.891564626
poll,2990,718506064643,718506064654,29.892086168
poll,2990,718506069663,718506069664,29.892585034
poll,2990,718506074673,718506074674,29.893083900
poll,2990,718506079680,718506079681,29.893582766
poll,2990,718506084697,718506084697,29.894081633
poll,2990,718506089713,718506089714,29.894580499
poll,2990,718506094724,718506094725,29.895079365
poll,2990,718506099732,718506099733,29.895578231
poll,2990,718506104749,718506104749,29.896077098
poll,2990,718506109754,718506109755,29.896598639
poll,2990,718506114770,718506114771,29.897097506
poll,2990,718506119780,718506119781,29.897596372
poll,2990,718506124797,718506124797,29.898095238
poll,2990,718506129804,718506129804,29.898594104
poll,2990,718506134806,718506134807,29.899092971
poll,3000,718507049549,718507049550,29.990566893
poll,3000,718507054569,718507054570,29.991065760
poll,3000,718507059587,718507059591,29.991564626
poll,3000,718507064610,718507064610,29.992063492
poll,3000,718507069628,718507069628,29.992562358
poll,3000,718507074646,718507074646,29.993083900
poll,3000,718507079663,718507079664,29.993582766
poll,3000,718507084667,718507084668,29.994081633
poll,3000,718507089686,718507089686,29.994580499
poll,3000,718507094776,718507094777,29.995079365
poll,3000,718507099794,718507099795,29.995600907
poll,3000,718507104801,718507104801,29.996099773
poll,3000,718507109819,718507109819,29.996598639
poll,3000,718507114836,718507114837,29.997097506
poll,3000,718507119851,718507119852,29.997596372
poll,3000,718507124870,718507124870,29.998095238
poll,3000,718507129888,718507129889,29.998594104
poll,3000,718507134907,718507134907,29.999092971
poll,3010,718508049634,718508049635,30.090566893
poll,3010,718508054638,718508054639,30.091065760
poll,3010,718508059641,718508059642,30.091564626
poll,3010,718508064653,718508064654,30.092063492
poll,3010,718508069657,718508069658,30.092562358
poll,3010,718508074663,718508074664,30.093061224
poll,3010,718508079669,718508079670,30.093560091
poll,3010,718508084679,718508084680,30.094058957
poll,3010,718508089686,718508089687,30.094557823
poll,3010,718508094689,718508094690,30.095056689
poll,3010,718508099693,718508099694,30.095555556
poll,3010,718508104703,718508104704,30.096054422
poll,3010,718508109710,718508109711,30.096575964
poll,3010,718508114716,718508114717,30.097074830
poll,3010,718508119727,718508119728,30.097573696
poll,3010,718508124731,718508124732,30.098072562
poll,3010,718508129737,718508129737,30.098571429
poll,3010,718508134743,718508134743,30.099070295
poll,3020,718509049594,718509049595,30.190566893
poll,3020,718509054610,718509054611,30.191065760
poll,3020,718509059625,718509059625,30.191564626
poll,3020,718509064630,718509064631,30.192063492
poll,3020,718509069648,718509069648,30.192562358
poll,3020,718509074652,718509074653,30.193061224
poll,3020,718509079669,718509079669,30.193582766
poll,3020,718509084677,718509084677,30.194081633
poll,3020,718509089695,718509089695,30.194580499
poll,3020,718509094707,718509094710,30.195079365
poll,3020,718509099718,718509099719,30.195578231
poll,3020,718509104725,718509104726,30.196077098
poll,3020,718509109727,718509109728,30.196575964
poll,3020,718509114730,718509114730,30.197074830
poll,3020,718509119738,718509119738,30.197573696
poll,3020,718509124743,718509124743,30.198072562
poll,3020,718509129748,718509129749,30.198571429
poll,3020,718509134751,718509134752,30.199070295
poll,3030,718510049768,718510049769,30.290566893
poll,3030,718510054781,718510054782,30.291065760
poll,3030,718510059797,718510059797,30.291564626
poll,3030,718510064798,718510064810,30.292063492
poll,3030,718510069823,718510069824,30.292585034
poll,3030,718510074829,718510074829,30.293083900
poll,3030,718510079837,718510079838,30.293582766
poll,3030,718510084841,718510084841,30.294081633
poll,3030,718510089859,718510089860,30.294580499
poll,3030,718510094872,718510094872,30.295079365
poll,3030,718510099884,718510099885,30.295578231
poll,3030,718510104886,718510104887,30.296077098
poll,3030,718510109904,718510109905,30.296575964
poll,3030,718510114923,718510114923,30.297074830
poll,3030,718510119930,718510119931,30.297596372
poll,3030,718510124948,718510124948,30.298095238
poll,3030,718510129965,718510129965,30.298594104
poll,3030,718510134982,718510134983,30.299092971
poll,3040,718511049566,718511049566,30.390544218
poll,3040,718511054574,718511054575,30.391065760
poll,3040,718511059580,718511059581,30.391564626
poll,3040,718511064588,718511064589,30.392063492
poll,3040,718511069591,718511069592,30.392562358
poll,3040,718511074595,718511074596,30.393061224
poll,3040,718511079600,718511079601,30.393560091
poll,3040,718511084608,718511084609,30.394058957
poll,3040,718511089610,718511089611,30.394557823
poll,3040,718511094612,718511094613,30.395056689
poll,3040,718511099617,718511099617,30.395555556
poll,3040,718511104625,718511104626,30.396054422
poll,3040,718511109627,718511109628,30.396553288
poll,3040,718511114630,718511114630,30.397052154
poll,3040,718511119640,718511119641,30.397551020
poll,3040,718511124644,718511124645,30.398072562
poll,3040,718511129645,718511129646,30.398571429
poll,3040,718511134653,718511134657,30.399070295
poll,3050,718512049428,718512049429,30.490544218
poll,3050,718512054448,718512054448,30.491043084
poll,3050,718512059465,718512059465,30.491541950
poll,3050,718512064472,718512064473,30.492063492
poll,3050,718512069475,718512069476,30.492562358
poll,3050,718512074479,718512074480,30.493061224
poll,3050,718512079481,718512079482,30.493560091
poll,3050,718512084497,718512084501,30.494058957
poll,3050,718512089508,718512089509,30.494557823
poll,3050,718512094513,718512094514,30.495056689
poll,3050,718512099532,718512099533,30.495555556
poll,3050,718512104537,718512104537,30.496054422
poll,3050,718512109554,718512109555,30.496553288
poll,3050,718512114572,718512114572,30.497052154
poll,3050,718512119590,718512119591,30.497573696
poll,3050,718512124594,718512124595,30.498072562
poll,3050,718512129613,718512129613,30.498571429
poll,3050,718512134630,718512134631,30.499070295
poll,3060,718513049700,718513049701,30.590566893
poll,3060,718513054706,718513054707,30.591065760
poll,3060,718513059710,718513059711,30.591564626
poll,3060,718513064720,718513064721,30.592063492
poll,3060,718513069739,718513069739,30.592562358
poll,3060,718513074757,718513074757,30.593061224
poll,3060,718513079774,718513079775,30.593582766
poll,3060,718513084779,718513084780,30.594081633
poll,3060,718513089782,718513089782,30.594580499
poll,3060,718513094785,718513094786,30.595079365
poll,3060,718513099797,718513099797,30.595578231
poll,3060,718513104800,718513104800,30.596077098
poll,3060,718513109818,718513109818,30.596575964
poll,3060,718513114836,718513114837,30.597074830
poll,3060,718513119855,718513119855,30.597573696
poll,3060,718513124859,718513124860,30.598072562
poll,3060,718513129876,718513129877,30.598571429
poll,3060,718513134894,718513134894,30.599092971
poll,3070,718514049737,718514049738,30.690544218
poll,3070,718514054742,718514054743,30.691043084
poll,3070,718514059746,718514059747,30.691541950
poll,3070,718514064751,718514064752,30.692040816
poll,3070,718514069769,718514069770,30.692562358
poll,3070,718514074787,718514074787,30.693061224
poll,3070,718514079805,718514079805,30.693560091
poll,3070,718514084812,718514084812,30.694058957
poll,3070,718514089829,718514089830,30.694557823
poll,3070,718514094847,718514094848,30.695056689
poll,3070,718514099854,718514099854,30.695555556
poll,3070,718514104871,718514104872,30.696054422
poll,3070,718514109889,718514109889,30.696553288
poll,3070,718514114891,718514114892,30.697074830
poll,3070,718514119898,718514119898,30.697573696
poll,3070,718514124915,718514124916,30.698072562
poll,3070,718514129932,718514129933,30.698571429
poll,3070,718514134936,718514134940,30.699070295
poll,3080,718515049546,718515049547,30.790544218
poll,3080,718515054565,718515054566,30.791065760
poll,3080,718515059582,718515059582,30.791564626
poll,3080,718515064596,718515064596,30.792063492
poll,3080,718515069599,718515069600,30.792562358
poll,3080,718515074601,718515074601,30.793061224
poll,3080,718515079618,718515079618,30.793560091
poll,3080,718515084637,718515084638,30.794058957
poll,3080,718515089654,718515089654,30.794557823
poll,3080,718515094659,718515094659,30.795056689
poll,3080,718515099669,718515099670,30.795578231
poll,3080,718515104678,718515104679,30.796077098
poll,3080,718515109730,718515109730,30.796575964
poll,3080,718515114731,718515114731,30.797074830
poll,3080,718515119744,718515119745,30.797573696
poll,3080,718515124763,718515124764,30.798072562
poll,3080,718515129766,718515129767,30.798571429
poll,3080,718515134769,718515134769,30.799070295
poll,3090,718516049731,718516049741,30.890589569
poll,3090,718516054767,718516054768,30.891088435
poll,3090,718516059781,718516059781,30.891587302
poll,3090,718516064794,718516064794,30.892086168
poll,3090,718516069807,718516069807,30.892585034
poll,3090,718516074814,718516074815,30.893083900
poll,3090,718516079833,718516079833,30.893582766
poll,3090,718516084850,718516084851,30.894081633
poll,3090,718516089857,718516089857,30.894603175
poll,3090,718516094873,718516094874,30.895102041
poll,3090,718516099878,718516099879,30.895600907
poll,3090,718516104889,718516104890,30.896099773
poll,3090,718516109903,718516109904,30.896598639
poll,3090,718516114918,718516114919,30.897097506
poll,3090,718516119935,718516119935,30.897596372
poll,3090,718516124952,718516124953,30.898095238
poll,3090,718516129970,718516129971,30.898594104
poll,3090,718516134972,718516134973,30.899092971
poll,3100,718517049516,718517049517,30.990544218
poll,3100,718517054535,718517054536,30.991043084
poll,3100,718517059553,718517059553,30.991541950
poll,3100,718517064558,718517064559,30.992040816
poll,3100,718517069573,718517069574,30.992562358
poll,3100,718517074589,718517074590,30.993061224
poll,3100,718517079606,718517079606,30.993560091
poll,3100,718517084609,718517084609,30.994058957
poll,3100,718517089626,718517089627,30.994557823
poll,3100,718517094643,718517094643,30.995056689
poll,3100,718517099661,718517099662,30.995555556
poll,3100,718517104664,718517104664,30.996054422
poll,3100,718517109682,718517109683,30.996553288
poll,3100,718517114700,718517114701,30.997074830
poll,3100,718517119718,718517119719,30.997573696
poll,3100,718517124723,718517124724,30.998072562
poll,3100,718517129741,718517129742,30.998571429
poll,3100,718517134744,718517134748,30.999070295
poll,3110,718518049560,718518049561,31.090544218
poll,3110,718518054566,718518054567,31.091043084
poll,3110,718518059570,718518059570,31.091541950
poll,3110,718518064579,718518064584,31.092040816
poll,3110,718518069598,718518069598,31.092562358
poll,3110,718518074612,718518074613,31.093061224
poll,3110,718518079628,718518079628,31.093560091
poll,3110,718518084634,718518084635,31.094058957
poll,3110,718518089637,718518089637,31.094557823
poll,3110,718518094655,718518094655,31.095056689
poll,3110,718518099673,718518099673,31.095555556
poll,3110,718518104677,718518104677,31.096054422
poll,3110,718518109678,718518109678,31.096553288
poll,3110,718518114680,718518114680,31.097052154
poll,3110,718518119683,718518119683,31.097551020
poll,3110,718518124691,718518124691,31.098072562
poll,3110,718518129696,718518129697,31.098571429
poll,3110,718518134702,718518134703,31.099070295
poll,3120,718519049714,718519049714,31.190566893
poll,3120,718519054720,718519054720,31.191065760
poll,3120,718519059725,718519059726,31.191564626
poll,3120,718519064738,718519064750,31.192086168
poll,3120,718519069762,718519069762,31.192585034
poll,3120,718519074769,718519074770,31.193083900
poll,3120,718519079781,718519079781,31.193582766
poll,3120,718519084787,718519084788,31.194081633
poll,3120,718519089792,718519089794,31.194580499
poll,3120,718519094804,718519094806,31.195079365
poll,3120,718519099808,718519099809,31.195578231
poll,3120,718519104817,718519104818,31.196077098
poll,3120,718519109825,718519109826,31.196575964
poll,3120,718519114836,718519114836,31.197074830
poll,3120,718519119852,718519119852,31.197596372
poll,3120,718519124869,718519124869,31.198095238
poll,3120,718519129886,718519129887,31.198594104
poll,3120,718519134905,718519134906,31.199092971
poll,3130,718520049747,718520049748,31.290566893
poll,3130,718520054765,718520054766,31.291065760
poll,3130,718520059781,718520059782,31.291564626
poll,3130,718520064783,718520064784,31.292063492
poll,3130,718520069799,718520069800,31.292585034
poll,3130,718520074812,718520074812,31.293083900
poll,3130,718520079823,718520079824,31.293582766
poll,3130,718520084826,718520084826,31.294081633
poll,3130,718520089837,718520089838,31.294580499
poll,3130,718520094849,718520094850,31.295079365
poll,3130,718520099867,718520099867,31.295578231
poll,3130,718520104881,718520104882,31.296077098
poll,3130,718520109895,718520109896,31.296575964
poll,3130,718520114907,718520114907,31.297097506
poll,3130,718520119911,718520119912,31.297596372
poll,3130,718520124924,718520124924,31.298095238
poll,3130,718520129935,718520129935,31.298594104
poll,3130,718520134940,718520134940,31.299092971
poll,3140,718521049881,718521049892,31.390589569
poll,3140,718521054902,718521054903,31.391088435
poll,3140,718521059917,718521059917,31.391587302
poll,3140,718521064930,718521064930,31.392086168
poll,3140,718521069938,718521069939,31.392585034
poll,3140,718521074956,718521074957,31.393083900
poll,3140,718521079958,718521079959,31.393582766
poll,3140,718521084977,718521084978,31.394081633
poll,3140,718521089985,718521089986,31.394580499
poll,3140,718521095002,718521095003,31.395079365
poll,3140,718521100019,718521100020,31.395600907
poll,3140,718521105034,718521105035,31.396099773
poll,3140,718521110050,718521110051,31.396598639
poll,3140,718521115067,718521115067,31.397097506
poll,3140,718521120084,718521120084,31.397596372
poll,3140,718521125089,718521125090,31.398095238
poll,3140,718521130106,718521130107,31.398594104
poll,3140,718521135124,718521135124,31.399092971
poll,3150,718522049786,718522049787,31.490566893
poll,3150,718522054802,718522054803,31.491065760
poll,3150,718522059816,718522059816,31.491564626
poll,3150,718522064827,718522064827,31.492063492
poll,3150,718522069835,718522069836,31.492562358
poll,3150,718522074844,718522074844,31.493083900
poll,3150,718522079847,718522079848,31.493582766
poll,3150,718522084852,718522084853,31.494081633
poll,3150,718522089969,718522089969,31.494580499
poll,3150,718522094970,718522094971,31.495079365
poll,3150,718522099988,718522099989,31.495578231
poll,3150,718522104992,718522104992,31.496099773
poll,3150,718522109998,718522109998,31.496598639
poll,3150,718522115006,718522115007,31.497097506
poll,3150,718522120008,718522120009,31.497596372
poll,3150,718522125014,718522125015,31.498095238
poll,3150,718522130026,718522130026,31.498594104
poll,3150,718522135036,718522135036,31.499092971
poll,3160,718523049780,718523049781,31.590566893
poll,3160,718523054799,718523054800,31.591065760
poll,3160,718523059814,718523059815,31.591564626
poll,3160,718523064816,718523064817,31.592063492
poll,3160,718523069823,718523069824,31.592562358
poll,3160,718523074838,718523074838,31.593083900
poll,3160,718523079852,718523079853,31.593582766
poll,3160,718523084858,718523084859,31.594081633
poll,3160,718523089872,718523089873,31.594580499
poll,3160,718523094887,718523094887,31.595079365
poll,3160,718523099891,718523099892,31.595578231
poll,3160,718523104894,718523104894,31.596077098
poll,3160,718523109896,718523109897,31.596575964
poll,3160,718523114899,718523114899,31.597074830
poll,3160,718523119937,718523119937,31.597573696
poll,3160,718523124940,718523124941,31.598095238
poll,3160,718523129943,718523129944,31.598594104
poll,3160,718523134945,718523134946,31.599092971
poll,3170,718524049446,718524049447,31.690544218
poll,3170,718524054454,718524054455,31.691043084
poll,3170,718524059460,718524059460,31.691541950
poll,3170,718524064473,718524064474,31.692040816
poll,3170,718524069477,718524069477,31.692539683
poll,3170,718524074482,718524074482,31.693061224
poll,3170,718524079487,718524079488,31.693560091
poll,3170,718524084497,718524084498,31.694058957
poll,3170,718524089516,718524089517,31.694557823
poll,3170,718524094535,718524094535,31.695056689
poll,3170,718524099543,718524099544,31.695555556
poll,3170,718524104561,718524104562,31.696054422
poll,3170,718524109563,718524109563,31.696553288
poll,3170,718524114568,718524114568,31.697052154
poll,3170,718524119576,718524119577,31.697551020
poll,3170,718524124595,718524124596,31.698072562
poll,3170,718524129598,718524129599,31.698571429
poll,3170,718524134599,718524134600,31.699070295
poll,3180,718525049668,718525049669,31.790544218
poll,3180,718525054674,718525054675,31.791043084
poll,3180,718525059678,718525059679,31.791541950
poll,3180,718525064686,718525064687,31.792063492
poll,3180,718525069691,718525069691,31.792562358
poll,3180,718525074698,718525074699,31.793061224
poll,3180,718525079706,718525079707,31.793560091
poll,3180,718525084716,718525084717,31.794058957
poll,3180,718525089731,718525089732,31.794557823
poll,3180,718525094740,718525094740,31.795056689
poll,3180,718525099752,718525099753,31.795555556
poll,3180,718525104764,718525104765,31.796054422
poll,3180,718525109770,718525109770,31.796553288
poll,3180,718525114776,718525114777,31.797052154
poll,3180,718525119790,718525119791,31.797573696
poll,3180,718525124801,718525124802,31.798072562
poll,3180,718525129812,718525129812,31.798571429
poll,3180,718525134824,718525134824,31.799070295
poll,3190,718526049789,718526049790,31.890566893
poll,3190,718526054793,718526054794,31.891065760
poll,3190,718526059796,718526059796,31.891564626
poll,3190,718526064800,718526064800,31.892063492
poll,3190,718526069814,718526069815,31.892562358
poll,3190,718526074822,718526074823,31.893061224
poll,3190,718526079832,718526079832,31.893560091
poll,3190,718526084838,718526084839,31.894081633
poll,3190,718526089849,718526089850,31.894580499
poll,3190,718526094853,718526094854,31.895079365
poll,3190,718526099859,718526099860,31.895578231
poll,3190,718526104867,718526104867,31.896077098
poll,3190,718526109878,718526109878,31.896575964
poll,3190,718526114885,718526114885,31.897074830
poll,3190,718526119888,718526119889,31.897573696
poll,3190,718526124892,718526124893,31.898072562
poll,3190,718526129897,718526129898,31.898571429
poll,3190,718526134902,718526134902,31.899070295
poll,3200,718527049541,718527049543,31.990544218
poll,3200,718527054562,718527054563,31.991043084
poll,3200,718527059580,718527059580,31.991564626
poll,3200,718527064586,718527064586,31.992063492
poll,3200,718527069593,718527069593,31.992562358
poll,3200,718527074599,718527074599,31.993061224
poll,3200,718527079612,718527079612,31.993560091
poll,3200,718527084620,718527084620,31.994058957
poll,3200,718527089622,718527089623,31.994557823
poll,3200,718527094624,718527094625,31.995056689
poll,3200,718527099630,718527099631,31.995555556
poll,3200,718527104641,718527104641,31.996054422
poll,3200,718527109645,718527109646,31.996553288
poll,3200,718527114648,718527114649,31.997052154
poll,3200,718527119664,718527119664,31.997573696
poll,3200,718527124668,718527124668,31.998072562
poll,3200,718527129679,718527129680,31.998571429
poll,3200,718527134691,718527134691,31.999070295
poll,3210,718528049863,718528049875,32.090566893
poll,3210,718528054901,718528054901,32.091088435
poll,3210,718528059918,718528059919,32.091587302
poll,3210,718528064937,718528064938,32.092086168
poll,3210,718528069956,718528069957,32.092585034
poll,3210,718528074968,718528074969,32.093083900
poll,3210,718528079979,718528079979,32.093582766
poll,3210,718528084987,718528084991,32.094081633
poll,3210,718528090011,718528090011,32.094580499
poll,3210,718528095029,718528095030,32.095102041
poll,3210,718528100046,718528100046,32.095600907
poll,3210,718528105047,718528105048,32.096099773
poll,3210,718528110052,718528110052,32.096598639
poll,3210,718528115067,718528115068,32.097097506
poll,3210,718528120080,718528120081,32.097596372
poll,3210,718528125095,718528125096,32.098095238
poll,3210,718528130111,718528130111,32.098594104
poll,3210,718528135128,718528135129,32.099092971
poll,3220,718529050419,718529050422,32.190566893
poll,3220,718529055443,718529055445,32.191065760
poll,3220,718529060451,718529060452,32.191564626
poll,3220,718529065458,718529065470,32.192086168
poll,3220,718529070480,718529070481,32.192585034
poll,3220,718529075491,718529075492,32.193083900
poll,3220,718529080507,718529080507,32.193582766
poll,3220,718529085520,718529085522,32.194081633
poll,3220,718529090534,718529090535,32.194580499
poll,3220,718529095540,718529095542,32.195079365
poll,3220,718529100554,718529100555,32.195578231
poll,3220,718529105558,718529105559,32.196077098
poll,3220,718529110565,718529110565,32.196575964
poll,3220,718529115588,718529115590,32.197097506
poll,3220,718529120607,718529120609,32.197596372
poll,3220,718529125625,718529125625,32.198095238
poll,3220,718529130634,718529130634,32.198594104
poll,3220,718529135637,718529135638,32.199092971
poll,3230,718530050389,718530050391,32.290612245
poll,3230,718530055400,718530055401,32.291111111
poll,3230,718530060415,718530060416,32.291609977
poll,3230,718530065428,718530065429,32.292108844
poll,3230,718530070447,718530070448,32.292607710
poll,3230,718530075451,718530075451,32.293106576
poll,3230,718530080461,718530080461,32.293605442
poll,3230,718530085476,718530085476,32.294104308
poll,3230,718530090483,718530090483,32.294625850
poll,3230,718530095495,718530095496,32.295124717
poll,3230,718530100512,718530100523,32.295623583
poll,3230,718530105543,718530105544,32.296122449
poll,3230,718530110557,718530110558,32.296621315
poll,3230,718530115564,718530115564,32.297120181
poll,3230,718530120574,718530120586,32.297619048
poll,3230,718530125599,718530125600,32.298117914
poll,3230,718530130611,718530130611,32.298639456
poll,3230,718530135618,718530135619,32.299138322
poll,3240,718531049659,718531049660,32.390566893
poll,3240,718531054676,718531054677,32.391065760
poll,3240,718531060740,718531060741,32.391678005
poll,3240,718531065757,718531065769,32.392176871
poll,3240,718531070794,718531070794,32.392675737
poll,3240,718531075795,718531075796,32.393174603
poll,3240,718531080798,718531080799,32.393673469
poll,3240,718531085809,718531085810,32.394172336
poll,3240,718531090822,718531090822,32.394671202
poll,3240,718531095840,718531095850,32.395192744
poll,3240,718531100853,718531100865,32.395691610
poll,3240,718531105874,718531105875,32.396190476
poll,3240,718531110891,718531110892,32.396689342
poll,3240,718531115902,718531115903,32.397188209
poll,3240,718531120911,718531120912,32.397687075
poll,3240,718531125928,718531125928,32.398185941
poll,3240,718531130975,718531130975,32.398684807
poll,3240,718531135979,718531135979,32.399206349
poll,3250,718532049703,718532049704,32.490566893
poll,3250,718532054706,718532054707,32.491065760
poll,3250,718532059715,718532059716,32.491564626
poll,3250,718532064723,718532064723,32.492063492
poll,3250,718532069733,718532069733,32.492562358
poll,3250,718532074751,718532074752,32.493083900
poll,3250,718532079764,718532079764,32.493582766
poll,3250,718532084766,718532084766,32.494081633
poll,3250,718532089783,718532089784,32.494580499
poll,3250,718532094788,718532094789,32.495079365
poll,3250,718532099792,718532099793,32.495578231
poll,3250,718532104808,718532104808,32.496077098
poll,3250,718532109819,718532109820,32.496575964
poll,3250,718532114829,718532114829,32.497074830
poll,3250,718532119837,718532119838,32.497573696
poll,3250,718532124856,718532124856,32.498095238
poll,3250,718532129858,718532129858,32.498594104
poll,3250,718532134871,718532134872,32.499092971
poll,3260,718533049833,718533049834,32.590566893
poll,3260,718533054838,718533054838,32.591065760
poll,3260,718533059853,718533059853,32.591564626
poll,3260,718533064862,718533064863,32.592063492
poll,3260,718533069880,718533069880,32.592562358
poll,3260,718533074893,718533074893,32.593061224
poll,3260,718533079895,718533079896,32.593582766
poll,3260,718533084901,718533084901,32.594081633
poll,3260,718533089918,718533089919,32.594580499
poll,3260,718533094936,718533094937,32.595079365
poll,3260,718533099942,718533099942,32.595578231
poll,3260,718533104960,718533104961,32.596077098
poll,3260,718533109967,718533109968,32.596575964
poll,3260,718533114983,718533114987,32.597074830
poll,3260,718533119994,718533119995,32.597573696
poll,3260,718533125008,718533125008,32.598072562
poll,3260,718533130010,718533130011,32.598594104
poll,3260,718533135029,718533135030,32.599092971
poll,3270,718534049619,718534049620,32.690544218
poll,3270,718534054626,718534054626,32.691043084
poll,3270,718534059642,718534059643,32.691541950
poll,3270,718534064649,718534064653,32.692063492
poll,3270,718534069671,718534069672,32.692562358
poll,3270,718534074685,718534074686,32.693061224
poll,3270,718534079699,718534079700,32.693560091
poll,3270,718534084716,718534084716,32.694058957
poll,3270,718534089732,718534089732,32.694557823
poll,3270,718534094741,718534094742,32.695056689
poll,3270,718534099756,718534099757,32.695555556
poll,3270,718534104768,718534104768,32.696054422
poll,3270,718534109782,718534109783,32.696575964
poll,3270,718534114793,718534114794,32.697074830
poll,3270,718534119808,718534119808,32.697573696
poll,3270,718534124813,718534124814,32.698072562
poll,3270,718534129828,718534129829,32.698571429
poll,3270,718534134844,718534134844,32.699070295
poll,3280,718535049898,718535049899,32.790566893
poll,3280,718535054906,718535054907,32.791065760
poll,3280,718535059920,718535059921,32.791564626
poll,3280,718535064937,718535064938,32.792063492
poll,3280,718535069952,718535069953,32.792562358
poll,3280,718535074956,718535074957,32.793083900
poll,3280,718535079965,718535079966,32.793582766
poll,3280,718535084973,718535084974,32.794081633
poll,3280,718535089987,718535089988,32.794580499
poll,3280,718535094996,718535094997,32.795079365
poll,3280,718535100011,718535100012,32.795578231
poll,3280,718535105029,718535105030,32.796077098
poll,3280,718535110044,718535110044,32.796575964
poll,3280,718535115056,718535115057,32.797074830
poll,3280,718535120070,718535120071,32.797596372
poll,3280,718535125076,718535125077,32.798095238
poll,3280,718535130088,718535130088,32.798594104
poll,3280,718535135090,718535135091,32.799092971
poll,3290,718536049874,718536049875,32.890566893
poll,3290,718536054880,718536054881,32.891065760
poll,3290,718536059893,718536059894,32.891564626
poll,3290,718536064912,718536064913,32.892063492
poll,3290,718536069924,718536069925,32.892562358
poll,3290,718536074933,718536074934,32.893083900
poll,3290,718536079944,718536079945,32.893582766
poll,3290,718536084950,718536084951,32.894081633
poll,3290,718536089963,718536089963,32.894580499
poll,3290,718536094970,718536094970,32.895079365
poll,3290,718536099982,718536099982,32.895578231
poll,3290,718536104989,718536104990,32.896077098
poll,3290,718536110001,718536110002,32.896575964
poll,3290,718536115007,718536115008,32.897074830
poll,3290,718536120021,718536120021,32.897573696
poll,3290,718536125027,718536125027,32.898072562
poll,3290,718536130037,718536130038,32.898594104
poll,3290,718536135051,718536135052,32.899092971
poll,3300,718537050488,718537050490,32.990589569
poll,3300,718537055505,718537055506,32.991088435
poll,3300,718537060516,718537060519,32.991609977
poll,3300,718537065534,718537065535,32.992108844
poll,3300,718537070553,718537070554,32.992607710
poll,3300,718537075571,718537075572,32.993106576
poll,3300,718537080589,718537080589,32.993605442
poll,3300,718537085603,718537085614,32.994104308
poll,3300,718537090631,718537090632,32.994603175
poll,3300,718537095643,718537095644,32.995102041
poll,3300,718537100648,718537100649,32.995623583
poll,3300,718537105661,718537105662,32.996122449
poll,3300,718537110677,718537110677,32.996621315
poll,3300,718537115688,718537115689,32.997120181
poll,3300,718537120690,718537120691,32.997619048
poll,3300,718537125702,718537125703,32.998117914
poll,3300,718537130714,718537130715,32.998616780
poll,3300,718537135718,718537135719,32.999115646
poll,3310,718538049841,718538049842,33.090566893
poll,3310,718538054854,718538054855,33.091065760
poll,3310,718538059871,718538059871,33.091564626
poll,3310,718538064889,718538064890,33.092063492
poll,3310,718538069897,718538069908,33.092562358
poll,3310,718538074917,718538074917,33.093061224
poll,3310,718538079920,718538079921,33.093560091
poll,3310,718538084933,718538084934,33.094058957
poll,3310,718538089939,718538089939,33.094557823
poll,3310,718538094952,718538094952,33.095079365
poll,3310,718538099969,718538099969,33.095578231
poll,3310,718538104980,718538104981,33.096077098
poll,3310,718538109999,718538110000,33.096575964
poll,3310,718538115017,718538115017,33.097074830
poll,3310,718538120018,718538120019,33.097573696
poll,3310,718538125023,718538125023,33.098072562
poll,3310,718538130040,718538130040,33.098571429
poll,3310,718538135053,718538135054,33.099070295
poll,3320,718539049997,718539049998,33.190566893
poll,3320,718539055015,718539055016,33.191065760
poll,3320,718539060029,718539060029,33.191587302
poll,3320,718539065033,718539065034,33.192086168
poll,3320,718539070042,718539070042,33.192585034
poll,3320,718539075049,718539075049,33.193083900
poll,3320,718539080057,718539080057,33.193582766
poll,3320,718539085065,718539085076,33.194081633
poll,3320,718539090091,718539090091,33.194580499
poll,3320,718539095103,718539095103,33.195079365
poll,3320,718539100115,718539100117,33.195578231
poll,3320,718539105134,718539105135,33.196077098
poll,3320,718539110136,718539110137,33.196598639
poll,3320,718539115151,718539115152,33.197097506
poll,3320,718539120162,718539120168,33.197596372
poll,3320,718539125187,718539125188,33.198095238
poll,3320,718539130199,718539130200,33.198594104
poll,3320,718539135202,718539135203,33.199092971
poll,3330,718540049674,718540049675,33.290544218
poll,3330,718540054707,718540054708,33.291043084
poll,3330,718540059723,718540059724,33.291564626
poll,3330,718540064728,718540064733,33.292063492
poll,3330,718540069755,718540069756,33.292562358
poll,3330,718540074766,718540074766,33.293061224
poll,3330,718540079775,718540079776,33.293560091
poll,3330,718540084787,718540084787,33.294058957
poll,3330,718540089793,718540089793,33.294557823
poll,3330,718540094805,718540094806,33.295056689
poll,3330,718540099817,718540099818,33.295555556
poll,3330,718540104823,718540104824,33.296054422
poll,3330,718540109827,718540109827,33.296553288
poll,3330,718540114836,718540114837,33.297074830
poll,3330,718540119848,718540119848,33.297573696
poll,3330,718540124851,718540124852,33.298072562
poll,3330,718540129869,718540129869,33.298571429
poll,3330,718540134885,718540134886,33.299070295
poll,3340,718541049785,718541049786,33.390544218
poll,3340,718541054804,718541054804,33.391043084
poll,3340,718541059814,718541059815,33.391564626
poll,3340,718541064831,718541064831,33.392063492
poll,3340,718541069833,718541069833,33.392562358
poll,3340,718541074841,718541074841,33.393061224
poll,3340,718541079858,718541079858,33.393560091
poll,3340,718541084865,718541084866,33.394058957
poll,3340,718541089879,718541089880,33.394557823
poll,3340,718541094893,718541094894,33.395056689
poll,3340,718541099899,718541099900,33.395555556
poll,3340,718541104913,718541104913,33.396054422
poll,3340,718541109924,718541109925,33.396553288
poll,3340,718541114930,718541114931,33.397074830
poll,3340,718541119934,718541119934,33.397573696
poll,3340,718541124938,718541124938,33.398072562
poll,3340,718541129950,718541129950,33.398571429
poll,3340,718541134965,718541134966,33.399070295
poll,3350,718542050054,718542050055,33.490566893
poll,3350,718542055061,718542055061,33.491065760
poll,3350,718542060066,718542060066,33.491564626
poll,3350,718542065073,718542065074,33.492086168
poll,3350,718542070076,718542070077,33.492585034
poll,3350,718542075079,718542075080,33.493083900
poll,3350,718542080087,718542080088,33.493582766
poll,3350,718542085091,718542085092,33.494081633
poll,3350,718542090095,718542090096,33.494580499
poll,3350,718542095100,718542095100,33.495079365
poll,3350,718542100108,718542100108,33.495578231
poll,3350,718542105111,718542105111,33.496077098
poll,3350,718542110114,718542110115,33.496575964
poll,3350,718542115119,718542115123,33.497074830
poll,3350,718542120131,718542120132,33.497573696
poll,3350,718542125150,718542125151,33.498072562
poll,3350,718542130154,718542130154,33.498594104
poll,3350,718542135157,718542135157,33.499092971
poll,3360,718543049683,718543049684,33.590544218
poll,3360,718543054698,718543054699,33.591043084
poll,3360,718543059717,718543059722,33.591541950
poll,3360,718543064740,718543064740,33.592063492
poll,3360,718543069757,718543069757,33.592562358
poll,3360,718543074768,718543074768,33.593061224
poll,3360,718543079782,718543079782,33.593560091
poll,3360,718543084790,718543084791,33.594058957
poll,3360,718543089792,718543089793,33.594557823
poll,3360,718543094808,718543094808,33.595056689
poll,3360,718543099822,718543099822,33.595555556
poll,3360,718543104831,718543104832,33.596054422
poll,3360,718543109848,718543109849,33.596553288
poll,3360,718543114865,718543114865,33.597074830
poll,3360,718543119879,718543119879,33.597573696
poll,3360,718543124884,718543124885,33.598072562
poll,3360,718543129886,718543129887,33.598571429
poll,3360,718543134891,718543134892,33.599070295
poll,3370,718544049791,718544049791,33.690544218
poll,3370,718544054805,718544054805,33.691043084
poll,3370,718544059809,718544059809,33.691541950
poll,3370,718544064826,718544064827,33.692063492
poll,3370,718544069844,718544069845,33.692562358
poll,3370,718544074860,718544074860,33.693061224
poll,3370,718544079872,718544079873,33.693560091
poll,3370,718544084885,718544084886,33.694058957
poll,3370,718544089897,718544089897,33.694557823
poll,3370,718544094913,718544094914,33.695056689
poll,3370,718544099921,718544099922,33.695555556
poll,3370,718544104936,718544104936,33.696054422
poll,3370,718544109942,718544109943,33.696575964
poll,3370,718544114948,718544114948,33.697074830
poll,3370,718544119962,718544119963,33.697573696
poll,3370,718544124979,718544124979,33.698072562
poll,3370,718544129990,718544129991,33.698571429
poll,3370,718544135003,718544135004,33.699070295
poll,3380,718545049925,718545049926,33.790566893
poll,3380,718545054940,718545054941,33.791065760
poll,3380,718545059957,718545059958,33.791564626
poll,3380,718545064971,718545064971,33.792063492
poll,3380,718545069983,718545069984,33.792562358
poll,3380,718545074998,718545074999,33.793083900
poll,3380,718545080012,718545080013,33.793582766
poll,3380,718545085021,718545085021,33.794081633
poll,3380,718545090033,718545090034,33.794580499
poll,3380,718545095036,718545095040,33.795079365
poll,3380,718545100057,718545100057,33.795578231
poll,3380,718545105073,718545105074,33.796077098
poll,3380,718545110088,718545110088,33.796575964
poll,3380,718545115102,718545115102,33.797074830
poll,3380,718545120116,718545120117,33.797596372
poll,3380,718545125125,718545125126,33.798095238
poll,3380,718545130139,718545130140,33.798594104
poll,3380,718545135158,718545135159,33.799092971
poll,3390,718546050029,718546050030,33.890566893
poll,3390,718546055036,718546055037,33.891065760
poll,3390,718546060053,718546060053,33.891564626
poll,3390,718546065069,718546065069,33.892063492
poll,3390,718546070080,718546070081,33.892585034
poll,3390,718546075085,718546075085,33.893083900
poll,3390,718546080086,718546080087,33.893582766
poll,3390,718546085103,718546085104,33.894081633
poll,3390,718546090117,718546090117,33.894580499
poll,3390,718546095118,718546095119,33.895079365
poll,3390,718546100130,718546100131,33.895578231
poll,3390,718546105140,718546105140,33.896077098
poll,3390,718546110153,718546110154,33.896575964
poll,3390,718546115166,718546115167,33.897074830
poll,3390,718546120178,718546120179,33.897573696
poll,3390,718546125186,718546125187,33.898095238
poll,3390,718546130198,718546130199,33.898594104
poll,3390,718546135216,718546135217,33.899092971
poll,3400,718547049842,718547049843,33.990544218
poll,3400,718547054849,718547054850,33.991043084
poll,3400,718547059862,718547059863,33.991564626
poll,3400,718547064870,718547064870,33.992063492
poll,3400,718547069876,718547069877,33.992562358
poll,3400,718547074889,718547074889,33.993061224
poll,3400,718547079907,718547079907,33.993560091
poll,3400,718547084918,718547084919,33.994058957
poll,3400,718547089926,718547089927,33.994557823
poll,3400,718547094938,718547094939,33.995056689
poll,3400,718547099946,718547099946,33.995555556
poll,3400,718547104958,718547104959,33.996054422
poll,3400,718547109968,718547109968,33.996553288
poll,3400,718547114979,718547114979,33.997074830
poll,3400,718547119996,718547120001,33.997573696
poll,3400,718547125013,718547125014,33.998072562
poll,3400,718547130032,718547130033,33.998571429
poll,3400,718547135041,718547135041,33.999070295
poll,3410,718548049855,718548049856,34.090544218
poll,3410,718548054859,718548054859,34.091043084
poll,3410,718548059871,718548059872,34.091564626
poll,3410,718548064883,718548064885,34.092063492
poll,3410,718548069888,718548069889,34.092562358
poll,3410,718548074907,718548074908,34.093061224
poll,3410,718548079913,718548079914,34.093560091
poll,3410,718548084915,718548084916,34.094058957
poll,3410,718548089929,718548089929,34.094557823
poll,3410,718548094935,718548094936,34.095056689
poll,3410,718548099938,718548099939,34.095555556
poll,3410,718548104955,718548104955,34.096054422
poll,3410,718548109968,718548109969,34.096553288
poll,3410,718548114981,718548114982,34.097074830
poll,3410,718548119992,718548119992,34.097573696
poll,3410,718548124997,718548124997,34.098072562
poll,3410,718548130009,718548130010,34.098571429
poll,3410,718548135011,718548135012,34.099070295
poll,3420,718549049892,718549049893,34.190566893
poll,3420,718549054911,718549054912,34.191065760
poll,3420,718549059924,718549059924,34.191564626
poll,3420,718549064937,718549064938,34.192063492
poll,3420,718549069945,718549069946,34.192562358
poll,3420,718549074949,718549074950,34.193061224
poll,3420,718549079956,718549079957,34.193582766
poll,3420,718549084964,718549084966,34.194081633
poll,3420,718549089972,718549089973,34.194580499
poll,3420,718549094989,718549094990,34.195079365
poll,3420,718549100006,718549100006,34.195578231
poll,3420,718549105022,718549105022,34.196077098
poll,3420,718549110038,718549110039,34.196575964
poll,3420,718549115050,718549115051,34.197074830
poll,3420,718549120063,718549120063,34.197573696
poll,3420,718549125072,718549125072,34.198072562
poll,3420,718549130089,718549130089,34.198594104
poll,3420,718549135092,718549135093,34.199092971
poll,3430,718550049860,718550049861,34.290544218
poll,3430,718550054864,718550054865,34.291043084
poll,3430,718550059880,718550059880,34.291564626
poll,3430,718550064891,718550064891,34.292063492
poll,3430,718550069901,718550069902,34.292562358
poll,3430,718550074916,718550074916,34.293061224
poll,3430,718550079920,718550079920,34.293560091
poll,3430,718550084928,718550084929,34.294058957
poll,3430,718550089941,718550089941,34.294557823
poll,3430,718550094948,718550094948,34.295056689
poll,3430,718550099961,718550099962,34.295555556
poll,3430,718550104971,718550104972,34.296054422
poll,3430,718550109983,718550109984,34.296553288
poll,3430,718550114993,718550114998,34.297074830
poll,3430,718550120020,718550120021,34.297573696
poll,3430,718550125024,718550125024,34.298072562
poll,3430,718550130035,718550130035,34.298571429
poll,3430,718550135037,718550135038,34.299070295
poll,3440,718551049841,718551049842,34.390544218
poll,3440,718551054855,718551054856,34.391043084
poll,3440,718551059864,718551059864,34.391564626
poll,3440,718551064881,718551064881,34.392063492
poll,3440,718551069884,718551069888,34.392562358
poll,3440,718551074908,718551074908,34.393061224
poll,3440,718551079919,718551079920,34.393560091
poll,3440,718551084923,718551084923,34.394058957
poll,3440,718551089936,718551089936,34.394557823
poll,3440,718551094938,718551094939,34.395056689
poll,3440,718551099952,718551099953,34.395555556
poll,3440,718551104962,718551104963,34.396054422
poll,3440,718551109975,718551109975,34.396553288
poll,3440,718551114992,718551114992,34.397074830
poll,3440,718551120006,718551120007,34.397573696
poll,3440,718551125016,718551125017,34.398072562
poll,3440,718551130030,718551130031,34.398571429
poll,3440,718551135049,718551135049,34.399070295
poll,3450,718552050177,718552050178,34.490589569
poll,3450,718552055199,718552055200,34.491088435
poll,3450,718552060213,718552060214,34.491587302
poll,3450,718552065229,718552065240,34.492086168
poll,3450,718552070253,718552070254,34.492585034
poll,3450,718552075262,718552075263,34.493083900
poll,3450,718552080277,718552080278,34.493582766
poll,3450,718552085296,718552085297,34.494081633
poll,3450,718552090314,718552090315,34.494603175
poll,3450,718552095326,718552095326,34.495102041
poll,3450,718552100330,718552100331,34.495600907
poll,3450,718552105342,718552105343,34.496099773
poll,3450,718552110345,718552110345,34.496598639
poll,3450,718552115354,718552115355,34.497097506
poll,3450,718552120357,718552120358,34.497596372
poll,3450,718552125361,718552125362,34.498095238
poll,3450,718552130372,718552130372,34.498594104
poll,3450,718552135387,718552135388,34.499092971
poll,3460,718553049826,718553049827,34.590544218
poll,3460,718553054836,718553054837,34.591043084
poll,3460,718553059839,718553059839,34.591541950
poll,3460,718553064840,718553064841,34.592040816
poll,3460,718553069857,718553069858,34.592562358
poll,3460,718553074873,718553074874,34.593061224
poll,3460,718553079876,718553079876,34.593560091
poll,3460,718553084894,718553084894,34.594058957
poll,3460,718553089897,718553089897,34.594557823
poll,3460,718553094909,718553094913,34.595056689
poll,3460,718553099921,718553099921,34.595555556
poll,3460,718553104923,718553104924,34.596054422
poll,3460,718553109926,718553109926,34.596553288
poll,3460,718553114939,718553114940,34.597052154
poll,3460,718553119956,718553119956,34.597551020
poll,3460,718553124972,718553124973,34.598072562
poll,3460,718553129982,718553129982,34.598571429
poll,3460,718553134988,718553134989,34.599070295
poll,3470,718554049808,718554049809,34.690544218
poll,3470,718554054816,718554054816,34.691043084
poll,3470,718554059832,718554059837,34.691564626
poll,3470,718554064847,718554064848,34.692063492
poll,3470,718554069853,718554069854,34.692562358
poll,3470,718554074862,718554074863,34.693061224
poll,3470,718554079870,718554079870,34.693560091
poll,3470,718554084875,718554084875,34.694058957
poll,3470,718554089881,718554089881,34.694557823
poll,3470,718554094886,718554094887,34.695056689
poll,3470,718554099889,718554099889,34.695555556
poll,3470,718554104898,718554104898,34.696054422
poll,3470,718554109904,718554109905,34.696553288
poll,3470,718554114910,718554114911,34.697052154
poll,3470,718554119917,718554119918,34.697551020
poll,3470,718554124927,718554124927,34.698072562
poll,3470,718554129941,718554129942,34.698571429
poll,3470,718554134958,718554134959,34.699070295
poll,3480,718555050080,718555050081,34.790566893
poll,3480,718555055096,718555055096,34.791065760
poll,3480,718555060108,718555060108,34.791564626
poll,3480,718555065117,718555065118,34.792063492
poll,3480,718555070130,718555070131,34.792562358
poll,3480,718555075139,718555075140,34.793083900
poll,3480,718555080152,718555080152,34.793582766
poll,3480,718555085158,718555085159,34.794081633
poll,3480,718555090171,718555090172,34.794580499
poll,3480,718555095188,718555095189,34.795079365
poll,3480,718555100202,718555100203,34.795578231
poll,3480,718555105208,718555105209,34.796077098
poll,3480,718555110217,718555110217,34.796575964
poll,3480,718555115232,718555115233,34.797074830
poll,3480,718555120236,718555120236,34.797573696
poll,3480,718555125248,718555125248,34.798095238
poll,3480,718555130261,718555130262,34.798594104
poll,3480,718555135274,718555135274,34.799092971
poll,3490,718556049974,718556049986,34.890566893
poll,3490,718556055107,718556055108,34.891088435
poll,3490,718556060125,718556060125,34.891587302
poll,3490,718556065129,718556065130,34.892086168
poll,3490,718556070145,718556070146,34.892585034
poll,3490,718556075180,718556075180,34.893106576
poll,3490,718556080192,718556080192,34.893605442
poll,3490,718556085208,718556085209,34.894104308
poll,3490,718556090220,718556090220,34.894603175
poll,3490,718556095229,718556095229,34.895102041
poll,3490,718556100241,718556100241,34.895600907
poll,3490,718556105259,718556105263,34.896099773
poll,3490,718556110277,718556110277,34.896598639
poll,3490,718556115292,718556115293,34.897097506
poll,3490,718556120304,718556120305,34.897619048
poll,3490,718556125322,718556125322,34.898117914
poll,3490,718556130339,718556130340,34.898616780
poll,3490,718556135352,718556135353,34.899115646
poll,3500,718557049840,718557049841,34.990544218
poll,3500,718557054850,718557054850,34.991043084
poll,3500,718557059867,718557059867,34.991541950
poll,3500,718557064881,718557064892,34.992063492
poll,3500,718557069903,718557069904,34.992562358
poll,3500,718557074917,718557074917,34.993061224
poll,3500,718557079920,718557079920,34.993560091
poll,3500,718557084928,718557084928,34.994058957
poll,3500,718557089943,718557089944,34.994557823
poll,3500,718557094957,718557094957,34.995056689
poll,3500,718557099966,718557099967,34.995555556
poll,3500,718557104984,718557104984,34.996054422
poll,3500,718557109989,718557109990,34.996575964
poll,3500,718557115001,718557115001,34.997074830
poll,3500,718557120018,718557120019,34.997573696
poll,3500,718557125024,718557125024,34.998072562
poll,3500,718557130040,718557130040,34.998571429
poll,3500,718557135044,718557135045,34.999070295
poll,3510,718558051352,718558051372,35.090657596
poll,3510,718558056477,718558056478,35.091179138
poll,3510,718558061490,718558061491,35.091678005
poll,3510,718558066504,718558066504,35.092176871
poll,3510,718558071515,718558071515,35.092675737
poll,3510,718558076525,718558076536,35.093174603
poll,3510,718558081549,718558081549,35.093673469
poll,3510,718558086560,718558086560,35.094195011
poll,3510,718558091571,718558091572,35.094693878
poll,3510,718558096580,718558096581,35.095192744
poll,3510,718558101593,718558101593,35.095691610
poll,3510,718558106610,718558106611,35.096190476
poll,3510,718558111623,718558111623,35.096689342
poll,3510,718558116626,718558116627,35.097188209
poll,3510,718558121642,718558121642,35.097687075
poll,3510,718558126644,718558126644,35.098185941
poll,3510,718558131659,718558131660,35.098684807
poll,3510,718558136667,718558136668,35.099206349
poll,3520,718559050039,718559050040,35.190566893
poll,3520,718559055056,718559055057,35.191065760
poll,3520,718559060068,718559060069,35.191564626
poll,3520,718559065078,718559065079,35.192063492
poll,3520,718559070092,718559070092,35.192562358
poll,3520,718559075102,718559075102,35.193061224
poll,3520,718559080114,718559080114,35.193582766
poll,3520,718559085125,718559085127,35.194081633
poll,3520,718559090130,718559090132,35.194580499
poll,3520,718559095141,718559095145,35.195079365
poll,3520,718559100168,718559100169,35.195578231
poll,3520,718559105182,718559105183,35.196077098
poll,3520,718559110196,718559110197,35.196575964
poll,3520,718559115209,718559115210,35.197074830
poll,3520,718559120220,718559120221,35.197573696
poll,3520,718559125227,718559125227,35.198095238
poll,3520,718559130236,718559130237,35.198594104
poll,3520,718559135252,718559135252,35.199092971
poll,3530,718560050013,718560050014,35.290544218
poll,3530,718560055022,718560055022,35.291043084
poll,3530,718560060023,718560060024,35.291564626
poll,3530,718560065030,718560065031,35.292063492
poll,3530,718560070041,718560070042,35.292562358
poll,3530,718560075044,718560075044,35.293061224
poll,3530,718560080048,718560080048,35.293560091
poll,3530,718560085053,718560085054,35.294058957
poll,3530,718560090067,718560090067,35.294557823
poll,3530,718560095074,718560095075,35.295056689
poll,3530,718560100087,718560100088,35.295555556
poll,3530,718560105094,718560105095,35.296054422
poll,3530,718560110108,718560110109,35.296553288
poll,3530,718560115122,718560115123,35.297074830
poll,3530,718560120134,718560120134,35.297573696
poll,3530,718560125141,718560125142,35.298072562
poll,3530,718560130156,718560130156,35.298571429
poll,3530,718560135166,718560135167,35.299070295
poll,3540,718561049897,718561049898,35.390566893
poll,3540,718561054911,718561054912,35.391065760
poll,3540,718561059924,718561059925,35.391564626
poll,3540,718561064929,718561064940,35.392063492
poll,3540,718561069950,718561069951,35.392562358
poll,3540,718561074959,718561074960,35.393061224
poll,3540,718561079976,718561079976,35.393560091
poll,3540,718561084986,718561084986,35.394058957
poll,3540,718561089989,718561089989,35.394557823
poll,3540,718561095005,718561095005,35.395056689
poll,3540,718561100016,718561100017,35.395578231
poll,3540,718561105033,718561105034,35.396077098
poll,3540,718561110036,718561110037,35.396575964
poll,3540,718561115042,718561115043,35.397074830
poll,3540,718561120056,718561120057,35.397573696
poll,3540,718561125066,718561125066,35.398072562
poll,3540,718561130068,718561130069,35.398571429
poll,3540,718561135085,718561135086,35.399070295
poll,3550,718562050055,718562050056,35.490566893
poll,3550,718562055069,718562055070,35.491065760
poll,3550,718562060080,718562060080,35.491564626
poll,3550,718562065095,718562065095,35.492063492
poll,3550,718562070105,718562070106,35.492562358
poll,3550,718562075116,718562075116,35.493061224
poll,3550,718562080127,718562080128,35.493582766
poll,3550,718562085146,718562085147,35.494081633
poll,3550,718562090160,718562090160,35.494580499
poll,3550,718562095172,718562095173,35.495079365
poll,3550,718562100174,718562100179,35.495578231
poll,3550,718562105200,718562105201,35.496077098
poll,3550,718562110203,718562110204,35.496575964
poll,3550,718562115212,718562115213,35.497074830
poll,3550,718562120217,718562120218,35.497573696
poll,3550,718562125225,718562125226,35.498072562
poll,3550,718562130240,718562130240,35.498594104
poll,3550,718562135255,718562135255,35.499092971
poll,3560,718563049958,718563049959,35.590544218
poll,3560,718563054972,718563054973,35.591043084
poll,3560,718563059986,718563059986,35.591541950
poll,3560,718563065002,718563065002,35.592063492
poll,3560,718563070009,718563070010,35.592562358
poll,3560,718563075017,718563075018,35.593061224
poll,3560,718563080034,718563080035,35.593560091
poll,3560,718563085042,718563085043,35.594058957
poll,3560,718563090049,718563090050,35.594557823
poll,3560,718563095060,718563095061,35.595056689
poll,3560,718563100071,718563100072,35.595555556
poll,3560,718563105087,718563105088,35.596054422
poll,3560,718563110100,718563110100,35.596553288
poll,3560,718563115108,718563115109,35.597074830
poll,3560,718563120118,718563120119,35.597573696
poll,3560,718563125132,718563125132,35.598072562
poll,3560,718563130139,718563130140,35.598571429
poll,3560,718563135157,718563135157,35.599070295
poll,3570,718564049790,718564049792,35.690544218
poll,3570,718564054815,718564054816,35.691043084
poll,3570,718564059819,718564059820,35.691564626
poll,3570,718564064833,718564064833,35.692063492
poll,3570,718564069851,718564069851,35.692562358
poll,3570,718564074869,718564074869,35.693061224
poll,3570,718564079879,718564079879,35.693560091
poll,3570,718564084923,718564084924,35.694058957
poll,3570,718564089927,718564089928,35.694557823
poll,3570,718564094939,718564094940,35.695056689
poll,3570,718564099957,718564099958,35.695578231
poll,3570,718564104968,718564104969,35.696077098
poll,3570,718564109982,718564109982,35.696575964
poll,3570,718564114995,718564114995,35.697074830
poll,3570,718564120007,718564120008,35.697573696
poll,3570,718564125020,718564125021,35.698072562
poll,3570,718564130033,718564130034,35.698571429
poll,3570,718564135047,718564135047,35.699070295
poll,3580,718565051026,718565051027,35.790634921
poll,3580,718565056038,718565056039,35.791133787
poll,3580,718565061049,718565061050,35.791632653
poll,3580,718565066061,718565066062,35.792131519
poll,3580,718565071075,718565071075,35.792630385
poll,3580,718565076090,718565076091,35.793129252
poll,3580,718565081103,718565081104,35.793628118
poll,3580,718565086116,718565086117,35.794126984
poll,3580,718565091131,718565091135,35.794648526
poll,3580,718565096151,718565096152,35.795147392
poll,3580,718565101163,718565101163,35.795646259
poll,3580,718565106176,718565106177,35.796145125
poll,3580,718565111189,718565111189,35.796643991
poll,3580,718565116202,718565116202,35.797142857
poll,3580,718565121206,718565121207,35.797641723
poll,3580,718565126214,718565126215,35.798140590
poll,3580,718565131216,718565131216,35.798639456
poll,3580,718565136226,718565136227,35.799138322
poll,3590,718566050009,718566050020,35.890566893
poll,3590,718566055033,718566055034,35.891065760
poll,3590,718566060038,718566060039,35.891564626
poll,3590,718566065050,718566065050,35.892063492
poll,3590,718566070053,718566070054,35.892562358
poll,3590,718566075058,718566075059,35.893061224
poll,3590,718566080062,718566080063,35.893560091
poll,3590,718566085067,718566085068,35.894058957
poll,3590,718566090084,718566090085,35.894557823
poll,3590,718566095090,718566095091,35.895079365
poll,3590,718566100102,718566100102,35.895578231
poll,3590,718566105108,718566105109,35.896077098
poll,3590,718566110119,718566110119,35.896575964
poll,3590,718566115128,718566115128,35.897074830
poll,3590,718566120146,718566120147,35.897573696
poll,3590,718566125163,718566125164,35.898072562
poll,3590,718566130178,718566130179,35.898571429
poll,3590,718566135193,718566135194,35.899070295
poll,3600,718567050124,718567050125,35.990566893
poll,3600,718567055140,718567055141,35.991065760
poll,3600,718567060156,718567060157,35.991564626
poll,3600,718567065175,718567065187,35.992063492
poll,3600,718567070207,718567070208,35.992562358
poll,3600,718567075212,718567075212,35.993061224
poll,3600,718567080222,718567080222,35.993560091
poll,3600,718567085225,718567085225,35.994058957
poll,3600,718567090237,718567090237,35.994580499
poll,3600,718567095240,718567095241,35.995079365
poll,3600,718567100253,718567100253,35.995578231
poll,3600,718567105263,718567105264,35.996077098
poll,3600,718567110274,718567110275,35.996575964
poll,3600,718567115276,718567115277,35.997074830
poll,3600,718567120279,718567120279,35.997573696
poll,3600,718567125281,718567125282,35.998072562
poll,3600,718567130297,718567130298,35.998571429
poll,3600,718567135312,718567135312,35.999070295
poll,3610,718568050128,718568050129,36.090566893
poll,3610,718568055146,718568055147,36.091065760
poll,3610,718568060163,718568060163,36.091564626
poll,3610,718568065180,718568065181,36.092063492
poll,3610,718568070192,718568070193,36.092585034
poll,3610,718568075202,718568075203,36.093083900
poll,3610,718568080208,718568080212,36.093582766
poll,3610,718568085235,718568085236,36.094081633
poll,3610,718568090254,718568090254,36.094580499
poll,3610,718568095271,718568095272,36.095079365
poll,3610,718568100287,718568100288,36.095578231
poll,3610,718568105306,718568105307,36.096077098
poll,3610,718568110321,718568110321,36.096575964
poll,3610,718568115336,718568115336,36.097097506
poll,3610,718568120351,718568120352,36.097596372
poll,3610,718568125354,718568125355,36.098095238
poll,3610,718568130367,718568130368,36.098594104
poll,3610,718568135379,718568135380,36.099092971
poll,3620,718569050052,718569050053,36.190544218
poll,3620,718569055069,718569055069,36.191043084
poll,3620,718569060085,718569060085,36.191564626
poll,3620,718569065102,718569065103,36.192063492
poll,3620,718569070116,718569070116,36.192562358
poll,3620,718569075125,718569075126,36.193061224
poll,3620,718569080139,718569080140,36.193560091
poll,3620,718569085143,718569085144,36.194058957
poll,3620,718569090151,718569090152,36.194557823
poll,3620,718569095176,718569095178,36.195056689
poll,3620,718569100192,718569100193,36.195555556
poll,3620,718569105203,718569105203,36.196077098
poll,3620,718569110218,718569110218,36.196575964
poll,3620,718569115233,718569115234,36.197074830
poll,3620,718569120247,718569120248,36.197573696
poll,3620,718569125257,718569125257,36.198072562
poll,3620,718569130272,718569130272,36.198571429
poll,3620,718569135288,718569135289,36.199070295
poll,3630,718570050037,718570050038,36.290544218
poll,3630,718570055055,718570055056,36.291043084
poll,3630,718570060068,718570060069,36.291564626
poll,3630,718570065080,718570065081,36.292063492
poll,3630,718570070089,718570070090,36.292562358
poll,3630,718570075096,718570075097,36.293061224
poll,3630,718570080113,718570080114,36.293560091
poll,3630,718570085131,718570085132,36.294058957
poll,3630,718570090144,718570090144,36.294557823
poll,3630,718570095154,718570095155,36.295056689
poll,3630,718570100162,718570100163,36.295555556
poll,3630,718570105174,718570105175,36.296054422
poll,3630,718570110187,718570110187,36.296575964
poll,3630,718570115199,718570115199,36.297074830
poll,3630,718570120202,718570120203,36.297573696
poll,3630,718570125217,718570125217,36.298072562
poll,3630,718570130233,718570130234,36.298571429
poll,3630,718570135247,718570135247,36.299070295
poll,3640,718571050166,718571050167,36.390566893
poll,3640,718571055181,718571055182,36.391065760
poll,3640,718571060194,718571060195,36.391564626
poll,3640,718571065212,718571065212,36.392063492
poll,3640,718571070221,718571070221,36.392562358
poll,3640,718571075226,718571075226,36.393083900
poll,3640,718571080231,718571080231,36.393582766
poll,3640,718571085236,718571085236,36.394081633
poll,3640,718571090251,718571090251,36.394580499
poll,3640,718571095260,718571095261,36.395079365
poll,3640,718571100269,718571100270,36.395578231
poll,3640,718571105286,718571105287,36.396077098
poll,3640,718571110304,718571110305,36.396575964
poll,3640,718571115312,718571115313,36.397074830
poll,3640,718571120329,718571120330,36.397573696
poll,3640,718571125348,718571125348,36.398095238
poll,3640,718571130366,718571130366,36.398594104
poll,3640,718571135373,718571135373,36.399092971
poll,3650,718572050303,718572050304,36.490566893
poll,3650,718572055313,718572055314,36.491065760
poll,3650,718572060322,718572060323,36.491564626
poll,3650,718572065325,718572065326,36.492063492
poll,3650,718572070338,718572070339,36.492562358
poll,3650,718572075356,718572075357,36.493083900
poll,3650,718572080371,718572080371,36.493582766
poll,3650,718572085377,718572085378,36.494081633
poll,3650,718572090392,718572090392,36.494580499
poll,3650,718572095408,718572095408,36.495079365
poll,3650,718572100449,718572100449,36.495578231
poll,3650,718572105451,718572105452,36.496077098
poll,3650,718572110467,718572110468,36.496575964
poll,3650,718572115469,718572115470,36.497074830
poll,3650,718572120484,718572120485,36.497596372
poll,3650,718572125488,718572125488,36.498095238
poll,3650,718572130504,718572130504,36.498594104
poll,3650,718572135519,718572135520,36.499092971
poll,3660,718573050057,718573050058,36.590544218
poll,3660,718573055070,718573055070,36.591043084
poll,3660,718573060077,718573060078,36.591541950
poll,3660,718573065088,718573065089,36.592063492
poll,3660,718573070094,718573070095,36.592562358
poll,3660,718573075100,718573075101,36.593061224
poll,3660,718573080114,718573080115,36.593560091
poll,3660,718573085128,718573085129,36.594058957
poll,3660,718573090133,718573090133,36.594557823
poll,3660,718573095144,718573095144,36.595056689
poll,3660,718573100157,718573100157,36.595555556
poll,3660,718573105168,718573105169,36.596054422
poll,3660,718573110176,718573110177,36.596553288
poll,3660,718573115184,718573115184,36.597074830
poll,3660,718573120199,718573120199,36.597573696
poll,3660,718573125213,718573125214,36.598072562
poll,3660,718573130219,718573130220,36.598571429
poll,3660,718573135231,718573135232,36.599070295
poll,3670,718574050018,718574050019,36.690544218
poll,3670,718574055036,718574055037,36.691043084
poll,3670,718574060049,718574060050,36.691564626
poll,3670,718574065061,718574065062,36.692063492
poll,3670,718574070075,718574070076,36.692562358
poll,3670,718574075079,718574075083,36.693061224
poll,3670,718574080104,718574080104,36.693560091
poll,3670,718574085122,718574085122,36.694058957
poll,3670,718574090136,718574090136,36.694557823
poll,3670,718574095147,718574095147,36.695056689
poll,3670,718574100152,718574100152,36.695555556
poll,3670,718574105160,718574105160,36.696054422
poll,3670,718574110172,718574110173,36.696575964
poll,3670,718574115187,718574115188,36.697074830
poll,3670,718574120203,718574120204,36.697573696
poll,3670,718574125213,718574125213,36.698072562
poll,3670,718574130218,718574130218,36.698571429
poll,3670,718574135234,718574135235,36.699070295
poll,3680,718575050284,718575050285,36.790566893
poll,3680,718575055301,718575055302,36.791065760
poll,3680,718575060313,718575060313,36.791564626
poll,3680,718575065324,718575065325,36.792063492
poll,3680,718575070334,718575070334,36.792562358
poll,3680,718575075347,718575075347,36.793083900
poll,3680,718575080356,718575080357,36.793582766
poll,3680,718575085368,718575085368,36.794081633
poll,3680,718575090374,718575090375,36.794580499
poll,3680,718575095386,718575095386,36.795079365
poll,3680,718575100392,718575100393,36.795578231
poll,3680,718575105404,718575105404,36.796077098
poll,3680,718575110417,718575110417,36.796575964
poll,3680,718575115428,718575115429,36.797074830
poll,3680,718575120432,718575120433,36.797573696
poll,3680,718575125444,718575125445,36.798095238
poll,3680,718575130456,718575130456,36.798594104
poll,3680,718575135459,718575135460,36.799092971
poll,3690,718576050097,718576050098,36.890544218
poll,3690,718576055117,718576055117,36.891043084
poll,3690,718576060130,718576060131,36.891564626
poll,3690,718576065142,718576065143,36.892063492
poll,3690,718576070152,718576070153,36.892562358
poll,3690,718576075155,718576075156,36.893061224
poll,3690,718576080174,718576080174,36.893560091
poll,3690,718576085187,718576085187,36.894058957
poll,3690,718576090195,718576090196,36.894557823
poll,3690,718576095208,718576095209,36.895056689
poll,3690,718576100223,718576100223,36.895555556
poll,3690,718576105236,718576105236,36.896054422
poll,3690,718576110245,718576110246,36.896575964
poll,3690,718576115259,718576115260,36.897074830
poll,3690,718576120273,718576120273,36.897573696
poll,3690,718576125285,718576125285,36.898072562
poll,3690,718576130296,718576130300,36.898571429
poll,3690,718576135318,718576135318,36.899070295
poll,3700,718577050243,718577050245,36.990566893
poll,3700,718577055256,718577055257,36.991065760
poll,3700,718577060265,718577060266,36.991564626
poll,3700,718577065274,718577065293,36.992063492
poll,3700,718577070332,718577070333,36.992562358
poll,3700,718577075348,718577075352,36.993061224
poll,3700,718577080367,718577080368,36.993582766
poll,3700,718577085377,718577085378,36.994081633
poll,3700,718577090382,718577090383,36.994580499
poll,3700,718577095393,718577095393,36.995079365
poll,3700,718577100401,718577100412,36.995578231
poll,3700,718577105431,718577105432,36.996077098
poll,3700,718577110437,718577110437,36.996575964
poll,3700,718577115450,718577115450,36.997074830
poll,3700,718577120458,718577120459,36.997573696
poll,3700,718577125477,718577125478,36.998072562
poll,3700,718577130479,718577130479,36.998594104
poll,3700,718577135480,718577135480,36.999092971
poll,3710,718578050178,718578050180,37.090566893
poll,3710,718578055190,718578055190,37.091065760
poll,3710,718578060195,718578060196,37.091564626
poll,3710,718578065204,718578065204,37.092063492
poll,3710,718578070212,718578070213,37.092562358
poll,3710,718578075221,718578075222,37.093061224
poll,3710,718578080226,718578080227,37.093560091
poll,3710,718578085233,718578085233,37.094081633
poll,3710,718578090235,718578090236,37.094580499
poll,3710,718578095242,718578095242,37.095079365
poll,3710,718578100246,718578100247,37.095578231
poll,3710,718578105255,718578105256,37.096077098
poll,3710,718578110260,718578110261,37.096575964
poll,3710,718578115268,718578115269,37.097074830
poll,3710,718578120287,718578120287,37.097573696
poll,3710,718578125295,718578125295,37.098072562
poll,3710,718578130307,718578130308,37.098571429
poll,3710,718578135314,718578135315,37.099070295
poll,3720,718579050092,718579050093,37.190544218
poll,3720,718579055105,718579055106,37.191043084
poll,3720,718579060123,718579060124,37.191541950
poll,3720,718579065126,718579065126,37.192063492
poll,3720,718579070145,718579070146,37.192562358
poll,3720,718579075162,718579075163,37.193061224
poll,3720,718579080176,718579080177,37.193560091
poll,3720,718579085182,718579085183,37.194058957
poll,3720,718579090199,718579090201,37.194557823
poll,3720,718579095205,718579095207,37.195056689
poll,3720,718579100217,718579100218,37.195555556
poll,3720,718579105230,718579105231,37.196054422
poll,3720,718579110243,718579110244,37.196553288
poll,3720,718579115254,718579115254,37.197074830
poll,3720,718579120256,718579120256,37.197573696
poll,3720,718579125271,718579125272,37.198072562
poll,3720,718579130279,718579130283,37.198571429
poll,3720,718579135299,718579135299,37.199070295
poll,3730,718580050052,718580050054,37.290544218
poll,3730,718580055075,718580055076,37.291043084
poll,3730,718580060084,718580060088,37.291541950
poll,3730,718580065106,718580065107,37.292063492
poll,3730,718580070112,718580070113,37.292562358
poll,3730,718580075129,718580075130,37.293061224
poll,3730,718580080147,718580080148,37.293560091
poll,3730,718580085155,718580085155,37.294058957
poll,3730,718580090172,718580090173,37.294557823
poll,3730,718580095180,718580095181,37.295056689
poll,3730,718580100184,718580100185,37.295555556
poll,3730,718580105195,718580105196,37.296054422
poll,3730,718580110234,718580110235,37.296575964
poll,3730,718580115245,718580115246,37.297074830
poll,3730,718580120254,718580120255,37.297573696
poll,3730,718580125270,718580125270,37.298072562
poll,3730,718580130288,718580130289,37.298571429
poll,3730,718580135299,718580135300,37.299070295
poll,3740,718581050328,718581050329,37.390566893
poll,3740,718581055343,718581055344,37.391065760
poll,3740,718581060355,718581060356,37.391564626
poll,3740,718581065371,718581065372,37.392063492
poll,3740,718581070386,718581070387,37.392562358
poll,3740,718581075404,718581075405,37.393083900
poll,3740,718581080422,718581080422,37.393582766
poll,3740,718581085440,718581085440,37.394081633
poll,3740,718581090455,718581090455,37.394580499
poll,3740,718581095468,718581095468,37.395079365
poll,3740,718581100482,718581100483,37.395578231
poll,3740,718581105489,718581105490,37.396077098
poll,3740,718581110492,718581110493,37.396575964
poll,3740,718581115493,718581115494,37.397074830
poll,3740,718581120499,718581120500,37.397573696
poll,3740,718581125513,718581125514,37.398095238
poll,3740,718581130527,718581130528,37.398594104
poll,3740,718581135537,718581135538,37.399092971
poll,3750,718582050307,718582050308,37.490566893
poll,3750,718582055321,718582055321,37.491065760
poll,3750,718582060329,718582060330,37.491564626
poll,3750,718582065365,718582065384,37.492086168
poll,3750,718582070411,718582070412,37.492585034
poll,3750,718582075422,718582075423,37.493083900
poll,3750,718582080435,718582080435,37.493582766
poll,3750,718582085437,718582085438,37.494081633
poll,3750,718582090444,718582090445,37.494580499
poll,3750,718582095454,718582095455,37.495079365
poll,3750,718582100456,718582100457,37.495578231
poll,3750,718582105468,718582105469,37.496077098
poll,3750,718582110480,718582110481,37.496598639
poll,3750,718582115495,718582115496,37.497097506
poll,3750,718582120499,718582120503,37.497596372
poll,3750,718582125524,718582125525,37.498095238
poll,3750,718582130540,718582130541,37.498594104
poll,3750,718582135547,718582135547,37.499092971
poll,3760,718583050037,718583050046,37.590544218
poll,3760,718583055057,718583055057,37.591043084
poll,3760,718583060068,718583060068,37.591541950
poll,3760,718583065077,718583065077,37.592040816
poll,3760,718583070087,718583070087,37.592562358
poll,3760,718583075100,718583075100,37.593061224
poll,3760,718583080117,718583080118,37.593560091
poll,3760,718583085128,718583085129,37.594058957
poll,3760,718583090140,718583090140,37.594557823
poll,3760,718583095147,718583095148,37.595056689
poll,3760,718583100157,718583100158,37.595555556
poll,3760,718583105163,718583105164,37.596054422
poll,3760,718583110175,718583110175,37.596553288
poll,3760,718583115179,718583115179,37.597052154
poll,3760,718583120182,718583120183,37.597573696
poll,3760,718583125193,718583125194,37.598072562
poll,3760,718583130205,718583130206,37.598571429
poll,3760,718583135217,718583135218,37.599070295
poll,3770,718584050058,718584050059,37.690566893
poll,3770,718584055076,718584055077,37.691065760
poll,3770,718584060084,718584060084,37.691564626
poll,3770,718584065094,718584065094,37.692063492
poll,3770,718584070105,718584070105,37.692562358
poll,3770,718584075117,718584075117,37.693061224
poll,3770,718584080135,718584080135,37.693582766
poll,3770,718584085137,718584085137,37.694081633
poll,3770,718584090143,718584090144,37.694580499
poll,3770,718584095156,718584095157,37.695079365
poll,3770,718584100164,718584100164,37.695578231
poll,3770,718584105177,718584105177,37.696077098
poll,3770,718584110192,718584110193,37.696575964
poll,3770,718584115206,718584115207,37.697074830
poll,3770,718584120213,718584120214,37.697573696
poll,3770,718584125224,718584125225,37.698072562
poll,3770,718584130231,718584130231,37.698571429
poll,3770,718584135243,718584135243,37.699092971
poll,3780,718585050171,718585050172,37.790566893
poll,3780,718585055185,718585055185,37.791065760
poll,3780,718585060194,718585060194,37.791564626
poll,3780,718585065206,718585065206,37.792063492
poll,3780,718585070214,718585070215,37.792562358
poll,3780,718585075226,718585075227,37.793061224
poll,3780,718585080245,718585080245,37.793582766
poll,3780,718585085260,718585085261,37.794081633
poll,3780,718585090274,718585090275,37.794580499
poll,3780,718585095287,718585095288,37.795079365
poll,3780,718585100291,718585100292,37.795578231
poll,3780,718585105307,718585105307,37.796077098
poll,3780,718585110324,718585110324,37.796575964
poll,3780,718585115337,718585115337,37.797074830
poll,3780,718585120351,718585120351,37.797573696
poll,3780,718585125368,718585125368,37.798095238
poll,3780,718585130372,718585130373,37.798594104
poll,3780,718585135389,718585135390,37.799092971
poll,3790,718586050285,718586050296,37.890566893
poll,3790,718586055308,718586055309,37.891065760
poll,3790,718586060321,718586060321,37.891564626
poll,3790,718586065338,718586065339,37.892063492
poll,3790,718586070354,718586070354,37.892562358
poll,3790,718586075356,718586075356,37.893061224
poll,3790,718586080368,718586080368,37.893560091
poll,3790,718586085386,718586085386,37.894081633
poll,3790,718586090401,718586090402,37.894580499
poll,3790,718586095406,718586095407,37.895079365
poll,3790,718586100419,718586100419,37.895578231
poll,3790,718586105433,718586105434,37.896077098
poll,3790,718586110439,718586110439,37.896575964
poll,3790,718586115454,718586115455,37.897074830
poll,3790,718586120473,718586120474,37.897573696
poll,3790,718586125476,718586125476,37.898072562
poll,3790,718586130480,718586130481,37.898571429
poll,3790,718586135494,718586135495,37.899092971
poll,3800,718587050175,718587050176,37.990544218
poll,3800,718587055190,718587055190,37.991043084
poll,3800,718587060199,718587060199,37.991541950
poll,3800,718587065211,718587065212,37.992063492
poll,3800,718587070223,718587070223,37.992562358
poll,3800,718587075239,718587075239,37.993061224
poll,3800,718587080251,718587080251,37.993560091
poll,3800,718587085265,718587085265,37.994058957
poll,3800,718587090271,718587090271,37.994557823
poll,3800,718587095282,718587095283,37.995056689
poll,3800,718587100287,718587100288,37.995555556
poll,3800,718587105299,718587105299,37.996054422
poll,3800,718587110306,718587110307,37.996553288
poll,3800,718587115320,718587115320,37.997074830
poll,3800,718587120326,718587120330,37.997573696
poll,3800,718587125341,718587125342,37.998072562
poll,3800,718587130354,718587130355,37.998571429
poll,3800,718587135366,718587135366,37.999070295
poll,3810,718588050303,718588050304,38.090566893
poll,3810,718588055321,718588055321,38.091065760
poll,3810,718588060337,718588060337,38.091564626
poll,3810,718588065351,718588065352,38.092063492
poll,3810,718588070367,718588070371,38.092585034
poll,3810,718588075380,718588075381,38.093083900
poll,3810,718588080384,718588080385,38.093582766
poll,3810,718588085388,718588085388,38.094081633
poll,3810,718588090390,718588090391,38.094580499
poll,3810,718588095401,718588095402,38.095079365
poll,3810,718588100408,718588100409,38.095578231
poll,3810,718588105420,718588105420,38.096077098
poll,3810,718588110427,718588110428,38.096575964
poll,3810,718588115442,718588115443,38.097074830
poll,3810,718588120474,718588120474,38.097573696
poll,3810,718588125477,718588125477,38.098095238
poll,3810,718588130489,718588130490,38.098594104
poll,3810,718588135498,718588135499,38.099092971
poll,3820,718589050212,718589050213,38.190544218
poll,3820,718589055218,718589055219,38.191043084
poll,3820,718589060223,718589060223,38.191541950
poll,3820,718589065235,718589065235,38.192063492
poll,3820,718589070239,718589070240,38.192562358
poll,3820,718589075243,718589075243,38.193061224
poll,3820,718589080247,718589080247,38.193560091
poll,3820,718589085260,718589085260,38.194058957
poll,3820,718589090267,718589090269,38.194557823
poll,3820,718589095276,718589095278,38.195056689
poll,3820,718589100295,718589100296,38.195555556
poll,3820,718589105302,718589105302,38.196054422
poll,3820,718589110307,718589110307,38.196553288
poll,3820,718589115311,718589115311,38.197052154
poll,3820,718589120319,718589120319,38.197551020
poll,3820,718589125324,718589125324,38.198072562
poll,3820,718589130329,718589130330,38.198571429
poll,3820,718589135335,718589135335,38.199070295
poll,3830,718590050213,718590050214,38.290544218
poll,3830,718590055233,718590055234,38.291043084
poll,3830,718590060243,718590060243,38.291564626
poll,3830,718590065249,718590065249,38.292063492
poll,3830,718590070258,718590070258,38.292562358
poll,3830,718590075265,718590075266,38.293061224
poll,3830,718590080277,718590080278,38.293560091
poll,3830,718590085289,718590085290,38.294058957
poll,3830,718590090307,718590090307,38.294557823
poll,3830,718590095321,718590095322,38.295056689
poll,3830,718590100334,718590100334,38.295555556
poll,3830,718590105345,718590105345,38.296054422
poll,3830,718590110361,718590110361,38.296575964
poll,3830,718590115377,718590115377,38.297074830
poll,3830,718590120385,718590120385,38.297573696
poll,3830,718590125397,718590125397,38.298072562
poll,3830,718590130407,718590130408,38.298571429
poll,3830,718590135418,718590135419,38.299070295
poll,3840,718591050334,718591050335,38.390566893
poll,3840,718591055345,718591055346,38.391065760
poll,3840,718591060357,718591060358,38.391564626
poll,3840,718591065375,718591065376,38.392063492
poll,3840,718591070388,718591070388,38.392562358
poll,3840,718591075399,718591075399,38.393083900
poll,3840,718591080405,718591080409,38.393582766
poll,3840,718591085426,718591085427,38.394081633
poll,3840,718591090443,718591090444,38.394580499
poll,3840,718591095454,718591095454,38.395079365
poll,3840,718591100463,718591100463,38.395578231
poll,3840,718591105475,718591105476,38.396077098
poll,3840,718591110480,718591110480,38.396575964
poll,3840,718591115497,718591115497,38.397074830
poll,3840,718591120505,718591120506,38.397573696
poll,3840,718591125509,718591125509,38.398095238
poll,3840,718591130523,718591130524,38.398594104
poll,3840,718591135536,718591135537,38.399092971
poll,3850,718592050247,718592050248,38.490544218
poll,3850,718592055256,718592055257,38.491043084
poll,3850,718592060268,718592060269,38.491564626
poll,3850,718592065284,718592065285,38.492063492
poll,3850,718592070297,718592070297,38.492562358
poll,3850,718592075310,718592075310,38.493061224
poll,3850,718592080322,718592080322,38.493560091
poll,3850,718592085325,718592085326,38.494058957
poll,3850,718592090327,718592090328,38.494557823
poll,3850,718592095336,718592095337,38.495056689
poll,3850,718592100351,718592100351,38.495555556
poll,3850,718592105364,718592105364,38.496054422
poll,3850,718592110378,718592110379,38.496575964
poll,3850,718592115397,718592115397,38.497074830
poll,3850,718592120414,718592120415,38.497573696
poll,3850,718592125430,718592125431,38.498072562
poll,3850,718592130442,718592130442,38.498571429
poll,3850,718592135458,718592135459,38.499070295
poll,3860,718593050237,718593050238,38.590544218
poll,3860,718593055252,718593055252,38.591043084
poll,3860,718593060259,718593060260,38.591541950
poll,3860,718593065271,718593065272,38.592063492
poll,3860,718593070279,718593070279,38.592562358
poll,3860,718593075284,718593075284,38.593061224
poll,3860,718593080299,718593080300,38.593560091
poll,3860,718593085303,718593085304,38.594058957
poll,3860,718593090310,718593090311,38.594557823
poll,3860,718593095322,718593095323,38.595056689
poll,3860,718593100329,718593100330,38.595555556
poll,3860,718593105341,718593105341,38.596054422
poll,3860,718593110348,718593110348,38.596553288
poll,3860,718593115360,718593115360,38.597052154
poll,3860,718593120369,718593120373,38.597573696
poll,3860,718593125390,718593125390,38.598072562
poll,3860,718593130404,718593130405,38.598571429
poll,3860,718593135417,718593135418,38.599070295
poll,3870,718594050422,718594050423,38.690566893
poll,3870,718594055438,718594055439,38.691065760
poll,3870,718594060450,718594060451,38.691564626
poll,3870,718594065467,718594065468,38.692086168
poll,3870,718594070482,718594070482,38.692585034
poll,3870,718594075491,718594075492,38.693083900
poll,3870,718594080497,718594080498,38.693582766
poll,3870,718594085507,718594085508,38.694081633
poll,3870,718594090525,718594090525,38.694580499
poll,3870,718594095535,718594095536,38.695079365
poll,3870,718594100544,718594100545,38.695578231
poll,3870,718594105552,718594105553,38.696077098
poll,3870,718594110565,718594110566,38.696575964
poll,3870,718594115576,718594115576,38.697097506
poll,3870,718594120580,718594120580,38.697596372
poll,3870,718594125597,718594125597,38.698095238
poll,3870,718594130612,718594130612,38.698594104
poll,3870,718594135616,718594135617,38.699092971
poll,3880,718595050711,718595050722,38.790589569
poll,3880,718595055738,718595055739,38.791088435
poll,3880,718595060754,718595060754,38.791587302
poll,3880,718595065771,718595065771,38.792086168
poll,3880,718595070779,718595070780,38.792585034
poll,3880,718595075796,718595075797,38.793106576
poll,3880,718595080802,718595080802,38.793605442
poll,3880,718595085820,718595085821,38.794104308
poll,3880,718595090830,718595090830,38.794603175
poll,3880,718595095843,718595095843,38.795102041
poll,3880,718595100858,718595100859,38.795600907
poll,3880,718595105864,718595105865,38.796099773
poll,3880,718595110880,718595110881,38.796598639
poll,3880,718595115894,718595115894,38.797097506
poll,3880,718595120912,718595120912,38.797596372
poll,3880,718595125915,718595125915,38.798117914
poll,3880,718595130927,718595130927,38.798616780
poll,3880,718595135941,718595135942,38.799115646
poll,3890,718596051161,718596051162,38.890612245
poll,3890,718596056177,718596056177,38.891111111
poll,3890,718596061191,718596061191,38.891609977
poll,3890,718596066195,718596066206,38.892108844
poll,3890,718596071228,718596071229,38.892607710
poll,3890,718596076246,718596076247,38.893129252
poll,3890,718596081265,718596081265,38.893628118
poll,3890,718596086280,718596086281,38.894126984
poll,3890,718596091293,718596091293,38.894625850
poll,3890,718596096310,718596096310,38.895124717
poll,3890,718596101313,718596101314,38.895623583
poll,3890,718596106330,718596106331,38.896122449
poll,3890,718596111345,718596111346,38.896621315
poll,3890,718596116364,718596116364,38.897120181
poll,3890,718596121372,718596121373,38.897641723
poll,3890,718596126375,718596126376,38.898140590
poll,3890,718596131392,718596131392,38.898639456
poll,3890,718596136422,718596136423,38.899138322
poll,3900,718597050483,718597050484,38.990566893
poll,3900,718597055493,718597055494,38.991065760
poll,3900,718597060497,718597060497,38.991564626
poll,3900,718597065507,718597065508,38.992086168
poll,3900,718597070521,718597070521,38.992585034
poll,3900,718597075523,718597075528,38.993083900
poll,3900,718597080540,718597080540,38.993582766
poll,3900,718597085559,718597085560,38.994081633
poll,3900,718597090561,718597090562,38.994580499
poll,3900,718597095574,718597095575,38.995079365
poll,3900,718597100586,718597100586,38.995578231
poll,3900,718597105605,718597105606,38.996077098
poll,3900,718597110607,718597110608,38.996575964
poll,3900,718597115618,718597115619,38.997097506
poll,3900,718597120635,718597120635,38.997596372
poll,3900,718597125648,718597125648,38.998095238
poll,3900,718597130662,718597130662,38.998594104
poll,3900,718597135669,718597135670,38.999092971
poll,3910,718598050275,718598050276,39.090566893
poll,3910,718598055294,718598055294,39.091065760
poll,3910,718598060306,718598060306,39.091564626
poll,3910,718598065322,718598065322,39.092063492
poll,3910,718598070340,718598070340,39.092562358
poll,3910,718598075354,718598075354,39.093083900
poll,3910,718598080367,718598080368,39.093582766
poll,3910,718598085376,718598085376,39.094081633
poll,3910,718598090389,718598090390,39.094580499
poll,3910,718598095398,718598095398,39.095079365
poll,3910,718598100414,718598100415,39.095578231
poll,3910,718598105422,718598105423,39.096077098
poll,3910,718598110436,718598110436,39.096575964
poll,3910,718598115449,718598115450,39.097074830
poll,3910,718598120463,718598120463,39.097573696
poll,3910,718598125471,718598125472,39.098095238
poll,3910,718598130485,718598130486,39.098594104
poll,3910,718598135487,718598135488,39.099092971
poll,3920,718599050139,718599050140,39.190544218
poll,3920,718599055152,718599055153,39.191065760
poll,3920,718599060165,718599060166,39.191564626
poll,3920,718599065180,718599065192,39.192063492
poll,3920,718599070205,718599070206,39.192562358
poll,3920,718599075219,718599075220,39.193061224
poll,3920,718599080236,718599080237,39.193560091
poll,3920,718599085243,718599085244,39.194058957
poll,3920,718599090261,718599090262,39.194557823
poll,3920,718599095285,718599095287,39.195079365
poll,3920,718599100303,718599100304,39.195578231
poll,3920,718599105322,718599105323,39.196077098
poll,3920,718599110324,718599110328,39.196575964
poll,3920,718599115348,718599115348,39.197074830
poll,3920,718599120351,718599120352,39.197573696
poll,3920,718599125369,718599125370,39.198072562
poll,3920,718599130386,718599130387,39.198571429
poll,3920,718599135400,718599135401,39.199070295
poll,3930,718600050194,718600050196,39.290566893
poll,3930,718600055221,718600055222,39.291065760
poll,3930,718600060224,718600060225,39.291564626
poll,3930,718600065232,718600065243,39.292063492
poll,3930,718600070260,718600070261,39.292562358
poll,3930,718600075275,718600075275,39.293061224
poll,3930,718600080286,718600080287,39.293560091
poll,3930,718600085296,718600085297,39.294058957
poll,3930,718600090303,718600090303,39.294557823
poll,3930,718600095316,718600095316,39.295079365
poll,3930,718600100329,718600100329,39.295578231
poll,3930,718600105337,718600105338,39.296077098
poll,3930,718600110342,718600110342,39.296575964
poll,3930,718600115351,718600115351,39.297074830
poll,3930,718600120368,718600120369,39.297573696
poll,3930,718600125377,718600125377,39.298072562
poll,3930,718600130379,718600130380,39.298571429
poll,3930,718600135391,718600135392,39.299070295
poll,3940,718601050534,718601050536,39.390566893
poll,3940,718601055563,718601055564,39.391065760
poll,3940,718601060583,718601060583,39.391587302
poll,3940,718601065586,718601065596,39.392086168
poll,3940,718601070611,718601070612,39.392585034
poll,3940,718601075618,718601075619,39.393083900
poll,3940,718601080627,718601080628,39.393582766
poll,3940,718601085636,718601085636,39.394081633
poll,3940,718601090642,718601090642,39.394580499
poll,3940,718601095645,718601095646,39.395079365
poll,3940,718601100652,718601100652,39.395578231
poll,3940,718601105656,718601105657,39.396077098
poll,3940,718601110660,718601110660,39.396575964
poll,3940,718601115663,718601115664,39.397074830
poll,3940,718601120668,718601120668,39.397596372
poll,3940,718601125670,718601125671,39.398095238
poll,3940,718601130673,718601130674,39.398594104
poll,3940,718601135676,718601135677,39.399092971
poll,3950,718602050242,718602050243,39.490544218
poll,3950,718602055254,718602055254,39.491043084
poll,3950,718602060269,718602060270,39.491541950
poll,3950,718602065272,718602065273,39.492063492
poll,3950,718602070290,718602070291,39.492562358
poll,3950,718602075292,718602075293,39.493061224
poll,3950,718602080307,718602080308,39.493560091
poll,3950,718602085315,718602085316,39.494058957
poll,3950,718602090318,718602090318,39.494557823
poll,3950,718602095330,718602095330,39.495056689
poll,3950,718602100347,718602100347,39.495555556
poll,3950,718602105360,718602105361,39.496054422
poll,3950,718602110375,718602110376,39.496553288
poll,3950,718602115379,718602115380,39.497074830
poll,3950,718602120382,718602120382,39.497573696
poll,3950,718602125393,718602125393,39.498072562
poll,3950,718602130405,718602130406,39.498571429
poll,3950,718602135423,718602135424,39.499070295
poll,3960,718603050321,718603050326,39.590544218
poll,3960,718603055340,718603055341,39.591043084
poll,3960,718603060356,718603060357,39.591564626
poll,3960,718603065365,718603065366,39.592063492
poll,3960,718603070381,718603070382,39.592562358
poll,3960,718603075386,718603075387,39.593061224
poll,3960,718603080398,718603080398,39.593560091
poll,3960,718603085415,718603085415,39.594058957
poll,3960,718603090429,718603090430,39.594557823
poll,3960,718603095432,718603095433,39.595056689
poll,3960,718603100442,718603100443,39.595555556
poll,3960,718603105456,718603105457,39.596054422
poll,3960,718603110463,718603110464,39.596575964
poll,3960,718603115477,718603115477,39.597074830
poll,3960,718603120486,718603120486,39.597573696
poll,3960,718603125499,718603125499,39.598072562
poll,3960,718603130512,718603130513,39.598571429
poll,3960,718603135524,718603135524,39.599070295
poll,3970,718604050710,718604050721,39.690589569
poll,3970,718604055748,718604055749,39.691088435
poll,3970,718604060750,718604060751,39.691587302
poll,3970,718604065760,718604065760,39.692086168
poll,3970,718604070765,718604070765,39.692607710
poll,3970,718604075783,718604075784,39.693106576
poll,3970,718604080793,718604080794,39.693605442
poll,3970,718604085805,718604085806,39.694104308
poll,3970,718604090814,718604090815,39.694603175
poll,3970,718604095822,718604095822,39.695102041
poll,3970,718604100837,718604100837,39.695600907
poll,3970,718604105854,718604105855,39.696099773
poll,3970,718604110868,718604110869,39.696598639
poll,3970,718604115886,718604115886,39.697120181
poll,3970,718604120900,718604120900,39.697619048
poll,3970,718604125913,718604125913,39.698117914
poll,3970,718604130920,718604130921,39.698616780
poll,3970,718604135925,718604135925,39.699115646
poll,3980,718605050273,718605050274,39.790544218
poll,3980,718605055314,718605055314,39.791043084
poll,3980,718605060317,718605060317,39.791564626
poll,3980,718605065331,718605065331,39.792063492
poll,3980,718605070344,718605070344,39.792562358
poll,3980,718605075349,718605075349,39.793061224
poll,3980,718605080354,718605080355,39.793560091
poll,3980,718605085357,718605085361,39.794058957
poll,3980,718605090369,718605090369,39.794557823
poll,3980,718605095374,718605095375,39.795056689
poll,3980,718605100391,718605100392,39.795555556
poll,3980,718605105405,718605105405,39.796054422
poll,3980,718605110406,718605110407,39.796553288
poll,3980,718605115425,718605115426,39.797074830
poll,3980,718605120442,718605120442,39.797573696
poll,3980,718605125451,718605125452,39.798072562
poll,3980,718605130458,718605130459,39.798571429
poll,3980,718605135465,718605135466,39.799070295
poll,3990,718606050283,718606050284,39.890544218
poll,3990,718606055288,718606055289,39.891043084
poll,3990,718606060301,718606060302,39.891541950
poll,3990,718606065319,718606065320,39.892063492
poll,3990,718606070332,718606070333,39.892562358
poll,3990,718606075346,718606075347,39.893061224
poll,3990,718606080358,718606080359,39.893560091
poll,3990,718606085366,718606085367,39.894058957
poll,3990,718606090379,718606090379,39.894557823
poll,3990,718606095390,718606095391,39.895056689
poll,3990,718606100403,718606100404,39.895555556
poll,3990,718606105411,718606105412,39.896054422
poll,3990,718606110424,718606110425,39.896553288
poll,3990,718606115436,718606115437,39.897074830
poll,3990,718606120440,718606120441,39.897573696
poll,3990,718606125448,718606125449,39.898072562
poll,3990,718606130465,718606130466,39.898571429
poll,3990,718606135477,718606135478,39.899070295
poll,4000,718607050954,718607050955,39.990589569
poll,4000,718607055974,718607055975,39.991088435
poll,4000,718607060977,718607060977,39.991587302
poll,4000,718607065989,718607065990,39.992108844
poll,4000,718607070995,718607070996,39.992607710
poll,4000,718607076008,718607076009,39.993106576
poll,4000,718607081021,718607081022,39.993605442
poll,4000,718607086035,718607086036,39.994104308
poll,4000,718607091044,718607091044,39.994603175
poll,4000,718607096057,718607096057,39.995102041
poll,4000,718607101065,718607101065,39.995600907
poll,4000,718607106078,718607106079,39.996099773
poll,4000,718607111086,718607111087,39.996598639
poll,4000,718607116099,718607116100,39.997120181
poll,4000,718607121108,718607121112,39.997619048
poll,4000,718607126131,718607126131,39.998117914
poll,4000,718607131144,718607131145,39.998616780
poll,4000,718607136147,718607136148,39.999115646
poll,4010,718608050522,718608050523,40.090566893
poll,4010,718608055543,718608055544,40.091065760
poll,4010,718608060555,718608060555,40.091564626
poll,4010,718608065570,718608065574,40.092063492
poll,4010,718608070591,718608070592,40.092562358
poll,4010,718608075597,718608075598,40.093083900
poll,4010,718608080616,718608080617,40.093582766
poll,4010,718608085628,718608085629,40.094081633
poll,4010,718608090642,718608090643,40.094580499
poll,4010,718608095655,718608095655,40.095079365
poll,4010,718608100662,718608100663,40.095578231
poll,4010,718608105675,718608105675,40.096077098
poll,4010,718608110683,718608110683,40.096575964
poll,4010,718608115695,718608115696,40.097074830
poll,4010,718608120702,718608120702,40.097573696
poll,4010,718608125716,718608125716,40.098095238
poll,4010,718608130730,718608130730,40.098594104
poll,4010,718608135734,718608135735,40.099092971
poll,4020,718609050376,718609050377,40.190544218
poll,4020,718609055381,718609055382,40.191043084
poll,4020,718609060395,718609060395,40.191541950
poll,4020,718609065404,718609065404,40.192063492
poll,4020,718609070417,718609070417,40.192562358
poll,4020,718609075432,718609075432,40.193061224
poll,4020,718609080445,718609080445,40.193560091
poll,4020,718609085459,718609085461,40.194058957
poll,4020,718609090473,718609090474,40.194557823
poll,4020,718609095489,718609095490,40.195056689
poll,4020,718609100494,718609100495,40.195555556
poll,4020,718609105511,718609105511,40.196054422
poll,4020,718609110522,718609110523,40.196575964
poll,4020,718609115538,718609115539,40.197074830
poll,4020,718609120550,718609120551,40.197573696
poll,4020,718609125562,718609125563,40.198072562
poll,4020,718609130570,718609130571,40.198571429
poll,4020,718609135582,718609135583,40.199070295
poll,4030,718610050445,718610050446,40.290566893
poll,4030,718610055459,718610055459,40.291065760
poll,4030,718610060467,718610060468,40.291564626
poll,4030,718610065478,718610065479,40.292063492
poll,4030,718610070485,718610070485,40.292562358
poll,4030,718610075496,718610075496,40.293061224
poll,4030,718610080500,718610080500,40.293560091
poll,4030,718610085505,718610085506,40.294081633
poll,4030,718610090510,718610090515,40.294580499
poll,4030,718610095535,718610095541,40.295079365
poll,4030,718610100551,718610100552,40.295578231
poll,4030,718610105568,718610105569,40.296077098
poll,4030,718610110587,718610110587,40.296575964
poll,4030,718610115591,718610115591,40.297074830
poll,4030,718610120606,718610120607,40.297573696
poll,4030,718610125620,718610125621,40.298072562
poll,4030,718610130623,718610130624,40.298571429
poll,4030,718610135634,718610135635,40.299092971
poll,4040,718611050620,718611050631,40.390589569
poll,4040,718611055657,718611055658,40.391088435
poll,4040,718611060664,718611060664,40.391587302
poll,4040,718611065675,718611065675,40.392108844
poll,4040,718611070690,718611070690,40.392607710
poll,4040,718611075708,718611075708,40.393106576
poll,4040,718611080711,718611080712,40.393605442
poll,4040,718611085715,718611085715,40.394104308
poll,4040,718611090723,718611090724,40.394603175
poll,4040,718611095726,718611095727,40.395102041
poll,4040,718611100729,718611100729,40.395600907
poll,4040,718611105748,718611105748,40.396099773
poll,4040,718611110759,718611110760,40.396598639
poll,4040,718611115776,718611115776,40.397120181
poll,4040,718611120783,718611120784,40.397619048
poll,4040,718611125792,718611125793,40.398117914
poll,4040,718611130800,718611130801,40.398616780
poll,4040,718611135816,718611135817,40.399115646
poll,4050,718612050185,718612050185,40.490544218
poll,4050,718612055198,718612055198,40.491043084
poll,4050,718612060211,718612060211,40.491541950
poll,4050,718612065225,718612065236,40.492063492
poll,4050,718612070255,718612070256,40.492562358
poll,4050,718612075273,718612075273,40.493061224
poll,4050,718612080276,718612080276,40.493560091
poll,4050,718612085287,718612085287,40.494058957
poll,4050,718612090291,718612090292,40.494557823
poll,4050,718612095300,718612095301,40.495056689
poll,4050,718612100306,718612100307,40.495555556
poll,4050,718612105309,718612105313,40.496054422
poll,4050,718612110330,718612110331,40.496553288
poll,4050,718612115337,718612115338,40.497052154
poll,4050,718612120339,718612120340,40.497573696
poll,4050,718612125342,718612125342,40.498072562
poll,4050,718612130351,718612130352,40.498571429
poll,4050,718612135356,718612135356,40.499070295
poll,4060,718613050354,718613050355,40.590544218
poll,4060,718613055359,718613055360,40.591043084
poll,4060,718613060363,718613060364,40.591541950
poll,4060,718613065402,718613065403,40.592063492
poll,4060,718613070407,718613070407,40.592562358
poll,4060,718613075411,718613075411,40.593061224
poll,4060,718613080415,718613080415,40.593560091
poll,4060,718613085426,718613085426,40.594058957
poll,4060,718613090430,718613090430,40.594557823
poll,4060,718613095434,718613095434,40.595056689
poll,4060,718613100450,718613100450,40.595555556
poll,4060,718613105454,718613105455,40.596054422
poll,4060,718613110459,718613110460,40.596553288
poll,4060,718613115464,718613115464,40.597052154
poll,4060,718613120479,718613120479,40.597573696
poll,4060,718613125483,718613125484,40.598072562
poll,4060,718613130488,718613130488,40.598571429
poll,4060,718613135504,718613135504,40.599070295
poll,4070,718614050834,718614050835,40.690589569
poll,4070,718614055853,718614055853,40.691088435
poll,4070,718614060866,718614060866,40.691587302
poll,4070,718614065878,718614065889,40.692086168
poll,4070,718614070912,718614070913,40.692585034
poll,4070,718614075928,718614075929,40.693083900
poll,4070,718614080931,718614080931,40.693582766
poll,4070,718614085941,718614085942,40.694104308
poll,4070,718614090950,718614090951,40.694603175
poll,4070,718614095962,718614095963,40.695102041
poll,4070,718614100980,718614100981,40.695600907
poll,4070,718614105996,718614105996,40.696099773
poll,4070,718614111013,718614111013,40.696598639
poll,4070,718614116029,718614116030,40.697097506
poll,4070,718614121032,718614121033,40.697596372
poll,4070,718614126050,718614126051,40.698095238
poll,4070,718614131068,718614131069,40.698616780
poll,4070,718614136070,718614136070,40.699115646
poll,4080,718615051166,718615051168,40.790589569
poll,4080,718615056183,718615056184,40.791088435
poll,4080,718615061192,718615061192,40.791609977
poll,4080,718615066200,718615066200,40.792108844
poll,4080,718615071203,718615071203,40.792607710
poll,4080,718615076215,718615076215,40.793106576
poll,4080,718615081231,718615081231,40.793605442
poll,4080,718615086247,718615086248,40.794104308
poll,4080,718615091253,718615091254,40.794603175
poll,4080,718615096267,718615096267,40.795102041
poll,4080,718615101281,718615101281,40.795600907
poll,4080,718615106289,718615106290,40.796099773
poll,4080,718615111305,718615111306,40.796621315
poll,4080,718615116315,718615116316,40.797120181
poll,4080,718615121328,718615121328,40.797619048
poll,4080,718615126339,718615126340,40.798117914
poll,4080,718615131355,718615131356,40.798616780
poll,4080,718615136372,718615136372,40.799115646
poll,4090,718616050475,718616050476,40.890544218
poll,4090,718616055483,718616055484,40.891043084
poll,4090,718616060502,718616060502,40.891564626
poll,4090,718616065508,718616065509,40.892063492
poll,4090,718616070520,718616070521,40.892562358
poll,4090,718616075528,718616075529,40.893061224
poll,4090,718616080531,718616080531,40.893560091
poll,4090,718616085545,718616085545,40.894058957
poll,4090,718616090548,718616090548,40.894557823
poll,4090,718616095554,718616095554,40.895056689
poll,4090,718616100565,718616100566,40.895555556
poll,4090,718616105571,718616105572,40.896054422
poll,4090,718616110584,718616110585,40.896553288
poll,4090,718616115596,718616115597,40.897074830
poll,4090,718616120610,718616120611,40.897573696
poll,4090,718616125617,718616125617,40.898072562
poll,4090,718616130632,718616130633,40.898571429
poll,4090,718616135645,718616135646,40.899070295
poll,4100,718617051020,718617051031,40.990589569
poll,4100,718617056150,718617056151,40.991111111
poll,4100,718617061163,718617061163,40.991609977
poll,4100,718617066166,718617066166,40.992108844
poll,4100,718617071184,718617071185,40.992607710
poll,4100,718617076191,718617076192,40.993106576
poll,4100,718617081207,718617081208,40.993628118
poll,4100,718617086211,718617086212,40.994126984
poll,4100,718617091221,718617091221,40.994625850
poll,4100,718617096235,718617096235,40.995124717
poll,4100,718617101254,718617101255,40.995623583
poll,4100,718617106268,718617106268,40.996122449
poll,4100,718617111282,718617111282,40.996621315
poll,4100,718617116297,718617116298,40.997120181
poll,4100,718617121310,718617121310,40.997619048
poll,4100,718617126317,718617126318,40.998140590
poll,4100,718617131322,718617131323,40.998639456
poll,4100,718617136332,718617136332,40.999138322
poll,4110,718618050402,718618050403,41.090544218
poll,4110,718618055407,718618055408,41.091043084
poll,4110,718618060410,718618060411,41.091541950
poll,4110,718618065425,718618065426,41.092040816
poll,4110,718618070443,718618070444,41.092562358
poll,4110,718618075450,718618075451,41.093061224
poll,4110,718618080462,718618080462,41.093560091
poll,4110,718618085467,718618085471,41.094058957
poll,4110,718618090487,718618090488,41.094557823
poll,4110,718618095503,718618095504,41.095056689
poll,4110,718618100530,718618100531,41.095555556
poll,4110,718618105542,718618105543,41.096054422
poll,4110,718618110549,718618110550,41.096553288
poll,4110,718618115562,718618115563,41.097074830
poll,4110,718618120569,718618120569,41.097573696
poll,4110,718618125587,718618125587,41.098072562
poll,4110,718618130604,718618130605,41.098571429
poll,4110,718618135616,718618135616,41.099070295
poll,4120,718619050480,718619050481,41.190544218
poll,4120,718619055498,718619055499,41.191065760
poll,4120,718619060511,718619060511,41.191564626
poll,4120,718619065521,718619065521,41.192063492
poll,4120,718619070533,718619070533,41.192562358
poll,4120,718619075541,718619075542,41.193061224
poll,4120,718619080554,718619080555,41.193560091
poll,4120,718619085559,718619085561,41.194058957
poll,4120,718619090566,718619090568,41.194557823
poll,4120,718619095576,718619095577,41.195056689
poll,4120,718619100591,718619100591,41.195555556
poll,4120,718619105598,718619105598,41.196054422
poll,4120,718619110612,718619110613,41.196575964
poll,4120,718619115620,718619115621,41.197074830
poll,4120,718619120633,718619120633,41.197573696
poll,4120,718619125641,718619125642,41.198072562
poll,4120,718619130656,718619130657,41.198571429
poll,4120,718619135671,718619135672,41.199070295
poll,4130,718620050763,718620050764,41.290589569
poll,4130,718620055780,718620055781,41.291088435
poll,4130,718620060793,718620060794,41.291587302
poll,4130,718620065804,718620065805,41.292086168
poll,4130,718620070818,718620070818,41.292585034
poll,4130,718620075830,718620075830,41.293083900
poll,4130,718620080844,718620080845,41.293582766
poll,4130,718620085849,718620085849,41.294081633
poll,4130,718620090864,718620090865,41.294603175
poll,4130,718620095874,718620095875,41.295102041
poll,4130,718620100885,718620100886,41.295600907
poll,4130,718620105893,718620105894,41.296099773
poll,4130,718620110907,718620110908,41.296598639
poll,4130,718620115921,718620115922,41.297097506
poll,4130,718620120935,718620120935,41.297596372
poll,4130,718620125948,718620125949,41.298095238
poll,4130,718620130967,718620130967,41.298594104
poll,4130,718620135985,718620135985,41.299115646
poll,4140,718621050589,718621050590,41.390566893
poll,4140,718621055604,718621055605,41.391065760
poll,4140,718621060620,718621060624,41.391564626
poll,4140,718621065643,718621065644,41.392063492
poll,4140,718621070657,718621070658,41.392562358
poll,4140,718621075695,718621075696,41.393083900
poll,4140,718621080700,718621080700,41.393582766
poll,4140,718621085704,718621085705,41.394081633
poll,4140,718621090707,718621090707,41.394580499
poll,4140,718621095721,718621095721,41.395079365
poll,4140,718621100735,718621100736,41.395578231
poll,4140,718621105749,718621105750,41.396077098
poll,4140,718621110758,718621110759,41.396575964
poll,4140,718621115773,718621115774,41.397074830
poll,4140,718621120789,718621120790,41.397596372
poll,4140,718621125803,718621125804,41.398095238
poll,4140,718621130813,718621130813,41.398594104
poll,4140,718621135827,718621135827,41.399092971
poll,4150,718622050532,718622050533,41.490544218
poll,4150,718622055544,718622055545,41.491065760
poll,4150,718622060553,718622060554,41.491564626
poll,4150,718622065556,718622065567,41.492063492
poll,4150,718622070589,718622070590,41.492562358
poll,4150,718622075599,718622075600,41.493061224
poll,4150,718622080615,718622080616,41.493560091
poll,4150,718622085619,718622085620,41.494058957
poll,4150,718622090626,718622090627,41.494557823
poll,4150,718622095643,718622095644,41.495056689
poll,4150,718622100649,718622100650,41.495578231
poll,4150,718622105662,718622105663,41.496077098
poll,4150,718622110679,718622110680,41.496575964
poll,4150,718622115693,718622115693,41.497074830
poll,4150,718622120710,718622120711,41.497573696
poll,4150,718622125717,718622125717,41.498072562
poll,4150,718622130725,718622130725,41.498571429
poll,4150,718622135737,718622135737,41.499070295
poll,4160,718623050714,718623050715,41.590566893
poll,4160,718623055727,718623055728,41.591065760
poll,4160,718623060740,718623060741,41.591564626
poll,4160,718623065776,718623065795,41.592063492
poll,4160,718623070810,718623070811,41.592562358
poll,4160,718623075813,718623075813,41.593061224
poll,4160,718623080825,718623080826,41.593582766
poll,4160,718623085843,718623085844,41.594081633
poll,4160,718623090859,718623090859,41.594580499
poll,4160,718623095867,718623095868,41.595079365
poll,4160,718623100875,718623100886,41.595578231
poll,4160,718623105903,718623105903,41.596077098
poll,4160,718623110917,718623110918,41.596575964
poll,4160,718623115931,718623115931,41.597074830
poll,4160,718623120944,718623120944,41.597596372
poll,4160,718623125955,718623125956,41.598095238
poll,4160,718623130958,718623130959,41.598594104
poll,4160,718623135967,718623135967,41.599092971
poll,4170,718624050387,718624050388,41.690566893
poll,4170,718624055397,718624055397,41.691065760
poll,4170,718624060411,718624060411,41.691564626
poll,4170,718624065422,718624065422,41.692063492
poll,4170,718624070435,718624070435,41.692562358
poll,4170,718624075440,718624075441,41.693061224
poll,4170,718624080452,718624080452,41.693560091
poll,4170,718624085458,718624085458,41.694081633
poll,4170,718624090473,718624090473,41.694580499
poll,4170,718624095483,718624095484,41.695079365
poll,4170,718624100493,718624100494,41.695578231
poll,4170,718624105508,718624105509,41.696077098
poll,4170,718624110517,718624110518,41.696575964
poll,4170,718624115519,718624115520,41.697074830
poll,4170,718624120526,718624120527,41.697573696
poll,4170,718624125537,718624125538,41.698072562
poll,4170,718624130553,718624130553,41.698571429
poll,4170,718624135565,718624135566,41.699070295
poll,4180,718625050502,718625050503,41.790566893
poll,4180,718625055512,718625055513,41.791065760
poll,4180,718625060523,718625060524,41.791564626
poll,4180,718625065526,718625065538,41.792063492
poll,4180,718625070557,718625070557,41.792562358
poll,4180,718625075568,718625075568,41.793061224
poll,4180,718625080578,718625080578,41.793560091
poll,4180,718625085588,718625085589,41.794058957
poll,4180,718625090604,718625090605,41.794557823
poll,4180,718625095616,718625095616,41.795079365
poll,4180,718625100619,718625100620,41.795578231
poll,4180,718625105624,718625105624,41.796077098
poll,4180,718625110636,718625110637,41.796575964
poll,4180,718625115643,718625115644,41.797074830
poll,4180,718625120651,718625120651,41.797573696
poll,4180,718625125660,718625125661,41.798072562
poll,4180,718625130671,718625130672,41.798571429
poll,4180,718625135685,718625135686,41.799070295
poll,4190,718626050437,718626050439,41.890544218
poll,4190,718626055453,718626055453,41.891043084
poll,4190,718626060463,718626060464,41.891541950
poll,4190,718626065477,718626065478,41.892040816
poll,4190,718626070484,718626070485,41.892562358
poll,4190,718626075499,718626075499,41.893061224
poll,4190,718626080515,718626080515,41.893560091
poll,4190,718626085532,718626085533,41.894058957
poll,4190,718626090542,718626090542,41.894557823
poll,4190,718626095553,718626095554,41.895056689
poll,4190,718626100565,718626100565,41.895555556
poll,4190,718626105575,718626105575,41.896054422
poll,4190,718626110582,718626110583,41.896553288
poll,4190,718626115595,718626115596,41.897052154
poll,4190,718626120609,718626120610,41.897573696
poll,4190,718626125623,718626125624,41.898072562
poll,4190,718626130635,718626130635,41.898571429
poll,4190,718626135645,718626135649,41.899070295
poll,4200,718627050607,718627050608,41.990566893
poll,4200,718627055614,718627055615,41.991065760
poll,4200,718627060630,718627060630,41.991564626
poll,4200,718627065639,718627065640,41.992063492
poll,4200,718627070652,718627070653,41.992562358
poll,4200,718627075660,718627075661,41.993061224
poll,4200,718627080663,718627080663,41.993560091
poll,4200,718627085676,718627085677,41.994081633
poll,4200,718627090692,718627090693,41.994580499
poll,4200,718627095708,718627095713,41.995079365
poll,4200,718627100728,718627100729,41.995578231
poll,4200,718627105734,718627105735,41.996077098
poll,4200,718627110745,718627110745,41.996575964
poll,4200,718627115762,718627115763,41.997074830
poll,4200,718627120768,718627120769,41.997573696
poll,4200,718627125781,718627125781,41.998072562
poll,4200,718627130791,718627130792,41.998594104
poll,4200,718627135795,718627135796,41.999092971
poll,4210,718628050450,718628050451,42.090544218
poll,4210,718628055465,718628055466,42.091043084
poll,4210,718628060469,718628060470,42.091541950
poll,4210,718628065482,718628065483,42.092040816
poll,4210,718628070496,718628070497,42.092562358
poll,4210,718628075513,718628075514,42.093061224
poll,4210,718628080529,718628080529,42.093560091
poll,4210,718628085531,718628085531,42.094058957
poll,4210,718628090546,718628090547,42.094557823
poll,4210,718628095554,718628095555,42.095056689
poll,4210,718628100562,718628100562,42.095555556
poll,4210,718628105574,718628105575,42.096054422
poll,4210,718628110582,718628110583,42.096553288
poll,4210,718628115596,718628115597,42.097052154
poll,4210,718628120609,718628120610,42.097573696
poll,4210,718628125612,718628125612,42.098072562
poll,4210,718628130627,718628130628,42.098571429
poll,4210,718628135636,718628135637,42.099070295
poll,4220,718629050594,718629050595,42.190544218
poll,4220,718629055602,718629055603,42.191043084
poll,4220,718629060615,718629060616,42.191541950
poll,4220,718629065626,718629065626,42.192063492
poll,4220,718629070640,718629070640,42.192562358
poll,4220,718629075652,718629075653,42.193061224
poll,4220,718629080666,718629080666,42.193560091
poll,4220,718629085682,718629085682,42.194058957
poll,4220,718629090713,718629090715,42.194557823
poll,4220,718629095726,718629095727,42.195056689
poll,4220,718629100728,718629100729,42.195555556
poll,4220,718629105742,718629105742,42.196054422
poll,4220,718629110755,718629110756,42.196575964
poll,4220,718629115763,718629115763,42.197074830
poll,4220,718629120774,718629120775,42.197573696
poll,4220,718629125786,718629125787,42.198072562
poll,4220,718629130799,718629130799,42.198571429
poll,4220,718629135804,718629135805,42.199070295
poll,4230,718630050663,718630050664,42.290566893
poll,4230,718630055681,718630055681,42.291065760
poll,4230,718630060700,718630060700,42.291564626
poll,4230,718630065718,718630065719,42.292063492
poll,4230,718630070725,718630070726,42.292562358
poll,4230,718630075737,718630075738,42.293083900
poll,4230,718630080746,718630080746,42.293582766
poll,4230,718630085759,718630085760,42.294081633
poll,4230,718630091147,718630091152,42.294625850
poll,4230,718630096167,718630096167,42.295124717
poll,4230,718630101180,718630101180,42.295623583
poll,4230,718630106196,718630106196,42.296122449
poll,4230,718630111199,718630111199,42.296621315
poll,4230,718630116211,718630116212,42.297120181
poll,4230,718630121213,718630121214,42.297619048
poll,4230,718630126222,718630126223,42.298117914
poll,4230,718630131235,718630131235,42.298616780
poll,4230,718630136239,718630136240,42.299115646
poll,4240,718631050493,718631050494,42.390544218
poll,4240,718631055511,718631055512,42.391043084
poll,4240,718631060527,718631060527,42.391541950
poll,4240,718631065539,718631065540,42.392063492
poll,4240,718631070546,718631070546,42.392562358
poll,4240,718631075561,718631075562,42.393061224
poll,4240,718631080574,718631080575,42.393560091
poll,4240,718631085587,718631085588,42.394058957
poll,4240,718631090596,718631090597,42.394557823
poll,4240,718631095611,718631095611,42.395056689
poll,4240,718631100628,718631100628,42.395555556
poll,4240,718631105639,718631105640,42.396054422
poll,4240,718631110646,718631110646,42.396575964
poll,4240,718631115658,718631115659,42.397074830
poll,4240,718631120670,718631120671,42.397573696
poll,4240,718631125682,718631125683,42.398072562
poll,4240,718631130692,718631130693,42.398571429
poll,4240,718631135708,718631135708,42.399070295
poll,4250,718632050942,718632050943,42.490589569
poll,4250,718632055960,718632055961,42.491088435
poll,4250,718632060971,718632060971,42.491587302
poll,4250,718632065988,718632065988,42.492086168
poll,4250,718632071002,718632071003,42.492585034
poll,4250,718632076019,718632076020,42.493083900
poll,4250,718632081026,718632081026,42.493582766
poll,4250,718632086029,718632086030,42.494081633
poll,4250,718632091031,718632091032,42.494603175
poll,4250,718632096047,718632096048,42.495102041
poll,4250,718632101057,718632101058,42.495600907
poll,4250,718632106071,718632106072,42.496099773
poll,4250,718632111079,718632111080,42.496598639
poll,4250,718632116093,718632116093,42.497097506
poll,4250,718632121101,718632121102,42.497596372
poll,4250,718632126120,718632126120,42.498095238
poll,4250,718632131122,718632131122,42.498594104
poll,4250,718632136135,718632136136,42.499092971
poll,4260,718633050720,718633050721,42.590566893
poll,4260,718633055733,718633055734,42.591065760
poll,4260,718633060735,718633060736,42.591564626
poll,4260,718633065739,718633065740,42.592063492
poll,4260,718633070755,718633070756,42.592562358
poll,4260,718633075757,718633075758,42.593061224
poll,4260,718633080759,718633080759,42.593560091
poll,4260,718633085772,718633085773,42.594081633
poll,4260,718633090784,718633090784,42.594580499
poll,4260,718633095798,718633095802,42.595079365
poll,4260,718633100822,718633100822,42.595578231
poll,4260,718633105835,718633105836,42.596077098
poll,4260,718633110851,718633110851,42.596575964
poll,4260,718633115859,718633115860,42.597074830
poll,4260,718633120861,718633120862,42.597573696
poll,4260,718633125877,718633125878,42.598072562
poll,4260,718633130895,718633130896,42.598594104
poll,4260,718633135912,718633135912,42.599092971
poll,4270,718634050856,718634050857,42.690566893
poll,4270,718634055869,718634055870,42.691065760
poll,4270,718634060881,718634060882,42.691564626
poll,4270,718634065888,718634065889,42.692063492
poll,4270,718634070902,718634070903,42.692585034
poll,4270,718634075913,718634075913,42.693083900
poll,4270,718634080925,718634080925,42.693582766
poll,4270,718634085933,718634085933,42.694081633
poll,4270,718634090935,718634090936,42.694580499
poll,4270,718634095942,718634095943,42.695079365
poll,4270,718634100959,718634100959,42.695578231
poll,4270,718634105973,718634105973,42.696077098
poll,4270,718634110991,718634110992,42.696575964
poll,4270,718634115999,718634115999,42.697074830
poll,4270,718634121014,718634121015,42.697573696
poll,4270,718634126032,718634126032,42.698095238
poll,4270,718634131049,718634131049,42.698594104
poll,4270,718634136064,718634136065,42.699092971
poll,4280,718635050866,718635050877,42.790589569
poll,4280,718635056017,718635056018,42.791088435
poll,4280,718635061028,718635061028,42.791587302
poll,4280,718635066040,718635066041,42.792086168
poll,4280,718635071059,718635071059,42.792607710
poll,4280,718635076061,718635076062,42.793106576
poll,4280,718635081073,718635081074,42.793605442
poll,4280,718635086077,718635086077,42.794104308
poll,4280,718635091091,718635091092,42.794603175
poll,4280,718635096105,718635096105,42.795102041
poll,4280,718635101114,718635101114,42.795600907
poll,4280,718635106124,718635106125,42.796099773
poll,4280,718635111137,718635111138,42.796598639
poll,4280,718635116147,718635116148,42.797097506
poll,4280,718635121160,718635121160,42.797596372
poll,4280,718635126170,718635126171,42.798117914
poll,4280,718635131179,718635131180,42.798616780
poll,4280,718635136194,718635136194,42.799115646
poll,4290,718636051148,718636051149,42.890589569
poll,4290,718636056160,718636056161,42.891088435
poll,4290,718636061172,718636061173,42.891587302
poll,4290,718636066175,718636066176,42.892086168
poll,4290,718636071186,718636071186,42.892607710
poll,4290,718636076197,718636076197,42.893106576
poll,4290,718636081207,718636081208,42.893605442
poll,4290,718636086222,718636086223,42.894104308
poll,4290,718636091239,718636091240,42.894603175
poll,4290,718636096251,718636096251,42.895102041
poll,4290,718636101266,718636101270,42.895600907
poll,4290,718636106282,718636106283,42.896099773
poll,4290,718636111300,718636111301,42.896598639
poll,4290,718636116302,718636116303,42.897097506
poll,4290,718636121320,718636121321,42.897619048
poll,4290,718636126335,718636126335,42.898117914
poll,4290,718636131353,718636131353,42.898616780
poll,4290,718636136367,718636136368,42.899115646
poll,4300,718637050984,718637050986,42.990589569
poll,4300,718637056011,718637056012,42.991088435
poll,4300,718637061020,718637061020,42.991587302
poll,4300,718637066038,718637066048,42.992086168
poll,4300,718637071057,718637071058,42.992607710
poll,4300,718637076072,718637076072,42.993106576
poll,4300,718637081074,718637081075,42.993605442
poll,4300,718637086092,718637086092,42.994104308
poll,4300,718637091110,718637091110,42.994603175
poll,4300,718637096125,718637096126,42.995102041
poll,4300,718637101156,718637101157,42.995600907
poll,4300,718637106173,718637106173,42.996099773
poll,4300,718637111189,718637111189,42.996621315
poll,4300,718637116205,718637116205,42.997120181
poll,4300,718637121223,718637121224,42.997619048
poll,4300,718637126240,718637126241,42.998117914
poll,4300,718637131256,718637131256,42.998616780
poll,4300,718637136266,718637136267,42.999115646
poll,4310,718638050688,718638050688,43.090566893
poll,4310,718638055707,718638055708,43.091065760
poll,4310,718638060721,718638060722,43.091564626
poll,4310,718638065732,718638065743,43.092063492
poll,4310,718638070762,718638070763,43.092562358
poll,4310,718638075781,718638075783,43.093061224
poll,4310,718638080800,718638080800,43.093560091
poll,4310,718638085801,718638085802,43.094058957
poll,4310,718638090817,718638090817,43.094557823
poll,4310,718638095832,718638095833,43.095079365
poll,4310,718638100851,718638100851,43.095578231
poll,4310,718638105866,718638105867,43.096077098
poll,4310,718638110879,718638110879,43.096575964
poll,4310,718638115896,718638115896,43.097074830
poll,4310,718638120899,718638120900,43.097573696
poll,4310,718638125902,718638125903,43.098072562
poll,4310,718638130917,718638130918,43.098571429
poll,4310,718638135931,718638135931,43.099070295
poll,4320,718639050639,718639050640,43.190544218
poll,4320,718639055647,718639055647,43.191065760
poll,4320,718639060978,718639060979,43.191587302
poll,4320,718639065986,718639065990,43.192086168
poll,4320,718639071010,718639071011,43.192585034
poll,4320,718639076026,718639076027,43.193083900
poll,4320,718639081039,718639081040,43.193605442
poll,4320,718639086042,718639086043,43.194104308
poll,4320,718639091054,718639091056,43.194603175
poll,4320,718639096064,718639096066,43.195102041
poll,4320,718639101070,718639101071,43.195600907
poll,4320,718639106081,718639106081,43.196099773
poll,4320,718639111087,718639111088,43.196598639
poll,4320,718639116099,718639116099,43.197097506
poll,4320,718639121108,718639121108,43.197596372
poll,4320,718639126110,718639126110,43.198095238
poll,4320,718639131114,718639131114,43.198594104
poll,4320,718639136120,718639136121,43.199092971
poll,4330,718640050831,718640050832,43.290566893
poll,4330,718640055834,718640055835,43.291065760
poll,4330,718640060847,718640060847,43.291564626
poll,4330,718640065854,718640065855,43.292063492
poll,4330,718640070870,718640070870,43.292562358
poll,4330,718640075882,718640075883,43.293061224
poll,4330,718640080895,718640080895,43.293582766
poll,4330,718640085906,718640085907,43.294081633
poll,4330,718640090916,718640090917,43.294580499
poll,4330,718640095925,718640095926,43.295079365
poll,4330,718640100939,718640100939,43.295578231
poll,4330,718640105947,718640105947,43.296077098
poll,4330,718640110960,718640110960,43.296575964
poll,4330,718640115967,718640115968,43.297074830
poll,4330,718640120981,718640120982,43.297573696
poll,4330,718640125997,718640125998,43.298072562
poll,4330,718640131016,718640131017,43.298594104
poll,4330,718640136018,718640136018,43.299092971
poll,4340,718641051055,718641051056,43.390566893
poll,4340,718641056072,718641056072,43.391065760
poll,4340,718641061083,718641061083,43.391587302
poll,4340,718641066094,718641066105,43.392086168
poll,4340,718641071126,718641071126,43.392585034
poll,4340,718641076137,718641076137,43.393083900
poll,4340,718641081149,718641081150,43.393582766
poll,4340,718641086162,718641086163,43.394081633
poll,4340,718641091181,718641091181,43.394580499
poll,4340,718641096192,718641096193,43.395079365
poll,4340,718641101194,718641101195,43.395578231
poll,4340,718641106205,718641106206,43.396099773
poll,4340,718641111207,718641111208,43.396598639
poll,4340,718641116226,718641116227,43.397097506
poll,4340,718641121239,718641121239,43.397596372
poll,4340,718641126252,718641126253,43.398095238
poll,4340,718641131269,718641131269,43.398594104
poll,4340,718641136281,718641136285,43.399092971
poll,4350,718642051181,718642051183,43.490589569
poll,4350,718642056205,718642056206,43.491088435
poll,4350,718642061213,718642061214,43.491587302
poll,4350,718642066226,718642066237,43.492108844
poll,4350,718642071254,718642071259,43.492607710
poll,4350,718642076282,718642076283,43.493106576
poll,4350,718642081290,718642081291,43.493605442
poll,4350,718642086293,718642086293,43.494104308
poll,4350,718642091305,718642091306,43.494603175
poll,4350,718642096323,718642096324,43.495102041
poll,4350,718642101334,718642101334,43.495600907
poll,4350,718642106341,718642106342,43.496122449
poll,4350,718642111354,718642111355,43.496621315
poll,4350,718642116362,718642116363,43.497120181
poll,4350,718642121380,718642121380,43.497619048
poll,4350,718642126396,718642126396,43.498117914
poll,4350,718642131404,718642131405,43.498616780
poll,4350,718642136412,718642136413,43.499115646
poll,4360,718643050830,718643050831,43.590566893
poll,4360,718643055835,718643055835,43.591065760
poll,4360,718643060850,718643060850,43.591564626
poll,4360,718643065862,718643065863,43.592063492
poll,4360,718643070878,718643070879,43.592562358
poll,4360,718643075889,718643075889,43.593083900
poll,4360,718643080896,718643080897,43.593582766
poll,4360,718643085904,718643085905,43.594081633
poll,4360,718643090909,718643090909,43.594580499
poll,4360,718643095927,718643095927,43.595079365
poll,4360,718643100942,718643100943,43.595578231
poll,4360,718643105951,718643105951,43.596077098
poll,4360,718643110965,718643110966,43.596575964
poll,4360,718643115976,718643115976,43.597074830
poll,4360,718643120977,718643120978,43.597573696
poll,4360,718643125979,718643125980,43.598072562
poll,4360,718643130998,718643130998,43.598594104
poll,4360,718643136007,718643136008,43.599092971
poll,4370,718644050614,718644050615,43.690544218
poll,4370,718644055622,718644055622,43.691043084
poll,4370,718644060629,718644060629,43.691541950
poll,4370,718644065641,718644065642,43.692040816
poll,4370,718644070654,718644070654,43.692562358
poll,4370,718644075662,718644075663,43.693061224
poll,4370,718644080675,718644080676,43.693560091
poll,4370,718644085692,718644085692,43.694058957
poll,4370,718644090695,718644090696,43.694557823
poll,4370,718644095702,718644095702,43.695056689
poll,4370,718644100707,718644100711,43.695555556
poll,4370,718644105725,718644105725,43.696054422
poll,4370,718644110735,718644110736,43.696553288
poll,4370,718644115744,718644115745,43.697052154
poll,4370,718644120754,718644120755,43.697573696
poll,4370,718644125771,718644125771,43.698072562
poll,4370,718644130787,718644130788,43.698571429
poll,4370,718644135806,718644135807,43.699070295
poll,4380,718645050619,718645050620,43.790544218
poll,4380,718645055638,718645055639,43.791043084
poll,4380,718645060647,718645060651,43.791541950
poll,4380,718645065669,718645065669,43.792063492
poll,4380,718645070687,718645070687,43.792562358
poll,4380,718645075705,718645075705,43.793061224
poll,4380,718645080718,718645080718,43.793560091
poll,4380,718645085721,718645085722,43.794058957
poll,4380,718645090723,718645090724,43.794557823
poll,4380,718645095742,718645095742,43.795056689
poll,4380,718645100750,718645100751,43.795555556
poll,4380,718645105763,718645105763,43.796054422
poll,4380,718645110801,718645110802,43.796575964
poll,4380,718645115814,718645115815,43.797074830
poll,4380,718645120823,718645120823,43.797573696
poll,4380,718645125827,718645125828,43.798072562
poll,4380,718645130843,718645130844,43.798571429
poll,4380,718645135859,718645135860,43.799070295
poll,4390,718646051741,718646051752,43.890634921
poll,4390,718646056776,718646056777,43.891133787
poll,4390,718646061791,718646061792,43.891632653
poll,4390,718646066806,718646066807,43.892154195
poll,4390,718646071815,718646071815,43.892653061
poll,4390,718646076824,718646076825,43.893151927
poll,4390,718646081833,718646081834,43.893650794
poll,4390,718646086838,718646086839,43.894149660
poll,4390,718646091849,718646091850,43.894648526
poll,4390,718646096852,718646096852,43.895147392
poll,4390,718646101863,718646101863,43.895646259
poll,4390,718646106870,718646106871,43.896145125
poll,4390,718646111884,718646111885,43.896643991
poll,4390,718646116900,718646116900,43.897142857
poll,4390,718646121917,718646121917,43.897664399
poll,4390,718646126935,718646126935,43.898163265
poll,4390,718646131937,718646131938,43.898662132
poll,4390,718646136940,718646136941,43.899160998
poll,4400,718647051863,718647051874,43.990657596
poll,4400,718647056898,718647056898,43.991156463
poll,4400,718647061910,718647061910,43.991655329
poll,4400,718647066922,718647066922,43.992154195
poll,4400,718647071936,718647071947,43.992653061
poll,4400,718647076964,718647076965,43.993151927
poll,4400,718647081976,718647081976,43.993673469
poll,4400,718647086992,718647086992,43.994172336
poll,4400,718647092001,718647092002,43.994671202
poll,4400,718647097010,718647097011,43.995170068
poll,4400,718647102019,718647102020,43.995668934
poll,4400,718647107031,718647107032,43.996167800
poll,4400,718647112043,718647112043,43.996666667
poll,4400,718647117054,718647117055,43.997165533
poll,4400,718647122072,718647122072,43.997664399
poll,4400,718647127075,718647127076,43.998163265
poll,4400,718647132087,718647132087,43.998684807
poll,4400,718647137092,718647137093,43.999183673
poll,4410,718648050729,718648050741,44.090566893
poll,4410,718648055765,718648055766,44.091065760
poll,4410,718648060777,718648060778,44.091564626
poll,4410,718648065789,718648065789,44.092063492
poll,4410,718648070792,718648070793,44.092562358
poll,4410,718648075805,718648075805,44.093061224
poll,4410,718648080818,718648080819,44.093582766
poll,4410,718648085823,718648085823,44.094081633
poll,4410,718648090839,718648090840,44.094580499
poll,4410,718648095856,718648095857,44.095079365
poll,4410,718648100866,718648100866,44.095578231
poll,4410,718648105883,718648105885,44.096077098
poll,4410,718648110901,718648110902,44.096575964
poll,4410,718648115916,718648115916,44.097074830
poll,4410,718648120930,718648120930,44.097573696
poll,4410,718648125942,718648125944,44.098095238
poll,4410,718648130956,718648130957,44.098594104
poll,4410,718648135971,718648135972,44.099092971
poll,4420,718649050804,718649050805,44.190566893
poll,4420,718649055814,718649055814,44.191065760
poll,4420,718649060828,718649060829,44.191564626
poll,4420,718649065840,718649065860,44.192063492
poll,4420,718649070876,718649070877,44.192562358
poll,4420,718649075888,718649075888,44.193061224
poll,4420,718649080899,718649080900,44.193560091
poll,4420,718649085910,718649085912,44.194058957
poll,4420,718649090913,718649090915,44.194557823
poll,4420,718649095916,718649095917,44.195079365
poll,4420,718649100928,718649100928,44.195578231
poll,4420,718649105943,718649105944,44.196077098
poll,4420,718649110959,718649110960,44.196575964
poll,4420,718649115973,718649115974,44.197074830
poll,4420,718649120976,718649120977,44.197573696
poll,4420,718649125978,718649125978,44.198072562
poll,4420,718649130994,718649130995,44.198571429
poll,4420,718649136012,718649136013,44.199070295
poll,4430,718650050944,718650050945,44.290566893
poll,4430,718650055949,718650055950,44.291065760
poll,4430,718650060960,718650060961,44.291564626
poll,4430,718650065967,718650065967,44.292063492
poll,4430,718650070979,718650070979,44.292585034
poll,4430,718650075993,718650075994,44.293083900
poll,4430,718650081009,718650081010,44.293582766
poll,4430,718650086027,718650086028,44.294081633
poll,4430,718650091037,718650091038,44.294580499
poll,4430,718650096052,718650096053,44.295079365
poll,4430,718650101054,718650101055,44.295578231
poll,4430,718650106070,718650106070,44.296077098
poll,4430,718650111086,718650111087,44.296575964
poll,4430,718650116098,718650116099,44.297097506
poll,4430,718650121101,718650121102,44.297596372
poll,4430,718650126108,718650126109,44.298095238
poll,4430,718650131112,718650131113,44.298594104
poll,4430,718650136119,718650136120,44.299092971
poll,4440,718651050852,718651050863,44.390566893
poll,4440,718651055883,718651055884,44.391065760
poll,4440,718651060901,718651060901,44.391564626
poll,4440,718651065918,718651065919,44.392063492
poll,4440,718651070935,718651070935,44.392562358
poll,4440,718651075952,718651075953,44.393061224
poll,4440,718651080954,718651080955,44.393560091
poll,4440,718651085964,718651085968,44.394058957
poll,4440,718651090980,718651090980,44.394580499
poll,4440,718651095990,718651095991,44.395079365
poll,4440,718651101001,718651101002,44.395578231
poll,4440,718651106015,718651106015,44.396077098
poll,4440,718651111017,718651111017,44.396575964
poll,4440,718651116033,718651116034,44.397074830
poll,4440,718651121051,718651121052,44.397573696
poll,4440,718651126068,718651126068,44.398072562
poll,4440,718651131083,718651131083,44.398571429
poll,4440,718651136098,718651136098,44.399092971
poll,4450,718652051754,718652051770,44.490634921
poll,4450,718652056795,718652056796,44.491133787
poll,4450,718652061797,718652061798,44.491632653
poll,4450,718652066800,718652066800,44.492131519
poll,4450,718652071814,718652071833,44.492630385
poll,4450,718652076846,718652076847,44.493129252
poll,4450,718652081852,718652081853,44.493628118
poll,4450,718652086860,718652086861,44.494149660
poll,4450,718652091876,718652091876,44.494648526
poll,4450,718652096890,718652096891,44.495147392
poll,4450,718652101909,718652101909,44.495646259
poll,4450,718652106911,718652106923,44.496145125
poll,4450,718652111949,718652111949,44.496643991
poll,4450,718652116967,718652116968,44.497142857
poll,4450,718652121978,718652121978,44.497641723
poll,4450,718652126992,718652126992,44.498163265
poll,4450,718652132008,718652132009,44.498662132
poll,4450,718652137025,718652137026,44.499160998
poll,4460,718653052389,718653052402,44.590680272
poll,4460,718653057414,718653057415,44.591179138
poll,4460,718653062430,718653062431,44.591678005
poll,4460,718653067445,718653067445,44.592199546
poll,4460,718653072458,718653072459,44.592698413
poll,4460,718653077469,718653077469,44.593197279
poll,4460,718653082484,718653082485,44.593696145
poll,4460,718653087501,718653087501,44.594195011
poll,4460,718653092504,718653092504,44.594693878
poll,4460,718653097516,718653097517,44.595192744
poll,4460,718653102532,718653102533,44.595691610
poll,4460,718653107543,718653107544,44.596190476
poll,4460,718653112560,718653112561,44.596689342
poll,4460,718653117576,718653117577,44.597210884
poll,4460,718653122590,718653122591,44.597709751
poll,4460,718653127636,718653127640,44.598208617
poll,4460,718653132657,718653132658,44.598707483
poll,4460,718653137670,718653137670,44.599206349
poll,4470,718654050601,718654050602,44.690544218
poll,4470,718654055612,718654055613,44.691065760
poll,4470,718654060630,718654060631,44.691564626
poll,4470,718654065645,718654065645,44.692063492
poll,4470,718654070660,718654070661,44.692562358
poll,4470,718654075662,718654075663,44.693061224
poll,4470,718654080664,718654080665,44.693560091
poll,4470,718654085676,718654085677,44.694058957
poll,4470,718654090695,718654090696,44.694557823
poll,4470,718654095698,718654095699,44.695056689
poll,4470,718654100713,718654100714,44.695555556
poll,4470,718654105723,718654105723,44.696054422
poll,4470,718654110732,718654110733,44.696575964
poll,4470,718654115745,718654115745,44.697074830
poll,4470,718654120751,718654120752,44.697573696
poll,4470,718654125766,718654125767,44.698072562
poll,4470,718654130780,718654130780,44.698571429
poll,4470,718654135796,718654135797,44.699070295
poll,4480,718655050768,718655050769,44.790544218
poll,4480,718655055775,718655055776,44.791043084
poll,4480,718655060792,718655060793,44.791541950
poll,4480,718655065803,718655065804,44.792063492
poll,4480,718655070817,718655070818,44.792562358
poll,4480,718655075825,718655075825,44.793061224
poll,4480,718655080839,718655080840,44.793560091
poll,4480,718655085848,718655085849,44.794058957
poll,4480,718655090860,718655090860,44.794557823
poll,4480,718655095867,718655095868,44.795056689
poll,4480,718655100880,718655100880,44.795555556
poll,4480,718655105887,718655105887,44.796054422
poll,4480,718655110898,718655110899,44.796553288
poll,4480,718655115905,718655115905,44.797052154
poll,4480,718655120919,718655120919,44.797573696
poll,4480,718655125922,718655125922,44.798072562
poll,4480,718655130925,718655130925,44.798571429
poll,4480,718655135938,718655135938,44.799070295
poll,4490,718656050902,718656050903,44.890566893
poll,4490,718656055920,718656055920,44.891065760
poll,4490,718656060928,718656060929,44.891564626
poll,4490,718656065941,718656065941,44.892063492
poll,4490,718656070948,718656070949,44.892562358
poll,4490,718656075961,718656075961,44.893061224
poll,4490,718656080971,718656080972,44.893582766
poll,4490,718656085981,718656085982,44.894081633
poll,4490,718656090995,718656090999,44.894580499
poll,4490,718656096021,718656096021,44.895079365
poll,4490,718656101031,718656101031,44.895578231
poll,4490,718656106039,718656106039,44.896077098
poll,4490,718656111051,718656111051,44.896575964
poll,4490,718656116065,718656116065,44.897074830
poll,4490,718656121076,718656121077,44.897573696
poll,4490,718656126084,718656126085,44.898095238
poll,4490,718656131103,718656131103,44.898594104
poll,4490,718656136117,718656136118,44.899092971
poll,4500,718657051948,718657051958,44.990634921
poll,4500,718657056973,718657056974,44.991133787
poll,4500,718657061988,718657061988,44.991632653
poll,4500,718657066999,718657067000,44.992131519
poll,4500,718657072013,718657072014,44.992653061
poll,4500,718657077021,718657077022,44.993151927
poll,4500,718657082035,718657082036,44.993650794
poll,4500,718657087047,718657087048,44.994149660
poll,4500,718657092059,718657092059,44.994648526
poll,4500,718657097076,718657097076,44.995147392
poll,4500,718657102088,718657102088,44.995646259
poll,4500,718657107096,718657107096,44.996145125
poll,4500,718657112110,718657112111,44.996643991
poll,4500,718657117120,718657117120,44.997142857
poll,4500,718657122133,718657122134,44.997664399
poll,4500,718657127145,718657127146,44.998163265
poll,4500,718657132158,718657132158,44.998662132
poll,4500,718657137173,718657137174,44.999160998
poll,4510,718658050818,718658050819,45.090544218
poll,4510,718658055822,718658055823,45.091043084
poll,4510,718658060840,718658060841,45.091564626
poll,4510,718658065850,718658065851,45.092063492
poll,4510,718658070864,718658070865,45.092562358
poll,4510,718658075875,718658075875,45.093061224
poll,4510,718658080889,718658080890,45.093560091
poll,4510,718658085903,718658085903,45.094058957
poll,4510,718658090917,718658090917,45.094557823
poll,4510,718658095923,718658095924,45.095056689
poll,4510,718658100938,718658100939,45.095555556
poll,4510,718658105947,718658105948,45.096054422
poll,4510,718658110961,718658110961,45.096575964
poll,4510,718658115969,718658115970,45.097074830
poll,4510,718658120984,718658120985,45.097573696
poll,4510,718658125995,718658125995,45.098072562
poll,4510,718658131010,718658131011,45.098571429
poll,4510,718658136024,718658136025,45.099070295
poll,4520,718659050861,718659050862,45.190566893
poll,4520,718659055867,718659055867,45.191065760
poll,4520,718659060879,718659060880,45.191564626
poll,4520,718659065893,718659065893,45.192063492
poll,4520,718659070899,718659070899,45.192562358
poll,4520,718659075912,718659075913,45.193061224
poll,4520,718659080922,718659080922,45.193560091
poll,4520,718659085934,718659085935,45.194081633
poll,4520,718659090953,718659090954,45.194580499
poll,4520,718659095962,718659095964,45.195079365
poll,4520,718659100978,718659100980,45.195578231
poll,4520,718659105995,718659105996,45.196077098
poll,4520,718659110999,718659111003,45.196575964
poll,4520,718659116020,718659116021,45.197074830
poll,4520,718659121035,718659121036,45.197573696
poll,4520,718659126049,718659126049,45.198095238
poll,4520,718659131061,718659131061,45.198594104
poll,4520,718659136072,718659136072,45.199092971
poll,4530,718660051368,718660051368,45.290566893
poll,4530,718660056381,718660056382,45.291065760
poll,4530,718660061392,718660061393,45.291564626
poll,4530,718660066408,718660066419,45.292086168
poll,4530,718660071430,718660071431,45.292585034
poll,4530,718660076440,718660076441,45.293083900
poll,4530,718660081455,718660081455,45.293582766
poll,4530,718660086468,718660086468,45.294081633
poll,4530,718660091476,718660091477,45.294580499
poll,4530,718660096487,718660096488,45.295079365
poll,4530,718660101496,718660101497,45.295578231
poll,4530,718660106505,718660106505,45.296077098
poll,4530,718660111522,718660111523,45.296598639
poll,4530,718660116527,718660116528,45.297097506
poll,4530,718660121544,718660121544,45.297596372
poll,4530,718660126549,718660126550,45.298095238
poll,4530,718660131555,718660131555,45.298594104
poll,4530,718660136558,718660136559,45.299092971
poll,4540,718661050822,718661050823,45.390544218
poll,4540,718661055834,718661055835,45.391043084
poll,4540,718661060848,718661060848,45.391541950
poll,4540,718661065856,718661065857,45.392063492
poll,4540,718661070870,718661070871,45.392562358
poll,4540,718661075880,718661075881,45.393061224
poll,4540,718661080895,718661080896,45.393560091
poll,4540,718661085909,718661085909,45.394058957
poll,4540,718661090925,718661090925,45.394557823
poll,4540,718661095940,718661095941,45.395056689
poll,4540,718661100959,718661100960,45.395555556
poll,4540,718661105975,718661105975,45.396054422
poll,4540,718661110979,718661110979,45.396575964
poll,4540,718661115992,718661115996,45.397074830
poll,4540,718661121018,718661121019,45.397573696
poll,4540,718661126028,718661126029,45.398072562
poll,4540,718661131045,718661131045,45.398571429
poll,4540,718661136059,718661136059,45.399070295
poll,4550,718662051047,718662051058,45.490566893
poll,4550,718662056084,718662056084,45.491065760
poll,4550,718662061101,718662061105,45.491564626
poll,4550,718662066736,718662066737,45.492131519
poll,4550,718662071750,718662071751,45.492630385
poll,4550,718662076753,718662076754,45.493129252
poll,4550,718662081771,718662081771,45.493628118
poll,4550,718662086788,718662086789,45.494126984
poll,4550,718662091803,718662091803,45.494625850
poll,4550,718662096813,718662096814,45.495124717
poll,4550,718662101819,718662101820,45.495623583
poll,4550,718662106836,718662106837,45.496145125
poll,4550,718662111841,718662111852,45.496643991
poll,4550,718662116862,718662116863,45.497142857
poll,4550,718662121881,718662121881,45.497641723
poll,4550,718662126889,718662126890,45.498140590
poll,4550,718662131907,718662131907,45.498639456
poll,4550,718662136923,718662136924,45.499138322
poll,4560,718663052365,718663052385,45.590680272
poll,4560,718663057561,718663057563,45.591179138
poll,4560,718663062566,718663062566,45.591700680
poll,4560,718663067568,718663067569,45.592199546
poll,4560,718663072582,718663072582,45.592698413
poll,4560,718663077583,718663077594,45.593197279
poll,4560,718663082614,718663082615,45.593696145
poll,4560,718663087627,718663087627,45.594195011
poll,4560,718663092630,718663092631,45.594693878
poll,4560,718663097634,718663097635,45.595192744
poll,4560,718663102639,718663102640,45.595691610
poll,4560,718663107653,718663107654,45.596190476
poll,4560,718663112661,718663112661,45.596689342
poll,4560,718663117674,718663117674,45.597210884
poll,4560,718663122684,718663122685,45.597709751
poll,4560,718663127701,718663127701,45.598208617
poll,4560,718663132718,718663132718,45.598707483
poll,4560,718663137726,718663137727,45.599206349
poll,4570,718664050739,718664050740,45.690544218
poll,4570,718664055745,718664055745,45.691043084
poll,4570,718664060747,718664060748,45.691541950
poll,4570,718664065757,718664065757,45.692040816
poll,4570,718664070772,718664070773,45.692562358
poll,4570,718664075781,718664075782,45.693061224
poll,4570,718664080795,718664080796,45.693560091
poll,4570,718664085812,718664085813,45.694058957
poll,4570,718664090822,718664090822,45.694557823
poll,4570,718664095834,718664095834,45.695056689
poll,4570,718664100850,718664100851,45.695555556
poll,4570,718664105856,718664105857,45.696054422
poll,4570,718664110870,718664110871,45.696553288
poll,4570,718664115874,718664115875,45.697052154
poll,4570,718664120884,718664120884,45.697573696
poll,4570,718664125900,718664125901,45.698072562
poll,4570,718664130913,718664130913,45.698571429
poll,4570,718664135923,718664135924,45.699070295
poll,4580,718665051908,718665051909,45.790612245
poll,4580,718665056929,718665056930,45.791111111
poll,4580,718665061948,718665061948,45.791609977
poll,4580,718665066953,718665066964,45.792108844
poll,4580,718665071983,718665071984,45.792607710
poll,4580,718665076998,718665076998,45.793106576
poll,4580,718665082014,718665082014,45.793605442
poll,4580,718665087017,718665087018,45.794126984
poll,4580,718665092032,718665092033,45.794625850
poll,4580,718665097043,718665097044,45.795124717
poll,4580,718665102061,718665102062,45.795623583
poll,4580,718665107072,718665107073,45.796122449
poll,4580,718665112084,718665112084,45.796621315
poll,4580,718665117091,718665117092,45.797120181
poll,4580,718665122105,718665122106,45.797619048
poll,4580,718665127123,718665127124,45.798117914
poll,4580,718665132142,718665132142,45.798639456
poll,4580,718665137145,718665137146,45.799138322
poll,4590,718666051038,718666051040,45.890566893
poll,4590,718666056058,718666056058,45.891065760
poll,4590,718666061074,718666061075,45.891564626
poll,4590,718666066093,718666066093,45.892063492
poll,4590,718666071102,718666071103,45.892585034
poll,4590,718666076108,718666076109,45.893083900
poll,4590,718666081124,718666081124,45.893582766
poll,4590,718666086131,718666086132,45.894081633
poll,4590,718666091133,718666091134,45.894580499
poll,4590,718666096141,718666096142,45.895079365
poll,4590,718666101157,718666101158,45.895578231
poll,4590,718666106170,718666106171,45.896077098
poll,4590,718666111187,718666111188,45.896575964
poll,4590,718666116202,718666116202,45.897074830
poll,4590,718666121218,718666121219,45.897596372
poll,4590,718666126231,718666126231,45.898095238
poll,4590,718666131233,718666131233,45.898594104
poll,4590,718666136250,718666136250,45.899092971
poll,4600,718667051160,718667051161,45.990589569
poll,4600,718667056181,718667056182,45.991088435
poll,4600,718667061196,718667061197,45.991587302
poll,4600,718667066206,718667066222,45.992086168
poll,4600,718667071249,718667071250,45.992585034
poll,4600,718667076259,718667076259,45.993083900
poll,4600,718667081269,718667081270,45.993582766
poll,4600,718667086283,718667086284,45.994081633
poll,4600,718667091288,718667091288,45.994580499
poll,4600,718667096294,718667096296,45.995102041
poll,4600,718667101303,718667101303,45.995600907
poll,4600,718667106318,718667106318,45.996099773
poll,4600,718667111320,718667111321,45.996598639
poll,4600,718667116338,718667116338,45.997097506
poll,4600,718667121350,718667121351,45.997596372
poll,4600,718667126363,718667126364,45.998095238
poll,4600,718667131382,718667131382,45.998594104
poll,4600,718667136394,718667136394,45.999092971
poll,4610,718668050859,718668050864,46.090544218
poll,4610,718668055887,718668055887,46.091043084
poll,4610,718668060891,718668060892,46.091541950
poll,4610,718668065894,718668065895,46.092063492
poll,4610,718668070898,718668070898,46.092562358
poll,4610,718668075914,718668075915,46.093061224
poll,4610,718668080927,718668080928,46.093560091
poll,4610,718668085944,718668085945,46.094058957
poll,4610,718668090956,718668090956,46.094557823
poll,4610,718668095970,718668095971,46.095056689
poll,4610,718668100977,718668100978,46.095555556
poll,4610,718668105995,718668105996,46.096054422
poll,4610,718668111011,718668111011,46.096575964
poll,4610,718668116022,718668116023,46.097074830
poll,4610,718668121036,718668121037,46.097573696
poll,4610,718668126045,718668126045,46.098072562
poll,4610,718668131050,718668131050,46.098571429
poll,4610,718668136054,718668136055,46.099070295
poll,4620,718669051065,718669051066,46.190566893
poll,4620,718669056080,718669056081,46.191065760
poll,4620,718669061091,718669061091,46.191564626
poll,4620,718669066106,718669066107,46.192063492
poll,4620,718669071117,718669071117,46.192562358
poll,4620,718669076133,718669076133,46.193083900
poll,4620,718669081151,718669081151,46.193582766
poll,4620,718669086169,718669086171,46.194081633
poll,4620,718669091187,718669091189,46.194580499
poll,4620,718669096206,718669096208,46.195079365
poll,4620,718669101212,718669101213,46.195578231
poll,4620,718669106227,718669106227,46.196077098
poll,4620,718669111241,718669111241,46.196575964
poll,4620,718669116255,718669116256,46.197097506
poll,4620,718669121259,718669121259,46.197596372
poll,4620,718669126302,718669126303,46.198095238
poll,4620,718669131316,718669131317,46.198594104
poll,4620,718669136320,718669136321,46.199092971
poll,4630,718670050979,718670050980,46.290566893
poll,4630,718670055992,718670055992,46.291065760
poll,4630,718670061001,718670061002,46.291564626
poll,4630,718670066015,718670066015,46.292063492
poll,4630,718670071028,718670071028,46.292585034
poll,4630,718670076041,718670076042,46.293083900
poll,4630,718670081051,718670081051,46.293582766
poll,4630,718670086066,718670086067,46.294081633
poll,4630,718670091077,718670091082,46.294580499
poll,4630,718670096098,718670096099,46.295079365
poll,4630,718670101114,718670101115,46.295578231
poll,4630,718670106130,718670106131,46.296077098
poll,4630,718670111146,718670111146,46.296598639
poll,4630,718670116157,718670116157,46.297097506
poll,4630,718670121170,718670121171,46.297596372
poll,4630,718670126181,718670126181,46.298095238
poll,4630,718670131195,718670131196,46.298594104
poll,4630,718670136208,718670136208,46.299092971
poll,4640,718671051029,718671051030,46.390566893
poll,4640,718671056039,718671056040,46.391065760
poll,4640,718671061046,718671061046,46.391564626
poll,4640,718671066059,718671066070,46.392063492
poll,4640,718671071090,718671071091,46.392562358
poll,4640,718671076101,718671076102,46.393061224
poll,4640,718671081113,718671081114,46.393560091
poll,4640,718671086124,718671086124,46.394058957
poll,4640,718671091132,718671091133,46.394557823
poll,4640,718671096146,718671096147,46.395079365
poll,4640,718671101156,718671101156,46.395578231
poll,4640,718671106163,718671106163,46.396077098
poll,4640,718671111174,718671111174,46.396575964
poll,4640,718671116183,718671116183,46.397074830
poll,4640,718671121195,718671121196,46.397573696
poll,4640,718671126208,718671126208,46.398072562
poll,4640,718671131219,718671131220,46.398571429
poll,4640,718671136235,718671136236,46.399070295
poll,4650,718672051898,718672051900,46.490634921
poll,4650,718672056912,718672056913,46.491133787
poll,4650,718672061922,718672061922,46.491632653
poll,4650,718672066923,718672066934,46.492131519
poll,4650,718672071953,718672071954,46.492630385
poll,4650,718672076963,718672076964,46.493151927
poll,4650,718672081970,718672081970,46.493650794
poll,4650,718672086975,718672086976,46.494149660
poll,4650,718672091983,718672091983,46.494648526
poll,4650,718672096993,718672096994,46.495147392
poll,4650,718672101998,718672101998,46.495646259
poll,4650,718672107007,718672107008,46.496145125
poll,4650,718672112023,718672112024,46.496643991
poll,4650,718672117028,718672117029,46.497142857
poll,4650,718672122033,718672122034,46.497641723
poll,4650,718672127039,718672127039,46.498140590
poll,4650,718672132045,718672132045,46.498639456
poll,4650,718672137047,718672137051,46.499138322
poll,4660,718673051987,718673051989,46.590634921
poll,4660,718673057007,718673057008,46.591133787
poll,4660,718673062013,718673062013,46.591632653
poll,4660,718673067024,718673067025,46.592131519
poll,4660,718673072043,718673072043,46.592630385
poll,4660,718673077056,718673077060,46.593129252
poll,4660,718673082081,718673082087,46.593650794
poll,4660,718673087098,718673087099,46.594149660
poll,4660,718673092113,718673092113,46.594648526
poll,4660,718673097128,718673097128,46.595147392
poll,4660,718673102132,718673102132,46.595646259
poll,4660,718673107137,718673107138,46.596145125
poll,4660,718673112155,718673112156,46.596643991
poll,4660,718673117172,718673117173,46.597142857
poll,4660,718673122191,718673122192,46.597641723
poll,4660,718673127198,718673127199,46.598163265
poll,4660,718673132216,718673132217,46.598662132
poll,4660,718673137229,718673137229,46.599160998
poll,4670,718674051496,718674051497,46.690589569
poll,4670,718674056501,718674056502,46.691088435
poll,4670,718674061507,718674061507,46.691587302
poll,4670,718674066520,718674066520,46.692086168
poll,4670,718674071535,718674071536,46.692607710
poll,4670,718674076552,718674076552,46.693106576
poll,4670,718674081567,718674081568,46.693605442
poll,4670,718674086584,718674086584,46.694104308
poll,4670,718674091586,718674091587,46.694603175
poll,4670,718674096601,718674096602,46.695102041
poll,4670,718674101618,718674101619,46.695600907
poll,4670,718674106630,718674106631,46.696099773
poll,4670,718674111643,718674111643,46.696598639
poll,4670,718674116655,718674116656,46.697120181
poll,4670,718674121667,718674121668,46.697619048
poll,4670,718674126670,718674126671,46.698117914
poll,4670,718674131675,718674131675,46.698616780
poll,4670,718674136691,718674136692,46.699115646
poll,4680,718675050797,718675050798,46.790544218
poll,4680,718675055808,718675055809,46.791043084
poll,4680,718675060818,718675060819,46.791541950
poll,4680,718675065822,718675065823,46.792040816
poll,4680,718675070837,718675070838,46.792562358
poll,4680,718675075849,718675075849,46.793061224
poll,4680,718675080861,718675080862,46.793560091
poll,4680,718675085865,718675085865,46.794058957
poll,4680,718675090879,718675090880,46.794557823
poll,4680,718675095888,718675095889,46.795056689
poll,4680,718675100903,718675100904,46.795555556
poll,4680,718675105916,718675105917,46.796054422
poll,4680,718675110929,718675110929,46.796553288
poll,4680,718675115943,718675115943,46.797052154
poll,4680,718675120958,718675120959,46.797573696
poll,4680,718675125969,718675125973,46.798072562
poll,4680,718675130994,718675130994,46.798571429
poll,4680,718675136011,718675136011,46.799070295
poll,4690,718676051008,718676051009,46.890566893
poll,4690,718676056024,718676056024,46.891065760
poll,4690,718676061035,718676061036,46.891564626
poll,4690,718676066053,718676066072,46.892086168
poll,4690,718676071090,718676071097,46.892585034
poll,4690,718676076120,718676076120,46.893083900
poll,4690,718676081125,718676081126,46.893582766
poll,4690,718676086139,718676086139,46.894081633
poll,4690,718676091152,718676091153,46.894580499
poll,4690,718676096168,718676096169,46.895079365
poll,4690,718676101187,718676101188,46.895600907
poll,4690,718676106201,718676106202,46.896099773
poll,4690,718676111212,718676111212,46.896598639
poll,4690,718676116225,718676116225,46.897097506
poll,4690,718676121241,718676121241,46.897596372
poll,4690,718676126258,718676126259,46.898095238
poll,4690,718676131275,718676131276,46.898594104
poll,4690,718676136290,718676136290,46.899092971
poll,4700,718677051031,718677051032,46.990544218
poll,4700,718677056044,718677056045,46.991043084
poll,4700,718677061058,718677061059,46.991564626
poll,4700,718677066075,718677066075,46.992063492
poll,4700,718677071083,718677071084,46.992562358
poll,4700,718677076093,718677076094,46.993061224
poll,4700,718677081103,718677081104,46.993560091
poll,4700,718677086106,718677086107,46.994058957
poll,4700,718677091120,718677091121,46.994557823
poll,4700,718677096133,718677096134,46.995056689
poll,4700,718677101142,718677101143,46.995555556
poll,4700,718677106159,718677106160,46.996054422
poll,4700,718677111171,718677111172,46.996575964
poll,4700,718677116183,718677116184,46.997074830
poll,4700,718677121189,718677121190,46.997573696
poll,4700,718677126202,718677126202,46.998072562
poll,4700,718677131217,718677131217,46.998571429
poll,4700,718677136254,718677136255,46.999070295
poll,4710,718678051720,718678051721,47.090612245
poll,4710,718678056739,718678056739,47.091111111
poll,4710,718678061745,718678061745,47.091609977
poll,4710,718678066756,718678066767,47.092108844
poll,4710,718678071792,718678071792,47.092607710
poll,4710,718678076808,718678076808,47.093106576
poll,4710,718678081820,718678081820,47.093605442
poll,4710,718678086828,718678086828,47.094126984
poll,4710,718678091831,718678091832,47.094625850
poll,4710,718678096849,718678096849,47.095124717
poll,4710,718678101865,718678101865,47.095623583
poll,4710,718678106877,718678106878,47.096122449
poll,4710,718678111890,718678111891,47.096621315
poll,4710,718678116903,718678116903,47.097120181
poll,4710,718678121919,718678121923,47.097619048
poll,4710,718678126940,718678126940,47.098117914
poll,4710,718678131957,718678131958,47.098639456
poll,4710,718678136976,718678136976,47.099138322
poll,4720,718679052189,718679052200,47.190657596
poll,4720,718679057225,718679057226,47.191156463
poll,4720,718679062238,718679062239,47.191655329
poll,4720,718679067252,718679067252,47.192154195
poll,4720,718679072263,718679072267,47.192653061
poll,4720,718679077281,718679077282,47.193174603
poll,4720,718679082286,718679082288,47.193673469
poll,4720,718679087291,718679087292,47.194172336
poll,4720,718679092294,718679092306,47.194671202
poll,4720,718679097325,718679097326,47.195170068
poll,4720,718679102338,718679102338,47.195668934
poll,4720,718679107350,718679107350,47.196167800
poll,4720,718679112363,718679112364,47.196666667
poll,4720,718679117377,718679117377,47.197165533
poll,4720,718679122389,718679122390,47.197664399
poll,4720,718679127408,718679127409,47.198185941
poll,4720,718679132419,718679132420,47.198684807
poll,4720,718679137431,718679137431,47.199183673
poll,4730,718680051337,718680051348,47.290589569
poll,4730,718680056364,718680056364,47.291088435
poll,4730,718680061367,718680061367,47.291587302
poll,4730,718680066380,718680066380,47.292086168
poll,4730,718680071397,718680071408,47.292585034
poll,4730,718680076433,718680076433,47.293083900
poll,4730,718680081449,718680081450,47.293582766
poll,4730,718680086459,718680086459,47.294081633
poll,4730,718680091468,718680091469,47.294603175
poll,4730,718680096479,718680096480,47.295102041
poll,4730,718680101491,718680101491,47.295600907
poll,4730,718680106499,718680106500,47.296099773
poll,4730,718680111515,718680111516,47.296598639
poll,4730,718680116526,718680116527,47.297097506
poll,4730,718680121531,718680121532,47.297596372
poll,4730,718680126544,718680126544,47.298095238
poll,4730,718680131556,718680131556,47.298594104
poll,4730,718680136562,718680136562,47.299092971
poll,4740,718681051618,718681051620,47.390589569
poll,4740,718681056631,718681056631,47.391088435
poll,4740,718681061641,718681061642,47.391609977
poll,4740,718681066655,718681066656,47.392108844
poll,4740,718681071666,718681071667,47.392607710
poll,4740,718681076678,718681076678,47.393106576
poll,4740,718681081690,718681081691,47.393605442
poll,4740,718681086694,718681086695,47.394104308
poll,4740,718681091709,718681091709,47.394603175
poll,4740,718681096718,718681096718,47.395102041
poll,4740,718681101735,718681101736,47.395600907
poll,4740,718681106746,718681106746,47.396099773
poll,4740,718681111756,718681111756,47.396621315
poll,4740,718681116766,718681116767,47.397120181
poll,4740,718681121782,718681121783,47.397619048
poll,4740,718681126791,718681126792,47.398117914
poll,4740,718681131800,718681131800,47.398616780
poll,4740,718681136808,718681136808,47.399115646
poll,4750,718682051137,718682051138,47.490566893
poll,4750,718682056157,718682056161,47.491065760
poll,4750,718682061177,718682061177,47.491564626
poll,4750,718682066181,718682066181,47.492063492
poll,4750,718682071200,718682071200,47.492562358
poll,4750,718682076202,718682076203,47.493061224
poll,4750,718682081214,718682081215,47.493582766
poll,4750,718682086232,718682086233,47.494081633
poll,4750,718682091249,718682091250,47.494580499
poll,4750,718682096260,718682096261,47.495079365
poll,4750,718682101262,718682101263,47.495578231
poll,4750,718682106280,718682106281,47.496077098
poll,4750,718682111295,718682111295,47.496575964
poll,4750,718682116308,718682116308,47.497074830
poll,4750,718682121319,718682121319,47.497573696
poll,4750,718682126335,718682126336,47.498095238
poll,4750,718682131351,718682131352,47.498594104
poll,4750,718682136360,718682136360,47.499092971
poll,4760,718683051972,718683051973,47.590634921
poll,4760,718683056985,718683056985,47.591133787
poll,4760,718683062001,718683062002,47.591632653
poll,4760,718683067004,718683067004,47.592131519
poll,4760,718683072020,718683072021,47.592630385
poll,4760,718683077036,718683077036,47.593129252
poll,4760,718683082046,718683082047,47.593628118
poll,4760,718683087064,718683087065,47.594126984
poll,4760,718683092075,718683092076,47.594648526
poll,4760,718683097086,718683097086,47.595147392
poll,4760,718683102100,718683102100,47.595646259
poll,4760,718683107110,718683107111,47.596145125
poll,4760,718683112120,718683112121,47.596643991
poll,4760,718683117131,718683117132,47.597142857
poll,4760,718683122144,718683122145,47.597641723
poll,4760,718683127153,718683127154,47.598140590
poll,4760,718683132157,718683132157,47.598639456
poll,4760,718683137159,718683137159,47.599138322
poll,4770,718684050926,718684050927,47.690544218
poll,4770,718684055932,718684055932,47.691043084
poll,4770,718684060949,718684060949,47.691541950
poll,4770,718684065965,718684065966,47.692063492
poll,4770,718684070983,718684070984,47.692562358
poll,4770,718684076002,718684076003,47.693061224
poll,4770,718684081020,718684081020,47.693560091
poll,4770,718684086038,718684086038,47.694058957
poll,4770,718684091042,718684091043,47.694557823
poll,4770,718684096058,718684096058,47.695056689
poll,4770,718684101076,718684101076,47.695555556
poll,4770,718684106079,718684106080,47.696054422
poll,4770,718684111097,718684111097,47.696575964
poll,4770,718684116114,718684116115,47.697074830
poll,4770,718684121132,718684121133,47.697573696
poll,4770,718684126137,718684126137,47.698072562
poll,4770,718684131154,718684131154,47.698571429
poll,4770,718684136171,718684136171,47.699070295
poll,4780,718685051232,718685051233,47.790566893
poll,4780,718685056250,718685056251,47.791065760
poll,4780,718685061265,718685061265,47.791564626
poll,4780,718685066275,718685066275,47.792063492
poll,4780,718685071281,718685071281,47.792562358
poll,4780,718685076295,718685076296,47.793083900
poll,4780,718685081302,718685081302,47.793582766
poll,4780,718685086315,718685086315,47.794081633
poll,4780,718685091325,718685091325,47.794580499
poll,4780,718685096336,718685096337,47.795079365
poll,4780,718685101341,718685101342,47.795578231
poll,4780,718685106353,718685106354,47.796077098
poll,4780,718685111360,718685111361,47.796575964
poll,4780,718685116372,718685116372,47.797074830
poll,4780,718685121374,718685121375,47.797573696
poll,4780,718685126387,718685126388,47.798072562
poll,4780,718685131400,718685131400,47.798594104
poll,4780,718685136411,718685136412,47.799092971
poll,4790,718686051217,718686051218,47.890566893
poll,4790,718686056247,718686056247,47.891065760
poll,4790,718686061264,718686061265,47.891564626
poll,4790,718686066271,718686066271,47.892086168
poll,4790,718686071278,718686071279,47.892585034
poll,4790,718686076291,718686076292,47.893083900
poll,4790,718686081298,718686081299,47.893582766
poll,4790,718686086316,718686086316,47.894081633
poll,4790,718686091331,718686091332,47.894580499
poll,4790,718686096344,718686096345,47.895079365
poll,4790,718686101351,718686101351,47.895578231
poll,4790,718686106364,718686106365,47.896077098
poll,4790,718686111372,718686111372,47.896575964
poll,4790,718686116384,718686116385,47.897097506
poll,4790,718686121397,718686121397,47.897596372
poll,4790,718686126414,718686126415,47.898095238
poll,4790,718686131427,718686131432,47.898594104
poll,4790,718686136447,718686136447,47.899092971
poll,4800,718687051041,718687051052,47.990566893
poll,4800,718687056064,718687056065,47.991065760
poll,4800,718687061071,718687061071,47.991564626
poll,4800,718687066087,718687066087,47.992063492
poll,4800,718687071100,718687071101,47.992562358
poll,4800,718687076112,718687076113,47.993061224
poll,4800,718687081116,718687081117,47.993560091
poll,4800,718687086124,718687086124,47.994058957
poll,4800,718687091129,718687091129,47.994557823
poll,4800,718687096140,718687096140,47.995079365
poll,4800,718687101145,718687101146,47.995578231
poll,4800,718687106162,718687106163,47.996077098
poll,4800,718687111174,718687111174,47.996575964
poll,4800,718687116181,718687116181,47.997074830
poll,4800,718687121193,718687121194,47.997573696
poll,4800,718687126198,718687126198,47.998072562
poll,4800,718687131209,718687131210,47.998571429
poll,4800,718687136214,718687136215,47.999070295
poll,4810,718688051221,718688051222,48.090566893
poll,4810,718688056242,718688056243,48.091065760
poll,4810,718688061255,718688061255,48.091564626
poll,4810,718688066268,718688066279,48.092063492
poll,4810,718688071304,718688071305,48.092562358
poll,4810,718688076318,718688076318,48.093061224
poll,4810,718688081328,718688081329,48.093560091
poll,4810,718688086342,718688086343,48.094081633
poll,4810,718688091345,718688091346,48.094580499
poll,4810,718688096349,718688096350,48.095079365
poll,4810,718688101356,718688101356,48.095578231
poll,4810,718688106372,718688106373,48.096077098
poll,4810,718688111380,718688111380,48.096575964
poll,4810,718688116392,718688116393,48.097074830
poll,4810,718688121400,718688121401,48.097573696
poll,4810,718688126415,718688126415,48.098072562
poll,4810,718688131416,718688131417,48.098571429
poll,4810,718688136420,718688136421,48.099070295
poll,4820,718689052206,718689052226,48.190657596
poll,4820,718689057262,718689057264,48.191156463
poll,4820,718689062274,718689062275,48.191655329
poll,4820,718689067290,718689067290,48.192154195
poll,4820,718689072297,718689072298,48.192653061
poll,4820,718689077313,718689077314,48.193151927
poll,4820,718689082329,718689082330,48.193650794
poll,4820,718689087346,718689087347,48.194172336
poll,4820,718689092358,718689092360,48.194671202
poll,4820,718689097378,718689097380,48.195170068
poll,4820,718689102398,718689102398,48.195668934
poll,4820,718689107399,718689107400,48.196167800
poll,4820,718689112417,718689112428,48.196666667
poll,4820,718689117452,718689117456,48.197165533
poll,4820,718689122476,718689122477,48.197664399
poll,4820,718689127495,718689127496,48.198185941
poll,4820,718689132510,718689132511,48.198684807
poll,4820,718689137513,718689137514,48.199183673
poll,4830,718690051030,718690051031,48.290544218
poll,4830,718690056048,718690056048,48.291043084
poll,4830,718690061061,718690061062,48.291541950
poll,4830,718690066070,718690066071,48.292063492
poll,4830,718690071084,718690071084,48.292562358
poll,4830,718690076087,718690076091,48.293061224
poll,4830,718690081112,718690081112,48.293560091
poll,4830,718690086124,718690086125,48.294058957
poll,4830,718690091138,718690091139,48.294557823
poll,4830,718690096140,718690096141,48.295056689
poll,4830,718690101159,718690101159,48.295555556
poll,4830,718690106176,718690106176,48.296054422
poll,4830,718690111177,718690111178,48.296553288
poll,4830,718690116184,718690116185,48.297074830
poll,4830,718690121196,718690121197,48.297573696
poll,4830,718690126199,718690126199,48.298072562
poll,4830,718690131211,718690131211,48.298571429
poll,4830,718690136225,718690136226,48.299070295
poll,4840,718691051070,718691051072,48.390544218
poll,4840,718691056085,718691056085,48.391043084
poll,4840,718691061093,718691061094,48.391541950
poll,4840,718691066107,718691066108,48.392040816
poll,4840,718691071114,718691071115,48.392562358
poll,4840,718691076125,718691076125,48.393061224
poll,4840,718691081130,718691081131,48.393560091
poll,4840,718691086142,718691086143,48.394058957
poll,4840,718691091152,718691091153,48.394557823
poll,4840,718691096164,718691096164,48.395056689
poll,4840,718691101171,718691101172,48.395555556
poll,4840,718691106184,718691106184,48.396054422
poll,4840,718691111196,718691111197,48.396553288
poll,4840,718691116208,718691116208,48.397052154
poll,4840,718691121211,718691121212,48.397573696
poll,4840,718691126225,718691126225,48.398072562
poll,4840,718691131236,718691131237,48.398571429
poll,4840,718691136246,718691136246,48.399070295
poll,4850,718692051154,718692051155,48.490566893
poll,4850,718692056174,718692056174,48.491065760
poll,4850,718692061192,718692061192,48.491564626
poll,4850,718692066207,718692066207,48.492063492
poll,4850,718692071214,718692071215,48.492562358
poll,4850,718692076226,718692076227,48.493083900
poll,4850,718692081232,718692081232,48.493582766
poll,4850,718692086244,718692086244,48.494081633
poll,4850,718692091252,718692091253,48.494580499
poll,4850,718692096264,718692096265,48.495079365
poll,4850,718692101271,718692101272,48.495578231
poll,4850,718692106284,718692106284,48.496077098
poll,4850,718692111291,718692111292,48.496575964
poll,4850,718692116304,718692116304,48.497074830
poll,4850,718692121316,718692121320,48.497573696
poll,4850,718692126339,718692126339,48.498095238
poll,4850,718692131355,718692131355,48.498594104
poll,4850,718692136359,718692136360,48.499092971
poll,4860,718693051101,718693051102,48.590544218
poll,4860,718693056117,718693056117,48.591065760
poll,4860,718693061125,718693061125,48.591564626
poll,4860,718693066241,718693066242,48.592063492
poll,4860,718693071250,718693071256,48.592562358
poll,4860,718693076273,718693076274,48.593061224
poll,4860,718693081291,718693081292,48.593582766
poll,4860,718693086298,718693086299,48.594081633
poll,4860,718693091311,718693091312,48.594580499
poll,4860,718693096581,718693096582,48.595102041
poll,4860,718693101584,718693101584,48.595600907
poll,4860,718693106585,718693106586,48.596099773
poll,4860,718693111602,718693111602,48.596598639
poll,4860,718693116612,718693116613,48.597097506
poll,4860,718693121630,718693121631,48.597596372
poll,4860,718693126645,718693126645,48.598117914
poll,4860,718693131658,718693131658,48.598616780
poll,4860,718693136665,718693136666,48.599115646
poll,4870,718694050986,718694050987,48.690544218
poll,4870,718694055995,718694055996,48.691043084
poll,4870,718694061005,718694061006,48.691541950
poll,4870,718694066038,718694066039,48.692063492
poll,4870,718694071055,718694071055,48.692562358
poll,4870,718694076069,718694076069,48.693061224
poll,4870,718694081083,718694081084,48.693560091
poll,4870,718694086086,718694086087,48.694058957
poll,4870,718694091092,718694091093,48.694557823
poll,4870,718694096095,718694096096,48.695056689
poll,4870,718694101102,718694101103,48.695555556
poll,4870,718694106105,718694106106,48.696054422
poll,4870,718694111123,718694111123,48.696553288
poll,4870,718694116140,718694116141,48.697074830
poll,4870,718694121143,718694121144,48.697573696
poll,4870,718694126160,718694126161,48.698072562
poll,4870,718694131166,718694131167,48.698571429
poll,4870,718694136170,718694136170,48.699070295
poll,4880,718695051255,718695051256,48.790566893
poll,4880,718695056261,718695056262,48.791065760
poll,4880,718695061265,718695061265,48.791564626
poll,4880,718695066283,718695066284,48.792063492
poll,4880,718695071286,718695071287,48.792562358
poll,4880,718695076289,718695076290,48.793083900
poll,4880,718695081292,718695081292,48.793582766
poll,4880,718695086303,718695086304,48.794081633
poll,4880,718695091306,718695091306,48.794580499
poll,4880,718695096314,718695096315,48.795079365
poll,4880,718695101331,718695101332,48.795578231
poll,4880,718695106347,718695106348,48.796077098
poll,4880,718695111349,718695111350,48.796575964
poll,4880,718695116355,718695116356,48.797074830
poll,4880,718695121370,718695121370,48.797573696
poll,4880,718695126383,718695126384,48.798072562
poll,4880,718695131400,718695131400,48.798594104
poll,4880,718695136402,718695136402,48.799092971
poll,4890,718696051254,718696051255,48.890566893
poll,4890,718696056265,718696056265,48.891065760
poll,4890,718696061268,718696061268,48.891564626
poll,4890,718696066282,718696066293,48.892086168
poll,4890,718696071303,718696071304,48.892585034
poll,4890,718696076309,718696076310,48.893083900
poll,4890,718696081326,718696081326,48.893582766
poll,4890,718696086329,718696086329,48.894081633
poll,4890,718696091340,718696091341,48.894580499
poll,4890,718696096346,718696096347,48.895079365
poll,4890,718696101359,718696101371,48.895578231
poll,4890,718696106389,718696106390,48.896077098
poll,4890,718696111406,718696111407,48.896598639
poll,4890,718696116419,718696116420,48.897097506
poll,4890,718696121429,718696121429,48.897596372
poll,4890,718696126441,718696126442,48.898095238
poll,4890,718696131451,718696131452,48.898594104
poll,4890,718696136467,718696136467,48.899092971
poll,4900,718697051235,718697051235,48.990566893
poll,4900,718697056247,718697056247,48.991065760
poll,4900,718697061256,718697061257,48.991564626
poll,4900,718697066273,718697066274,48.992063492
poll,4900,718697071289,718697071289,48.992562358
poll,4900,718697076302,718697076302,48.993061224
poll,4900,718697081315,718697081315,48.993560091
poll,4900,718697086320,718697086321,48.994058957
poll,4900,718697091337,718697091338,48.994557823
poll,4900,718697096353,718697096353,48.995056689
poll,4900,718697101362,718697101363,48.995578231
poll,4900,718697106377,718697106377,48.996077098
poll,4900,718697111390,718697111391,48.996575964
poll,4900,718697116406,718697116406,48.997074830
poll,4900,718697121415,718697121416,48.997573696
poll,4900,718697126432,718697126432,48.998072562
poll,4900,718697131448,718697131448,48.998571429
poll,4900,718697136458,718697136458,48.999070295
poll,4910,718698051394,718698051395,49.090566893
poll,4910,718698056398,718698056399,49.091065760
poll,4910,718698061412,718698061412,49.091564626
poll,4910,718698066414,718698066414,49.092063492
poll,4910,718698071425,718698071425,49.092562358
poll,4910,718698076436,718698076437,49.093061224
poll,4910,718698081453,718698081453,49.093560091
poll,4910,718698086459,718698086460,49.094058957
poll,4910,718698091478,718698091478,49.094557823
poll,4910,718698096496,718698096500,49.095056689
poll,4910,718698101512,718698101513,49.095578231
poll,4910,718698106525,718698106525,49.096077098
poll,4910,718698111541,718698111541,49.096575964
poll,4910,718698116559,718698116559,49.097074830
poll,4910,718698121564,718698121565,49.097573696
poll,4910,718698126581,718698126581,49.098072562
poll,4910,718698131596,718698131597,49.098571429
poll,4910,718698136612,718698136612,49.099070295
poll,4920,718699052107,718699052108,49.190634921
poll,4920,718699057119,718699057119,49.191133787
poll,4920,718699062134,718699062135,49.191632653
poll,4920,718699067153,718699067153,49.192131519
poll,4920,718699072169,718699072170,49.192630385
poll,4920,718699077186,718699077187,49.193129252
poll,4920,718699082202,718699082202,49.193628118
poll,4920,718699087209,718699087211,49.194126984
poll,4920,718699092222,718699092224,49.194648526
poll,4920,718699097230,718699097231,49.195147392
poll,4920,718699102240,718699102241,49.195646259
poll,4920,718699107251,718699107252,49.196145125
poll,4920,718699112263,718699112263,49.196643991
poll,4920,718699117273,718699117273,49.197142857
poll,4920,718699122282,718699122283,49.197641723
poll,4920,718699127297,718699127297,49.198140590
poll,4920,718699132308,718699132308,49.198639456
poll,4920,718699137319,718699137320,49.199138322
poll,4930,718700051780,718700051781,49.290589569
poll,4930,718700056784,718700056785,49.291088435
poll,4930,718700061787,718700061787,49.291587302
poll,4930,718700066803,718700066803,49.292086168
poll,4930,718700071818,718700071818,49.292607710
poll,4930,718700076835,718700076835,49.293106576
poll,4930,718700081850,718700081851,49.293605442
poll,4930,718700086869,718700086869,49.294104308
poll,4930,718700091871,718700091871,49.294603175
poll,4930,718700096880,718700096881,49.295102041
poll,4930,718700101893,718700101894,49.295600907
poll,4930,718700106902,718700106902,49.296099773
poll,4930,718700111912,718700111913,49.296598639
poll,4930,718700116922,718700116922,49.297097506
poll,4930,718700121933,718700121933,49.297619048
poll,4930,718700126950,718700126950,49.298117914
poll,4930,718700131954,718700131955,49.298616780
poll,4930,718700136973,718700136973,49.299115646
poll,4940,718701051934,718701051935,49.390589569
poll,4940,718701056951,718701056951,49.391111111
poll,4940,718701061967,718701061967,49.391609977
poll,4940,718701066979,718701066979,49.392108844
poll,4940,718701071992,718701071993,49.392607710
poll,4940,718701077006,718701077007,49.393106576
poll,4940,718701082019,718701082019,49.393605442
poll,4940,718701087031,718701087032,49.394104308
poll,4940,718701092041,718701092042,49.394603175
poll,4940,718701097057,718701097061,49.395102041
poll,4940,718701102081,718701102081,49.395623583
poll,4940,718701107099,718701107099,49.396122449
poll,4940,718701112115,718701112116,49.396621315
poll,4940,718701117125,718701117126,49.397120181
poll,4940,718701122136,718701122137,49.397619048
poll,4940,718701127139,718701127140,49.398117914
poll,4940,718701132156,718701132156,49.398616780
poll,4940,718701137172,718701137173,49.399115646
poll,4950,718702051356,718702051357,49.490566893
poll,4950,718702056368,718702056369,49.491065760
poll,4950,718702061378,718702061379,49.491564626
poll,4950,718702066392,718702066393,49.492063492
poll,4950,718702071402,718702071403,49.492562358
poll,4950,718702076412,718702076412,49.493083900
poll,4950,718702081448,718702081448,49.493582766
poll,4950,718702086465,718702086466,49.494081633
poll,4950,718702091477,718702091478,49.494580499
poll,4950,718702096491,718702096492,49.495079365
poll,4950,718702101497,718702101498,49.495578231
poll,4950,718702106511,718702106511,49.496077098
poll,4950,718702111526,718702111527,49.496575964
poll,4950,718702116541,718702116542,49.497097506
poll,4950,718702121548,718702121549,49.497596372
poll,4950,718702126562,718702126563,49.498095238
poll,4950,718702131575,718702131575,49.498594104
poll,4950,718702136580,718702136581,49.499092971
poll,4960,718703051247,718703051248,49.590544218
poll,4960,718703056268,718703056268,49.591043084
poll,4960,718703061285,718703061285,49.591541950
poll,4960,718703066288,718703066289,49.592063492
poll,4960,718703071301,718703071301,49.592562358
poll,4960,718703076312,718703076313,49.593061224
poll,4960,718703081323,718703081324,49.593560091
poll,4960,718703086342,718703086342,49.594058957
poll,4960,718703091354,718703091355,49.594557823
poll,4960,718703096366,718703096367,49.595056689
poll,4960,718703101372,718703101373,49.595555556
poll,4960,718703106385,718703106386,49.596054422
poll,4960,718703111399,718703111399,49.596553288
poll,4960,718703116412,718703116413,49.597074830
poll,4960,718703121421,718703121422,49.597573696
poll,4960,718703126436,718703126437,49.598072562
poll,4960,718703131451,718703131451,49.598571429
poll,4960,718703136462,718703136462,49.599070295
poll,4970,718704051627,718704051628,49.690589569
poll,4970,718704056636,718704056637,49.691088435
poll,4970,718704061646,718704061646,49.691587302
poll,4970,718704066660,718704066660,49.692086168
poll,4970,718704071674,718704071675,49.692607710
poll,4970,718704076686,718704076686,49.693106576
poll,4970,718704081699,718704081699,49.693605442
poll,4970,718704086706,718704086710,49.694104308
poll,4970,718704091725,718704091726,49.694603175
poll,4970,718704096737,718704096738,49.695102041
poll,4970,718704101744,718704101744,49.695600907
poll,4970,718704106757,718704106757,49.696099773
poll,4970,718704111773,718704111773,49.696598639
poll,4970,718704116788,718704116789,49.697120181
poll,4970,718704121795,718704121796,49.697619048
poll,4970,718704126811,718704126812,49.698117914
poll,4970,718704131826,718704131826,49.698616780
poll,4970,718704136839,718704136840,49.699115646
poll,4980,718705051421,718705051421,49.790566893
poll,4980,718705056431,718705056432,49.791065760
poll,4980,718705061437,718705061438,49.791564626
poll,4980,718705066451,718705066452,49.792063492
poll,4980,718705071462,718705071462,49.792562358
poll,4980,718705076470,718705076470,49.793061224
poll,4980,718705081480,718705081480,49.793582766
poll,4980,718705086482,718705086483,49.794081633
poll,4980,718705091492,718705091493,49.794580499
poll,4980,718705096504,718705096505,49.795079365
poll,4980,718705101515,718705101516,49.795578231
poll,4980,718705106527,718705106527,49.796077098
poll,4980,718705111539,718705111540,49.796575964
poll,4980,718705116552,718705116552,49.797074830
poll,4980,718705121558,718705121559,49.797573696
poll,4980,718705126572,718705126572,49.798072562
poll,4980,718705131586,718705131587,49.798594104
poll,4980,718705136598,718705136599,49.799092971
poll,4990,718706051946,718706051947,49.890612245
poll,4990,718706056954,718706056955,49.891111111
poll,4990,718706061962,718706061963,49.891609977
poll,4990,718706066970,718706066982,49.892108844
poll,4990,718706072005,718706072005,49.892607710
poll,4990,718706077019,718706077019,49.893106576
poll,4990,718706082032,718706082033,49.893605442
poll,4990,718706087043,718706087044,49.894104308
poll,4990,718706092053,718706092054,49.894625850
poll,4990,718706097064,718706097064,49.895124717
poll,4990,718706102077,718706102078,49.895623583
poll,4990,718706107087,718706107088,49.896122449
poll,4990,718706112097,718706112098,49.896621315
poll,4990,718706117108,718706117109,49.897120181
poll,4990,718706122119,718706122120,49.897619048
poll,4990,718706127131,718706127132,49.898117914
poll,4990,718706132143,718706132143,49.898616780
poll,4990,718706137154,718706137158,49.899115646
poll,5000,718707051313,718707051314,49.990544218
poll,5000,718707056318,718707056319,49.991065760
poll,5000,718707061324,718707061325,49.991564626
poll,5000,718707066328,718707066340,49.992063492
poll,5000,718707071353,718707071354,49.992562358
poll,5000,718707076356,718707076357,49.993061224
poll,5000,718707081373,718707081374,49.993560091
poll,5000,718707086390,718707086391,49.994058957
poll,5000,718707091404,718707091408,49.994557823
poll,5000,718707096415,718707096415,49.995056689
poll,5000,718707101427,718707101428,49.995555556
poll,5000,718707106443,718707106443,49.996077098
poll,5000,718707111451,718707111452,49.996575964
poll,5000,718707116457,718707116457,49.997074830
poll,5000,718707121464,718707121465,49.997573696
poll,5000,718707126472,718707126472,49.998072562
poll,5000,718707131482,718707131482,49.998571429
poll,5000,718707136495,718707136495,49.999070295
poll,5010,718708052433,718708052452,50.090657596
poll,5010,718708057473,718708057473,50.091156463
poll,5010,718708062480,718708062481,50.091655329
poll,5010,718708067491,718708067491,50.092154195
poll,5010,718708072493,718708072505,50.092653061
poll,5010,718708077526,718708077527,50.093151927
poll,5010,718708082542,718708082542,50.093650794
poll,5010,718708087552,718708087553,50.094149660
poll,5010,718708092562,718708092563,50.094648526
poll,5010,718708097565,718708097565,50.095170068
poll,5010,718708102583,718708102583,50.095668934
poll,5010,718708107587,718708107587,50.096167800
poll,5010,718708112601,718708112601,50.096666667
poll,5010,718708117613,718708117614,50.097165533
poll,5010,718708122623,718708122623,50.097664399
poll,5010,718708127639,718708127640,50.098163265
poll,5010,718708132654,718708132655,50.098662132
poll,5010,718708137659,718708137660,50.099160998
poll,5020,718709052204,718709052206,50.190634921
poll,5020,718709057213,718709057214,50.191133787
poll,5020,718709062221,718709062221,50.191632653
poll,5020,718709067236,718709067237,50.192131519
poll,5020,718709072250,718709072251,50.192630385
poll,5020,718709077264,718709077264,50.193129252
poll,5020,718709082280,718709082280,50.193628118
poll,5020,718709087281,718709087283,50.194126984
poll,5020,718709092296,718709092298,50.194625850
poll,5020,718709097309,718709097309,50.195147392
poll,5020,718709102318,718709102319,50.195646259
poll,5020,718709107320,718709107321,50.196145125
poll,5020,718709112330,718709112330,50.196643991
poll,5020,718709117338,718709117339,50.197142857
poll,5020,718709122356,718709122357,50.197641723
poll,5020,718709127363,718709127364,50.198140590
poll,5020,718709132370,718709132371,50.198639456
poll,5020,718709137376,718709137376,50.199138322
poll,5030,718710052009,718710052012,50.290589569
poll,5030,718710057030,718710057031,50.291111111
poll,5030,718710062048,718710062049,50.291609977
poll,5030,718710067058,718710067059,50.292108844
poll,5030,718710072077,718710072077,50.292607710
poll,5030,718710077087,718710077088,50.293106576
poll,5030,718710082103,718710082103,50.293605442
poll,5030,718710087120,718710087120,50.294104308
poll,5030,718710092154,718710092155,50.294603175
poll,5030,718710097172,718710097173,50.295124717
poll,5030,718710102176,718710102177,50.295623583
poll,5030,718710107185,718710107186,50.296122449
poll,5030,718710112198,718710112199,50.296621315
poll,5030,718710117206,718710117210,50.297120181
poll,5030,718710122223,718710122223,50.297619048
poll,5030,718710127239,718710127240,50.298117914
poll,5030,718710132249,718710132250,50.298616780
poll,5030,718710137259,718710137260,50.299115646
poll,5040,718711051202,718711051203,50.390544218
poll,5040,718711056211,718711056215,50.391043084
poll,5040,718711061237,718711061238,50.391541950
poll,5040,718711066240,718711066241,50.392063492
poll,5040,718711071250,718711071251,50.392562358
poll,5040,718711076256,718711076257,50.393061224
poll,5040,718711081264,718711081265,50.393560091
poll,5040,718711086279,718711086280,50.394058957
poll,5040,718711091283,718711091283,50.394557823
poll,5040,718711096294,718711096295,50.395056689
poll,5040,718711101297,718711101298,50.395555556
poll,5040,718711106303,718711106304,50.396054422
poll,5040,718711111314,718711111314,50.396553288
poll,5040,718711116325,718711116325,50.397052154
poll,5040,718711121336,718711121336,50.397551020
poll,5040,718711126346,718711126347,50.398072562
poll,5040,718711131354,718711131355,50.398571429
poll,5040,718711136356,718711136357,50.399070295
poll,5050,718712051460,718712051460,50.490566893
poll,5050,718712056479,718712056480,50.491065760
poll,5050,718712061496,718712061496,50.491564626
poll,5050,718712066502,718712066503,50.492063492
poll,5050,718712071512,718712071513,50.492562358
poll,5050,718712076522,718712076523,50.493083900
poll,5050,718712081533,718712081534,50.493582766
poll,5050,718712086548,718712086549,50.494081633
poll,5050,718712091559,718712091560,50.494580499
poll,5050,718712096570,718712096570,50.495079365
poll,5050,718712101579,718712101580,50.495578231
poll,5050,718712106590,718712106591,50.496077098
poll,5050,718712111601,718712111602,50.496575964
poll,5050,718712116616,718712116616,50.497074830
poll,5050,718712121630,718712121631,50.497573696
poll,5050,718712126641,718712126642,50.498095238
poll,5050,718712131654,718712131655,50.498594104
poll,5050,718712136670,718712136670,50.499092971
poll,5060,718713051313,718713051314,50.590544218
poll,5060,718713056320,718713056321,50.591043084
poll,5060,718713061333,718713061333,50.591564626
poll,5060,718713066346,718713066347,50.592063492
poll,5060,718713071361,718713071362,50.592562358
poll,5060,718713076375,718713076375,50.593061224
poll,5060,718713081386,718713081386,50.593560091
poll,5060,718713086404,718713086405,50.594058957
poll,5060,718713091415,718713091416,50.594557823
poll,5060,718713096419,718713096420,50.595056689
poll,5060,718713101429,718713101430,50.595555556
poll,5060,718713106444,718713106444,50.596054422
poll,5060,718713111456,718713111457,50.596575964
poll,5060,718713116469,718713116469,50.597074830
poll,5060,718713121475,718713121476,50.597573696
poll,5060,718713126488,718713126492,50.598072562
poll,5060,718713131511,718713131511,50.598571429
poll,5060,718713136527,718713136528,50.599070295
poll,5070,718714051864,718714051866,50.690612245
poll,5070,718714056885,718714056885,50.691111111
poll,5070,718714061893,718714061894,50.691609977
poll,5070,718714066915,718714066935,50.692108844
poll,5070,718714071968,718714071969,50.692607710
poll,5070,718714076978,718714076979,50.693106576
poll,5070,718714081991,718714081992,50.693628118
poll,5070,718714087005,718714087005,50.694126984
poll,5070,718714092013,718714092014,50.694625850
poll,5070,718714097015,718714097016,50.695124717
poll,5070,718714102028,718714102029,50.695623583
poll,5070,718714107038,718714107039,50.696122449
poll,5070,718714112049,718714112049,50.696621315
poll,5070,718714117060,718714117060,50.697120181
poll,5070,718714122073,718714122074,50.697619048
poll,5070,718714127087,718714127088,50.698117914
poll,5070,718714132100,718714132100,50.698639456
poll,5070,718714137111,718714137111,50.699138322
poll,5080,718715052231,718715052232,50.790634921
poll,5080,718715057243,718715057243,50.791133787
poll,5080,718715062245,718715062246,50.791632653
poll,5080,718715067258,718715067259,50.792131519
poll,5080,718715072268,718715072269,50.792630385
poll,5080,718715077276,718715077277,50.793129252
poll,5080,718715082284,718715082285,50.793628118
poll,5080,718715087296,718715087296,50.794126984
poll,5080,718715092308,718715092309,50.794625850
poll,5080,718715097324,718715097324,50.795124717
poll,5080,718715102338,718715102338,50.795646259
poll,5080,718715107356,718715107357,50.796145125
poll,5080,718715112369,718715112370,50.796643991
poll,5080,718715117383,718715117383,50.797142857
poll,5080,718715122389,718715122389,50.797641723
poll,5080,718715127401,718715127402,50.798140590
poll,5080,718715132416,718715132416,50.798639456
poll,5080,718715137431,718715137435,50.799138322
poll,5090,718716051252,718716051252,50.890544218
poll,5090,718716056265,718716056266,50.891043084
poll,5090,718716061277,718716061278,50.891541950
poll,5090,718716066295,718716066296,50.892063492
poll,5090,718716071310,718716071311,50.892562358
poll,5090,718716076329,718716076329,50.893061224
poll,5090,718716081345,718716081346,50.893560091
poll,5090,718716086351,718716086352,50.894058957
poll,5090,718716091363,718716091363,50.894557823
poll,5090,718716096364,718716096365,50.895056689
poll,5090,718716101372,718716101375,50.895555556
poll,5090,718716106389,718716106389,50.896054422
poll,5090,718716111400,718716111400,50.896553288
poll,5090,718716116410,718716116411,50.897074830
poll,5090,718716121425,718716121426,50.897573696
poll,5090,718716126440,718716126440,50.898072562
poll,5090,718716131454,718716131454,50.898571429
poll,5090,718716136469,718716136469,50.899070295
poll,5100,718717052114,718717052116,50.990612245
poll,5100,718717057137,718717057140,50.991111111
poll,5100,718717062147,718717062147,50.991609977
poll,5100,718717067164,718717067165,50.992108844
poll,5100,718717072167,718717072167,50.992607710
poll,5100,718717077173,718717077174,50.993106576
poll,5100,718717082184,718717082184,50.993605442
poll,5100,718717087201,718717087202,50.994104308
poll,5100,718717092211,718717092212,50.994603175
poll,5100,718717097219,718717097220,50.995102041
poll,5100,718717102226,718717102226,50.995623583
poll,5100,718717107238,718717107239,50.996122449
poll,5100,718717112256,718717112256,50.996621315
poll,5100,718717117270,718717117271,50.997120181
poll,5100,718717122288,718717122288,50.997619048
poll,5100,718717127302,718717127302,50.998117914
poll,5100,718717132314,718717132315,50.998616780
poll,5100,718717137317,718717137318,50.999115646
poll,5110,718718051496,718718051497,51.090566893
poll,5110,718718056512,718718056513,51.091065760
poll,5110,718718061526,718718061527,51.091564626
poll,5110,718718066544,718718066545,51.092086168
poll,5110,718718071559,718718071559,51.092585034
poll,5110,718718076573,718718076573,51.093083900
poll,5110,718718081586,718718081586,51.093582766
poll,5110,718718086601,718718086601,51.094081633
poll,5110,718718091612,718718091612,51.094580499
poll,5110,718718096623,718718096623,51.095079365
poll,5110,718718101664,718718101665,51.095578231
poll,5110,718718106676,718718106676,51.096099773
poll,5110,718718111687,718718111688,51.096598639
poll,5110,718718116698,718718116698,51.097097506
poll,5110,718718121709,718718121710,51.097596372
poll,5110,718718126726,718718126727,51.098095238
poll,5110,718718131740,718718131741,51.098594104
poll,5110,718718136755,718718136756,51.099092971
poll,5120,718719052002,718719052004,51.190589569
poll,5120,718719057018,718719057018,51.191088435
poll,5120,718719062031,718719062031,51.191609977
poll,5120,718719067047,718719067048,51.192108844
poll,5120,718719072054,718719072055,51.192607710
poll,5120,718719077062,718719077062,51.193106576
poll,5120,718719082070,718719082071,51.193605442
poll,5120,718719087084,718719087084,51.194104308
poll,5120,718719092098,718719092100,51.194603175
poll,5120,718719097115,718719097122,51.195102041
poll,5120,718719102141,718719102142,51.195600907
poll,5120,718719107148,718719107149,51.196122449
poll,5120,718719112167,718719112168,51.196621315
poll,5120,718719117186,718719117187,51.197120181
poll,5120,718719122197,718719122197,51.197619048
poll,5120,718719127215,718719127215,51.198117914
poll,5120,718719132225,718719132226,51.198616780
poll,5120,718719137235,718719137235,51.199115646
poll,5130,718720051852,718720051853,51.290589569
poll,5130,718720056864,718720056865,51.291088435
poll,5130,718720061866,718720061867,51.291587302
poll,5130,718720066884,718720066885,51.292108844
poll,5130,718720071900,718720071900,51.292607710
poll,5130,718720076909,718720076910,51.293106576
poll,5130,718720081914,718720081914,51.293605442
poll,5130,718720086922,718720086922,51.294104308
poll,5130,718720091935,718720091935,51.294603175
poll,5130,718720096942,718720096943,51.295102041
poll,5130,718720101960,718720101960,51.295600907
poll,5130,718720106969,718720106970,51.296099773
poll,5130,718720111973,718720111974,51.296598639
poll,5130,718720116985,718720116986,51.297120181
poll,5130,718720121994,718720121995,51.297619048
poll,5130,718720127008,718720127008,51.298117914
poll,5130,718720132021,718720132021,51.298616780
poll,5130,718720137036,718720137036,51.299115646
poll,5140,718721051405,718721051406,51.390566893
poll,5140,718721056413,718721056414,51.391065760
poll,5140,718721061416,718721061416,51.391564626
poll,5140,718721066423,718721066423,51.392063492
poll,5140,718721071436,718721071436,51.392562358
poll,5140,718721076443,718721076444,51.393061224
poll,5140,718721081456,718721081456,51.393560091
poll,5140,718721086463,718721086464,51.394081633
poll,5140,718721091472,718721091473,51.394580499
poll,5140,718721096475,718721096476,51.395079365
poll,5140,718721101479,718721101479,51.395578231
poll,5140,718721106488,718721106488,51.396077098
poll,5140,718721111503,718721111504,51.396575964
poll,5140,718721116515,718721116516,51.397074830
poll,5140,718721121529,718721121530,51.397573696
poll,5140,718721126546,718721126550,51.398072562
poll,5140,718721131569,718721131570,51.398571429
poll,5140,718721136579,718721136579,51.399092971
poll,5150,718722051363,718722051364,51.490566893
poll,5150,718722056383,718722056384,51.491065760
poll,5150,718722061396,718722061396,51.491564626
poll,5150,718722066401,718722066401,51.492063492
poll,5150,718722071413,718722071417,51.492562358
poll,5150,718722076435,718722076436,51.493061224
poll,5150,718722081450,718722081450,51.493582766
poll,5150,718722086466,718722086466,51.494081633
poll,5150,718722091484,718722091485,51.494580499
poll,5150,718722096488,718722096488,51.495079365
poll,5150,718722101503,718722101504,51.495578231
poll,5150,718722106510,718722106511,51.496077098
poll,5150,718722111515,718722111516,51.496575964
poll,5150,718722116527,718722116528,51.497074830
poll,5150,718722121530,718722121531,51.497573696
poll,5150,718722126542,718722126543,51.498072562
poll,5150,718722131555,718722131556,51.498594104
poll,5150,718722136564,718722136565,51.499092971
poll,5160,718723051593,718723051604,51.590566893
poll,5160,718723056626,718723056627,51.591065760
poll,5160,718723061633,718723061633,51.591564626
poll,5160,718723066638,718723066638,51.592063492
poll,5160,718723071655,718723071656,51.592562358
poll,5160,718723076668,718723076669,51.593061224
poll,5160,718723081685,718723081686,51.593560091
poll,5160,718723086697,718723086697,51.594058957
poll,5160,718723091714,718723091715,51.594580499
poll,5160,718723096732,718723096733,51.595079365
poll,5160,718723101739,718723101740,51.595578231
poll,5160,718723106743,718723106743,51.596077098
poll,5160,718723111759,718723111760,51.596575964
poll,5160,718723116770,718723116771,51.597074830
poll,5160,718723121787,718723121787,51.597573696
poll,5160,718723126797,718723126797,51.598072562
poll,5160,718723131813,718723131814,51.598571429
poll,5160,718723136819,718723136819,51.599070295
poll,5170,718724051345,718724051346,51.690544218
poll,5170,718724056351,718724056352,51.691043084
poll,5170,718724061366,718724061366,51.691541950
poll,5170,718724066378,718724066379,51.692063492
poll,5170,718724071391,718724071391,51.692562358
poll,5170,718724076399,718724076399,51.693061224
poll,5170,718724081410,718724081411,51.693560091
poll,5170,718724086422,718724086423,51.694058957
poll,5170,718724091438,718724091439,51.694557823
poll,5170,718724096451,718724096451,51.695056689
poll,5170,718724101465,718724101466,51.695555556
poll,5170,718724106475,718724106476,51.696054422
poll,5170,718724111487,718724111487,51.696575964
poll,5170,718724116495,718724116495,51.697074830
poll,5170,718724121509,718724121510,51.697573696
poll,5170,718724126520,718724126521,51.698072562
poll,5170,718724131538,718724131538,51.698571429
poll,5170,718724136549,718724136550,51.699070295
poll,5180,718725051810,718725051810,51.790566893
poll,5180,718725056827,718725056828,51.791065760
poll,5180,718725061838,718725061838,51.791564626
poll,5180,718725066847,718725066847,51.792086168
poll,5180,718725071859,718725071859,51.792585034
poll,5180,718725076868,718725076868,51.793083900
poll,5180,718725081884,718725081884,51.793582766
poll,5180,718725086896,718725086897,51.794081633
poll,5180,718725091905,718725091905,51.794580499
poll,5180,718725096917,718725096918,51.795079365
poll,5180,718725101923,718725101924,51.795578231
poll,5180,718725106941,718725106942,51.796077098
poll,5180,718725111952,718725111952,51.796575964
poll,5180,718725116961,718725116961,51.797097506
poll,5180,718725121976,718725121976,51.797596372
poll,5180,718725126982,718725126983,51.798095238
poll,5180,718725131997,718725131997,51.798594104
poll,5180,718725137011,718725137012,51.799092971
poll,5190,718726051688,718726051689,51.890566893
poll,5190,718726056705,718726056705,51.891065760
poll,5190,718726061718,718726061719,51.891564626
poll,5190,718726066729,718726066740,51.892063492
poll,5190,718726071748,718726071749,51.892562358
poll,5190,718726076754,718726076754,51.893061224
poll,5190,718726081760,718726081761,51.893560091
poll,5190,718726086779,718726086780,51.894058957
poll,5190,718726091782,718726091783,51.894557823
poll,5190,718726096793,718726096794,51.895079365
poll,5190,718726101799,718726101810,51.895578231
poll,5190,718726106835,718726106836,51.896077098
poll,5190,718726111854,718726111854,51.896575964
poll,5190,718726116896,718726116897,51.897074830
poll,5190,718726121911,718726121911,51.897573696
poll,5190,718726126921,718726126922,51.898072562
poll,5190,718726131938,718726131938,51.898594104
poll,5190,718726136951,718726136952,51.899092971
poll,5200,718727052202,718727052214,51.990566893
poll,5200,718727057230,718727057231,51.991065760
poll,5200,718727062238,718727062239,51.991587302
poll,5200,718727067244,718727067244,51.992086168
poll,5200,718727072248,718727072249,51.992585034
poll,5200,718727077264,718727077265,51.993083900
poll,5200,718727082282,718727082283,51.993582766
poll,5200,718727087295,718727087295,51.994081633
poll,5200,718727092309,718727092320,51.994580499
poll,5200,718727097333,718727097333,51.995079365
poll,5200,718727102350,718727102350,51.995578231
poll,5200,718727107357,718727107358,51.996099773
poll,5200,718727112373,718727112374,51.996598639
poll,5200,718727117383,718727117384,51.997097506
poll,5200,718727122400,718727122400,51.997596372
poll,5200,718727127413,718727127414,51.998095238
poll,5200,718727132432,718727132432,51.998594104
poll,5200,718727137438,718727137439,51.999092971
poll,5210,718728051710,718728051711,52.090566893
poll,5210,718728056714,718728056714,52.091065760
poll,5210,718728061728,718728061729,52.091564626
poll,5210,718728066741,718728066742,52.092063492
poll,5210,718728071755,718728071755,52.092585034
poll,5210,718728076765,718728076766,52.093083900
poll,5210,718728081775,718728081778,52.093582766
poll,5210,718728086788,718728086789,52.094081633
poll,5210,718728091807,718728091807,52.094580499
poll,5210,718728096810,718728096810,52.095079365
poll,5210,718728101815,718728101816,52.095578231
poll,5210,718728106830,718728106830,52.096077098
poll,5210,718728111831,718728111832,52.096575964
poll,5210,718728116844,718728116845,52.097074830
poll,5210,718728121859,718728121860,52.097573696
poll,5210,718728126871,718728126872,52.098095238
poll,5210,718728131885,718728131885,52.098594104
poll,5210,718728136893,718728136893,52.099092971
poll,5220,718729051737,718729051738,52.190544218
poll,5220,718729056751,718729056752,52.191043084
poll,5220,718729061764,718729061764,52.191541950
poll,5220,718729066779,718729066780,52.192040816
poll,5220,718729071797,718729071798,52.192562358
poll,5220,718729076813,718729076814,52.193061224
poll,5220,718729081831,718729081832,52.193560091
poll,5220,718729086835,718729086836,52.194058957
poll,5220,718729091846,718729091848,52.194557823
poll,5220,718729096858,718729096859,52.195056689
poll,5220,718729101867,718729101868,52.195555556
poll,5220,718729106880,718729106881,52.196054422
poll,5220,718729111894,718729111895,52.196553288
poll,5220,718729116910,718729116910,52.197074830
poll,5220,718729121922,718729121922,52.197573696
poll,5220,718729126934,718729126935,52.198072562
poll,5220,718729131946,718729131947,52.198571429
poll,5220,718729136957,718729136958,52.199070295
poll,5230,718730051717,718730051718,52.290544218
poll,5230,718730056731,718730056732,52.291043084
poll,5230,718730061742,718730061742,52.291541950
poll,5230,718730066754,718730066754,52.292063492
poll,5230,718730071772,718730071772,52.292562358
poll,5230,718730076789,718730076790,52.293061224
poll,5230,718730081805,718730081806,52.293560091
poll,5230,718730086811,718730086811,52.294058957
poll,5230,718730091822,718730091823,52.294557823
poll,5230,718730096832,718730096833,52.295056689
poll,5230,718730101837,718730101838,52.295555556
poll,5230,718730106847,718730106848,52.296054422
poll,5230,718730111859,718730111859,52.296553288
poll,5230,718730116871,718730116871,52.297074830
poll,5230,718730121877,718730121877,52.297573696
poll,5230,718730126887,718730126888,52.298072562
poll,5230,718730131900,718730131900,52.298571429
poll,5230,718730136903,718730136907,52.299070295
poll,5240,718731051399,718731051400,52.390566893
poll,5240,718731056409,718731056410,52.391065760
poll,5240,718731061417,718731061418,52.391564626
poll,5240,718731066421,718731066422,52.392063492
poll,5240,718731071439,718731071440,52.392562358
poll,5240,718731076441,718731076445,52.393061224
poll,5240,718731081452,718731081453,52.393560091
poll,5240,718731086471,718731086471,52.394081633
poll,5240,718731091489,718731091489,52.394580499
poll,5240,718731096507,718731096508,52.395079365
poll,5240,718731101526,718731101526,52.395578231
poll,5240,718731106528,718731106529,52.396077098
poll,5240,718731111547,718731111548,52.396575964
poll,5240,718731116566,718731116566,52.397074830
poll,5240,718731121584,718731121584,52.397573696
poll,5240,718731126602,718731126603,52.398095238
poll,5240,718731131621,718731131622,52.398594104
poll,5240,718731136639,718731136639,52.399092971
poll,5250,718732052294,718732052295,52.490566893
poll,5250,718732057306,718732057307,52.491065760
poll,5250,718732062316,718732062317,52.491564626
poll,5250,718732067352,718732067370,52.492086168
poll,5250,718732072390,718732072390,52.492585034
poll,5250,718732077391,718732077391,52.493083900
poll,5250,718732082409,718732082410,52.493582766
poll,5250,718732087428,718732087428,52.494081633
poll,5250,718732092437,718732092438,52.494580499
poll,5250,718732097455,718732097456,52.495079365
poll,5250,718732102462,718732102463,52.495578231
poll,5250,718732107473,718732107473,52.496099773
poll,5250,718732112485,718732112486,52.496598639
poll,5250,718732117500,718732117500,52.497097506
poll,5250,718732122509,718732122509,52.497596372
poll,5250,718732127523,718732127524,52.498095238
poll,5250,718732132537,718732132538,52.498594104
poll,5250,718732137555,718732137555,52.499092971
poll,5260,718733052074,718733052075,52.590544218
poll,5260,718733057089,718733057090,52.591043084
poll,5260,718733062102,718733062103,52.591541950
poll,5260,718733067115,718733067116,52.592063492
poll,5260,718733072125,718733072126,52.592562358
poll,5260,718733077134,718733077134,52.593061224
poll,5260,718733082141,718733082142,52.593560091
poll,5260,718733087156,718733087156,52.594058957
poll,5260,718733092164,718733092165,52.594557823
poll,5260,718733097175,718733097176,52.595056689
poll,5260,718733102181,718733102182,52.595555556
poll,5260,718733107194,718733107195,52.596054422
poll,5260,718733112208,718733112208,52.596553288
poll,5260,718733117221,718733117222,52.597074830
poll,5260,718733122228,718733122232,52.597573696
poll,5260,718733127250,718733127251,52.598072562
poll,5260,718733132263,718733132264,52.598571429
poll,5260,718733137278,718733137279,52.599070295
poll,5270,718734052525,718734052527,52.690589569
poll,5270,718734057548,718734057549,52.691088435
poll,5270,718734062563,718734062563,52.691587302
poll,5270,718734067577,718734067577,52.692086168
poll,5270,718734072595,718734072599,52.692585034
poll,5270,718734077621,718734077621,52.693106576
poll,5270,718734082624,718734082624,52.693605442
poll,5270,718734087628,718734087628,52.694104308
poll,5270,718734092646,718734092658,52.694603175
poll,5270,718734097684,718734097684,52.695102041
poll,5270,718734102700,718734102700,52.695600907
poll,5270,718734107715,718734107716,52.696099773
poll,5270,718734112730,718734112731,52.696598639
poll,5270,718734117746,718734117747,52.697120181
poll,5270,718734122759,718734122760,52.697619048
poll,5270,718734127808,718734127809,52.698117914
poll,5270,718734132814,718734132815,52.698616780
poll,5270,718734137826,718734137827,52.699115646
poll,5280,718735052193,718735052195,52.790566893
poll,5280,718735057212,718735057213,52.791065760
poll,5280,718735062219,718735062220,52.791564626
poll,5280,718735067232,718735067243,52.792086168
poll,5280,718735072261,718735072262,52.792585034
poll,5280,718735077274,718735077275,52.793083900
poll,5280,718735082280,718735082281,52.793582766
poll,5280,718735087295,718735087295,52.794081633
poll,5280,718735092313,718735092313,52.794580499
poll,5280,718735097317,718735097318,52.795079365
poll,5280,718735102328,718735102329,52.795578231
poll,5280,718735107331,718735107332,52.796077098
poll,5280,718735112342,718735112343,52.796598639
poll,5280,718735117357,718735117357,52.797097506
poll,5280,718735122366,718735122367,52.797596372
poll,5280,718735127382,718735127382,52.798095238
poll,5280,718735132398,718735132398,52.798594104
poll,5280,718735137405,718735137405,52.799092971
poll,5290,718736052436,718736052437,52.890566893
poll,5290,718736057453,718736057454,52.891065760
poll,5290,718736062472,718736062472,52.891564626
poll,5290,718736067490,718736067509,52.892063492
poll,5290,718736072533,718736072533,52.892562358
poll,5290,718736077550,718736077551,52.893061224
poll,5290,718736082556,718736082556,52.893560091
poll,5290,718736087571,718736087572,52.894058957
poll,5290,718736092588,718736092588,52.894580499
poll,5290,718736097605,718736097606,52.895079365
poll,5290,718736102618,718736102619,52.895578231
poll,5290,718736107637,718736107637,52.896077098
poll,5290,718736112655,718736112656,52.896575964
poll,5290,718736117668,718736117669,52.897074830
poll,5290,718736122674,718736122674,52.897573696
poll,5290,718736127684,718736127685,52.898072562
poll,5290,718736132701,718736132702,52.898594104
poll,5290,718736137711,718736137711,52.899092971
poll,5300,718737051408,718737051409,52.990544218
poll,5300,718737056422,718737056423,52.991043084
poll,5300,718737061427,718737061427,52.991541950
poll,5300,718737066444,718737066445,52.992063492
poll,5300,718737071459,718737071460,52.992562358
poll,5300,718737076477,718737076478,52.993061224
poll,5300,718737081489,718737081489,52.993560091
poll,5300,718737086507,718737086507,52.994058957
poll,5300,718737091509,718737091513,52.994557823
poll,5300,718737096532,718737096533,52.995056689
poll,5300,718737101540,718737101540,52.995555556
poll,5300,718737106541,718737106542,52.996054422
poll,5300,718737111558,718737111559,52.996575964
poll,5300,718737116566,718737116566,52.997074830
poll,5300,718737121572,718737121573,52.997573696
poll,5300,718737126583,718737126584,52.998072562
poll,5300,718737131590,718737131591,52.998571429
poll,5300,718737136604,718737136604,52.999070295
poll,5310,718738052989,718738053010,53.090657596
poll,5310,718738058038,718738058039,53.091179138
poll,5310,718738063043,718738063043,53.091678005
poll,5310,718738068061,718738068061,53.092176871
poll,5310,718738073062,718738073063,53.092675737
poll,5310,718738078081,718738078081,53.093174603
poll,5310,718738083097,718738083098,53.093673469
poll,5310,718738088106,718738088106,53.094172336
poll,5310,718738093118,718738093119,53.094671202
poll,5310,718738098125,718738098126,53.095170068
poll,5310,718738103132,718738103133,53.095668934
poll,5310,718738108146,718738108158,53.096190476
poll,5310,718738113174,718738113174,53.096689342
poll,5310,718738118187,718738118187,53.097188209
poll,5310,718738123195,718738123196,53.097687075
poll,5310,718738128209,718738128209,53.098185941
poll,5310,718738133222,718738133223,53.098684807
poll,5310,718738138225,718738138226,53.099183673
poll,5320,718739051521,718739051522,53.190544218
poll,5320,718739056535,718739056536,53.191043084
poll,5320,718739061551,718739061552,53.191541950
poll,5320,718739066563,718739066563,53.192063492
poll,5320,718739071575,718739071575,53.192562358
poll,5320,718739076582,718739076583,53.193061224
poll,5320,718739081597,718739081597,53.193560091
poll,5320,718739086613,718739086614,53.194058957
poll,5320,718739091627,718739091629,53.194557823
poll,5320,718739096634,718739096636,53.195056689
poll,5320,718739101654,718739101654,53.195555556
poll,5320,718739106664,718739106664,53.196054422
poll,5320,718739111677,718739111678,53.196575964
poll,5320,718739116686,718739116686,53.197074830
poll,5320,718739121698,718739121699,53.197573696
poll,5320,718739126706,718739126707,53.198072562
poll,5320,718739131719,718739131720,53.198571429
poll,5320,718739136867,718739136867,53.199092971
poll,5330,718740051459,718740051460,53.290544218
poll,5330,718740056472,718740056473,53.291043084
poll,5330,718740061485,718740061485,53.291541950
poll,5330,718740066490,718740066491,53.292040816
poll,5330,718740071503,718740071503,53.292562358
poll,5330,718740076508,718740076512,53.293061224
poll,5330,718740081530,718740081531,53.293560091
poll,5330,718740086547,718740086547,53.294058957
poll,5330,718740091559,718740091560,53.294557823
poll,5330,718740096571,718740096572,53.295056689
poll,5330,718740101585,718740101586,53.295555556
poll,5330,718740106595,718740106595,53.296054422
poll,5330,718740111603,718740111603,53.296553288
poll,5330,718740116615,718740116615,53.297074830
poll,5330,718740121627,718740121628,53.297573696
poll,5330,718740126631,718740126631,53.298072562
poll,5330,718740131643,718740131644,53.298571429
poll,5330,718740136655,718740136656,53.299070295
poll,5340,718741051847,718741051849,53.390566893
poll,5340,718741056878,718741056879,53.391065760
poll,5340,718741061895,718741061896,53.391587302
poll,5340,718741066913,718741066924,53.392086168
poll,5340,718741071941,718741071942,53.392585034
poll,5340,718741076943,718741076944,53.393083900
poll,5340,718741081949,718741081949,53.393582766
poll,5340,718741086962,718741086963,53.394081633
poll,5340,718741091966,718741091967,53.394580499
poll,5340,718741096980,718741096980,53.395079365
poll,5340,718741101987,718741101987,53.395578231
poll,5340,718741106992,718741106993,53.396077098
poll,5340,718741112011,718741112011,53.396598639
poll,5340,718741117022,718741117023,53.397097506
poll,5340,718741122032,718741122033,53.397596372
poll,5340,718741127046,718741127047,53.398095238
poll,5340,718741132056,718741132057,53.398594104
poll,5340,718741137069,718741137070,53.399092971
poll,5350,718742052067,718742052068,53.490589569
poll,5350,718742057083,718742057083,53.491088435
poll,5350,718742062095,718742062096,53.491609977
poll,5350,718742067106,718742067106,53.492108844
poll,5350,718742072110,718742072111,53.492607710
poll,5350,718742077114,718742077115,53.493106576
poll,5350,718742082123,718742082124,53.493605442
poll,5350,718742087128,718742087129,53.494104308
poll,5350,718742092138,718742092138,53.494603175
poll,5350,718742097141,718742097142,53.495102041
poll,5350,718742102145,718742102146,53.495600907
poll,5350,718742107147,718742107148,53.496099773
poll,5350,718742112152,718742112153,53.496598639
poll,5350,718742117156,718742117157,53.497097506
poll,5350,718742122164,718742122165,53.497596372
poll,5350,718742127170,718742127170,53.498095238
poll,5350,718742132179,718742132180,53.498616780
poll,5350,718742137217,718742137218,53.499115646
poll,5360,718743051478,718743051479,53.590544218
poll,5360,718743056496,718743056501,53.591043084
poll,5360,718743061512,718743061513,53.591564626
poll,5360,718743066514,718743066514,53.592063492
poll,5360,718743071517,718743071517,53.592562358
poll,5360,718743076524,718743076525,53.593061224
poll,5360,718743081538,718743081538,53.593560091
poll,5360,718743086554,718743086554,53.594058957
poll,5360,718743091570,718743091570,53.594557823
poll,5360,718743096578,718743096578,53.595056689
poll,5360,718743101580,718743101580,53.595555556
poll,5360,718743106585,718743106585,53.596054422
poll,5360,718743111593,718743111594,53.596553288
poll,5360,718743116598,718743116599,53.597052154
poll,5360,718743121617,718743121617,53.597573696
poll,5360,718743126625,718743126626,53.598072562
poll,5360,718743131636,718743131637,53.598571429
poll,5360,718743136638,718743136639,53.599070295
poll,5370,718744051729,718744051731,53.690566893
poll,5370,718744056748,718744056749,53.691088435
poll,5370,718744061756,718744061756,53.691587302
poll,5370,718744066773,718744066785,53.692086168
poll,5370,718744071808,718744071809,53.692585034
poll,5370,718744076825,718744076826,53.693083900
poll,5370,718744081834,718744081834,53.693582766
poll,5370,718744086851,718744086852,53.694081633
poll,5370,718744091868,718744091868,53.694580499
poll,5370,718744096874,718744096875,53.695102041
poll,5370,718744101887,718744101888,53.695600907
poll,5370,718744106896,718744106897,53.696099773
poll,5370,718744111911,718744111911,53.696598639
poll,5370,718744116928,718744116928,53.697097506
poll,5370,718744121943,718744121943,53.697596372
poll,5370,718744126959,718744126960,53.698095238
poll,5370,718744131978,718744131978,53.698594104
poll,5370,718744136989,718744136989,53.699092971
poll,5380,718745052637,718745052639,53.790634921
poll,5380,718745057649,718745057649,53.791133787
poll,5380,718745062657,718745062658,53.791632653
poll,5380,718745067671,718745067671,53.792131519
poll,5380,718745072683,718745072683,53.792630385
poll,5380,718745077693,718745077693,53.793129252
poll,5380,718745082702,718745082702,53.793628118
poll,5380,718745087712,718745087713,53.794149660
poll,5380,718745092721,718745092725,53.794648526
poll,5380,718745097735,718745097735,53.795147392
poll,5380,718745102749,718745102750,53.795646259
poll,5380,718745107751,718745107752,53.796145125
poll,5380,718745112762,718745112763,53.796643991
poll,5380,718745117774,718745117775,53.797142857
poll,5380,718745122788,718745122788,53.797641723
poll,5380,718745127790,718745127791,53.798140590
poll,5380,718745132804,718745132805,53.798639456
poll,5380,718745137818,718745137818,53.799160998
poll,5390,718746052892,718746052912,53.890634921
poll,5390,718746058088,718746058089,53.891156463
poll,5390,718746063096,718746063096,53.891655329
poll,5390,718746068109,718746068109,53.892154195
poll,5390,718746073116,718746073116,53.892653061
poll,5390,718746078132,718746078132,53.893151927
poll,5390,718746083143,718746083144,53.893673469
poll,5390,718746088158,718746088158,53.894172336
poll,5390,718746093168,718746093168,53.894671202
poll,5390,718746098175,718746098176,53.895170068
poll,5390,718746103191,718746103191,53.895668934
poll,5390,718746108196,718746108196,53.896167800
poll,5390,718746113199,718746113200,53.896666667
poll,5390,718746118218,718746118218,53.897165533
poll,5390,718746123233,718746123233,53.897664399
poll,5390,718746128247,718746128248,53.898163265
poll,5390,718746133254,718746133265,53.898684807
poll,5390,718746138289,718746138290,53.899183673
poll,5400,718747051765,718747051766,53.990566893
poll,5400,718747056778,718747056779,53.991065760
poll,5400,718747061788,718747061788,53.991564626
poll,5400,718747066799,718747066800,53.992063492
poll,5400,718747071810,718747071810,53.992562358
poll,5400,718747076813,718747076814,53.993083900
poll,5400,718747081825,718747081825,53.993582766
poll,5400,718747086832,718747086833,53.994081633
poll,5400,718747091844,718747091845,53.994580499
poll,5400,718747096862,718747096862,53.995079365
poll,5400,718747101873,718747101873,53.995578231
poll,5400,718747106881,718747106882,53.996077098
poll,5400,718747111884,718747111885,53.996575964
poll,5400,718747116892,718747116892,53.997074830
poll,5400,718747121905,718747121906,53.997573696
poll,5400,718747126914,718747126915,53.998072562
poll,5400,718747131923,718747131924,53.998594104
poll,5400,718747136942,718747136946,53.999092971
poll,5410,718748051752,718748051752,54.090566893
poll,5410,718748056759,718748056760,54.091065760
poll,5410,718748061762,718748061762,54.091564626
poll,5410,718748066764,718748066765,54.092063492
poll,5410,718748071777,718748071777,54.092562358
poll,5410,718748076784,718748076785,54.093083900
poll,5410,718748081797,718748081797,54.093582766
poll,5410,718748086804,718748086805,54.094081633
poll,5410,718748091817,718748091818,54.094580499
poll,5410,718748096835,718748096839,54.095079365
poll,5410,718748101860,718748101861,54.095578231
poll,5410,718748106866,718748106867,54.096077098
poll,5410,718748111869,718748111870,54.096575964
poll,5410,718748116883,718748116883,54.097074830
poll,5410,718748121896,718748121896,54.097596372
poll,5410,718748126907,718748126908,54.098095238
poll,5410,718748131919,718748131920,54.098594104
poll,5410,718748136934,718748136935,54.099092971
poll,5420,718749051533,718749051537,54.190544218
poll,5420,718749056552,718749056553,54.191043084
poll,5420,718749061566,718749061567,54.191541950
poll,5420,718749066576,718749066576,54.192063492
poll,5420,718749071581,718749071581,54.192562358
poll,5420,718749076587,718749076587,54.193061224
poll,5420,718749081605,718749081606,54.193560091
poll,5420,718749086612,718749086613,54.194058957
poll,5420,718749091614,718749091617,54.194557823
poll,5420,718749096622,718749096624,54.195056689
poll,5420,718749101627,718749101627,54.195555556
poll,5420,718749106639,718749106640,54.196054422
poll,5420,718749111650,718749111650,54.196553288
poll,5420,718749116663,718749116663,54.197052154
poll,5420,718749121664,718749121665,54.197551020
poll,5420,718749126676,718749126677,54.198072562
poll,5420,718749131687,718749131688,54.198571429
poll,5420,718749136694,718749136695,54.199070295
poll,5430,718750051619,718750051620,54.290544218
poll,5430,718750056634,718750056635,54.291043084
poll,5430,718750061636,718750061637,54.291541950
poll,5430,718750066639,718750066640,54.292063492
poll,5430,718750071646,718750071646,54.292562358
poll,5430,718750076658,718750076658,54.293061224
poll,5430,718750081667,718750081667,54.293560091
poll,5430,718750086682,718750086682,54.294058957
poll,5430,718750091692,718750091693,54.294557823
poll,5430,718750096705,718750096706,54.295056689
poll,5430,718750101715,718750101716,54.295555556
poll,5430,718750106728,718750106728,54.296054422
poll,5430,718750111734,718750111735,54.296553288
poll,5430,718750116746,718750116747,54.297052154
poll,5430,718750121765,718750121766,54.297573696
poll,5430,718750126777,718750126777,54.298072562
poll,5430,718750131789,718750131790,54.298571429
poll,5430,718750136804,718750136809,54.299070295
poll,5440,718751051755,718751051757,54.390566893
poll,5440,718751056803,718751056804,54.391065760
poll,5440,718751061811,718751061812,54.391564626
poll,5440,718751066823,718751066823,54.392086168
poll,5440,718751071829,718751071830,54.392585034
poll,5440,718751076841,718751076842,54.393083900
poll,5440,718751081854,718751081855,54.393582766
poll,5440,718751087014,718751087015,54.394104308
poll,5440,718751092031,718751092035,54.394603175
poll,5440,718751097053,718751097054,54.395102041
poll,5440,718751102059,718751102060,54.395600907
poll,5440,718751107064,718751107064,54.396099773
poll,5440,718751112078,718751112078,54.396598639
poll,5440,718751117089,718751117090,54.397097506
poll,5440,718751122092,718751122092,54.397596372
poll,5440,718751127101,718751127101,54.398095238
poll,5440,718751132116,718751132116,54.398594104
poll,5440,718751137131,718751137131,54.399115646
poll,5450,718752051683,718752051684,54.490544218
poll,5450,718752056696,718752056696,54.491043084
poll,5450,718752061703,718752061703,54.491564626
poll,5450,718752066710,718752066711,54.492063492
poll,5450,718752071729,718752071730,54.492562358
poll,5450,718752076739,718752076739,54.493061224
poll,5450,718752081745,718752081745,54.493560091
poll,5450,718752086758,718752086758,54.494058957
poll,5450,718752091769,718752091770,54.494557823
poll,5450,718752096782,718752096783,54.495056689
poll,5450,718752101791,718752101792,54.495555556
poll,5450,718752106797,718752106798,54.496054422
poll,5450,718752111812,718752111813,54.496575964
poll,5450,718752116825,718752116825,54.497074830
poll,5450,718752121832,718752121833,54.497573696
poll,5450,718752126845,718752126846,54.498072562
poll,5450,718752131851,718752131852,54.498571429
poll,5450,718752136868,718752136869,54.499070295
poll,5460,718753051661,718753051662,54.590544218
poll,5460,718753056679,718753056680,54.591043084
poll,5460,718753061691,718753061692,54.591564626
poll,5460,718753066703,718753066704,54.592063492
poll,5460,718753071709,718753071710,54.592562358
poll,5460,718753076723,718753076723,54.593061224
poll,5460,718753081735,718753081736,54.593560091
poll,5460,718753086751,718753086752,54.594058957
poll,5460,718753091764,718753091764,54.594557823
poll,5460,718753096776,718753096777,54.595056689
poll,5460,718753101785,718753101785,54.595555556
poll,5460,718753106796,718753106796,54.596054422
poll,5460,718753111798,718753111803,54.596575964
poll,5460,718753116824,718753116824,54.597074830
poll,5460,718753121830,718753121830,54.597573696
poll,5460,718753126848,718753126848,54.598072562
poll,5460,718753131864,718753131865,54.598571429
poll,5460,718753136868,718753136869,54.599070295
poll,5470,718754052723,718754052726,54.690634921
poll,5470,718754057741,718754057741,54.691156463
poll,5470,718754062750,718754062751,54.691655329
poll,5470,718754067767,718754067778,54.692154195
poll,5470,718754072794,718754072794,54.692653061
poll,5470,718754077810,718754077811,54.693151927
poll,5470,718754082812,718754082813,54.693650794
poll,5470,718754087828,718754087829,54.694149660
poll,5470,718754092842,718754092843,54.694648526
poll,5470,718754097859,718754097859,54.695147392
poll,5470,718754102877,718754102878,54.695668934
poll,5470,718754107894,718754107894,54.696167800
poll,5470,718754112905,718754112906,54.696666667
poll,5470,718754117922,718754117922,54.697165533
poll,5470,718754122939,718754122940,54.697664399
poll,5470,718754127957,718754127957,54.698163265
poll,5470,718754132971,718754132971,54.698662132
poll,5470,718754138275,718754138276,54.699206349
poll,5480,718755052495,718755052497,54.790589569
poll,5480,718755057505,718755057505,54.791111111
poll,5480,718755062509,718755062509,54.791609977
poll,5480,718755067514,718755067514,54.792108844
poll,5480,718755072530,718755072531,54.792607710
poll,5480,718755077545,718755077545,54.793106576
poll,5480,718755082557,718755082557,54.793605442
poll,5480,718755087558,718755087558,54.794104308
poll,5480,718755092570,718755092571,54.794603175
poll,5480,718755097577,718755097578,54.795102041
poll,5480,718755102593,718755102594,54.795600907
poll,5480,718755107596,718755107597,54.796099773
poll,5480,718755112613,718755112613,54.796621315
poll,5480,718755117629,718755117630,54.797120181
poll,5480,718755122639,718755122640,54.797619048
poll,5480,718755127655,718755127655,54.798117914
poll,5480,718755132671,718755132672,54.798616780
poll,5480,718755137680,718755137680,54.799115646
poll,5490,718756052397,718756052399,54.890589569
poll,5490,718756057414,718756057415,54.891111111
poll,5490,718756062429,718756062429,54.891609977
poll,5490,718756067432,718756067433,54.892108844
poll,5490,718756072448,718756072448,54.892607710
poll,5490,718756077462,718756077462,54.893106576
poll,5490,718756082478,718756082478,54.893605442
poll,5490,718756087480,718756087480,54.894104308
poll,5490,718756092491,718756092491,54.894603175
poll,5490,718756097507,718756097508,54.895102041
poll,5490,718756102524,718756102525,54.895600907
poll,5490,718756107527,718756107528,54.896122449
poll,5490,718756112531,718756112531,54.896621315
poll,5490,718756117541,718756117542,54.897120181
poll,5490,718756122559,718756122560,54.897619048
poll,5490,718756127570,718756127570,54.898117914
poll,5490,718756132581,718756132581,54.898616780
poll,5490,718756137591,718756137592,54.899115646
poll,5500,718757052708,718757052709,54.990634921
poll,5500,718757057726,718757057727,54.991133787
poll,5500,718757062744,718757062748,54.991632653
poll,5500,718757067770,718757067770,54.992131519
poll,5500,718757072784,718757072785,54.992630385
poll,5500,718757077797,718757077797,54.993129252
poll,5500,718757082814,718757082814,54.993650794
poll,5500,718757087832,718757087832,54.994149660
poll,5500,718757092843,718757092844,54.994648526
poll,5500,718757097852,718757097852,54.995147392
poll,5500,718757102867,718757102868,54.995646259
poll,5500,718757107883,718757107883,54.996145125
poll,5500,718757112899,718757112899,54.996643991
poll,5500,718757117907,718757117907,54.997142857
poll,5500,718757122910,718757122911,54.997641723
poll,5500,718757127920,718757127921,54.998140590
poll,5500,718757132931,718757132931,54.998662132
poll,5500,718757137946,718757137946,54.999160998
poll,5510,718758051852,718758051853,55.090566893
poll,5510,718758056860,718758056861,55.091065760
poll,5510,718758061879,718758061879,55.091564626
poll,5510,718758066887,718758066888,55.092063492
poll,5510,718758071899,718758071899,55.092562358
poll,5510,718758076905,718758076906,55.093083900
poll,5510,718758081916,718758081917,55.093582766
poll,5510,718758086923,718758086924,55.094081633
poll,5510,718758091936,718758091937,55.094580499
poll,5510,718758096946,718758096947,55.095079365
poll,5510,718758101958,718758101958,55.095578231
poll,5510,718758106965,718758106966,55.096077098
poll,5510,718758111978,718758111979,55.096575964
poll,5510,718758116985,718758116985,55.097074830
poll,5510,718758121996,718758121996,55.097573696
poll,5510,718758127002,718758127003,55.098072562
poll,5510,718758132013,718758132014,55.098594104
poll,5510,718758137022,718758137022,55.099092971
poll,5520,718759051634,718759051635,55.190544218
poll,5520,718759056643,718759056643,55.191043084
poll,5520,718759061648,718759061649,55.191541950
poll,5520,718759066651,718759066651,55.192040816
poll,5520,718759071691,718759071691,55.192562358
poll,5520,718759076692,718759076693,55.193061224
poll,5520,718759081698,718759081698,55.193560091
poll,5520,718759086709,718759086710,55.194058957
poll,5520,718759091720,718759091722,55.194557823
poll,5520,718759096734,718759096736,55.195056689
poll,5520,718759101738,718759101739,55.195555556
poll,5520,718759106745,718759106746,55.196054422
poll,5520,718759111757,718759111758,55.196553288
poll,5520,718759116762,718759116763,55.197052154
poll,5520,718759121765,718759121766,55.197551020
poll,5520,718759126776,718759126777,55.198072562
poll,5520,718759131791,718759131791,55.198571429
poll,5520,718759136806,718759136806,55.199070295
poll,5530,718760051791,718760051792,55.290566893
poll,5530,718760056811,718760056815,55.291065760
poll,5530,718760061831,718760061832,55.291564626
poll,5530,718760066844,718760066844,55.292063492
poll,5530,718760071857,718760071857,55.292562358
poll,5530,718760076866,718760076867,55.293083900
poll,5530,718760081879,718760081879,55.293582766
poll,5530,718760086887,718760086888,55.294081633
poll,5530,718760091900,718760091901,55.294580499
poll,5530,718760096912,718760096913,55.295079365
poll,5530,718760101916,718760101916,55.295578231
poll,5530,718760106934,718760106934,55.296077098
poll,5530,718760111944,718760111945,55.296575964
poll,5530,718760116951,718760116951,55.297074830
poll,5530,718760121964,718760121965,55.297573696
poll,5530,718760126967,718760126968,55.298095238
poll,5530,718760131979,718760131980,55.298594104
poll,5530,718760136992,718760136993,55.299092971
poll,5540,718761051855,718761051856,55.390566893
poll,5540,718761056870,718761056871,55.391065760
poll,5540,718761061874,718761061875,55.391564626
poll,5540,718761066879,718761066879,55.392063492
poll,5540,718761071881,718761071881,55.392562358
poll,5540,718761076893,718761076893,55.393061224
poll,5540,718761081902,718761081902,55.393582766
poll,5540,718761086916,718761086916,55.394081633
poll,5540,718761091925,718761091925,55.394580499
poll,5540,718761096938,718761096939,55.395079365
poll,5540,718761101946,718761101947,55.395578231
poll,5540,718761106961,718761106962,55.396077098
poll,5540,718761111967,718761111967,55.396575964
poll,5540,718761116971,718761116971,55.397074830
poll,5540,718761121984,718761121984,55.397573696
poll,5540,718761126997,718761126997,55.398072562
poll,5540,718761132013,718761132014,55.398594104
poll,5540,718761137018,718761137019,55.399092971
poll,5550,718762051652,718762051652,55.490544218
poll,5550,718762056657,718762056658,55.491043084
poll,5550,718762061670,718762061670,55.491541950
poll,5550,718762066682,718762066683,55.492063492
poll,5550,718762071697,718762071698,55.492562358
poll,5550,718762076704,718762076708,55.493061224
poll,5550,718762081726,718762081726,55.493560091
poll,5550,718762086742,718762086743,55.494058957
poll,5550,718762091757,718762091757,55.494557823
poll,5550,718762096765,718762096766,55.495056689
poll,5550,718762101772,718762101772,55.495555556
poll,5550,718762106789,718762106789,55.496054422
poll,5550,718762111792,718762111793,55.496553288
poll,5550,718762116801,718762116802,55.497074830
poll,5550,718762121816,718762121816,55.497573696
poll,5550,718762126819,718762126819,55.498072562
poll,5550,718762131831,718762131832,55.498571429
poll,5550,718762136844,718762136844,55.499070295
poll,5560,718763051800,718763051801,55.590544218
poll,5560,718763056818,718763056818,55.591065760
poll,5560,718763061831,718763061831,55.591564626
poll,5560,718763066837,718763066838,55.592063492
poll,5560,718763071843,718763071844,55.592562358
poll,5560,718763076854,718763076855,55.593061224
poll,5560,718763081856,718763081856,55.593560091
poll,5560,718763086865,718763086866,55.594058957
poll,5560,718763091878,718763091879,55.594557823
poll,5560,718763096893,718763096893,55.595056689
poll,5560,718763101903,718763101903,55.595555556
poll,5560,718763106918,718763106919,55.596054422
poll,5560,718763111921,718763111922,55.596575964
poll,5560,718763116927,718763116928,55.597074830
poll,5560,718763121946,718763121947,55.597573696
poll,5560,718763126960,718763126960,55.598072562
poll,5560,718763131968,718763131968,55.598571429
poll,5560,718763136981,718763136982,55.599070295
poll,5570,718764051827,718764051829,55.690566893
poll,5570,718764056840,718764056841,55.691065760
poll,5570,718764061850,718764061851,55.691564626
poll,5570,718764066860,718764066861,55.692063492
poll,5570,718764071864,718764071864,55.692562358
poll,5570,718764076868,718764076869,55.693061224
poll,5570,718764081885,718764081885,55.693582766
poll,5570,718764086888,718764086888,55.694081633
poll,5570,718764091889,718764091889,55.694580499
poll,5570,718764096907,718764096907,55.695079365
poll,5570,718764101909,718764101909,55.695578231
poll,5570,718764106918,718764106919,55.696077098
poll,5570,718764111935,718764111936,55.696575964
poll,5570,718764116951,718764116952,55.697074830
poll,5570,718764121955,718764121955,55.697573696
poll,5570,718764126970,718764126974,55.698072562
poll,5570,718764131994,718764131994,55.698594104
poll,5570,718764137001,718764137002,55.699092971
poll,5580,718765051669,718765051670,55.790544218
poll,5580,718765056689,718765056693,55.791043084
poll,5580,718765061708,718765061708,55.791564626
poll,5580,718765066718,718765066718,55.792063492
poll,5580,718765071726,718765071726,55.792562358
poll,5580,718765076736,718765076736,55.793061224
poll,5580,718765081744,718765081744,55.793560091
poll,5580,718765086751,718765086752,55.794058957
poll,5580,718765091758,718765091759,55.794557823
poll,5580,718765096774,718765096775,55.795056689
poll,5580,718765101783,718765101784,55.795555556
poll,5580,718765106789,718765106790,55.796054422
poll,5580,718765111797,718765111797,55.796553288
poll,5580,718765116801,718765116801,55.797052154
poll,5580,718765121807,718765121808,55.797573696
poll,5580,718765126810,718765126810,55.798072562
poll,5580,718765131815,718765131816,55.798571429
poll,5580,718765136829,718765136830,55.799070295
poll,5590,718766052265,718766052266,55.890589569
poll,5590,718766057268,718766057269,55.891088435
poll,5590,718766062271,718766062271,55.891587302
poll,5590,718766067276,718766067276,55.892086168
poll,5590,718766072278,718766072278,55.892585034
poll,5590,718766077279,718766077280,55.893083900
poll,5590,718766082285,718766082286,55.893582766
poll,5590,718766087294,718766087294,55.894081633
poll,5590,718766092299,718766092300,55.894580499
poll,5590,718766097305,718766097305,55.895079365
poll,5590,718766102310,718766102311,55.895578231
poll,5590,718766107320,718766107321,55.896077098
poll,5590,718766112326,718766112326,55.896575964
poll,5590,718766117332,718766117332,55.897097506
poll,5590,718766122342,718766122343,55.897596372
poll,5590,718766127348,718766127349,55.898095238
poll,5590,718766132354,718766132354,55.898594104
poll,5590,718766137359,718766137359,55.899092971
poll,5600,718767052916,718767052918,55.990634921
poll,5600,718767057938,718767057939,55.991133787
poll,5600,718767062945,718767062946,55.991632653
poll,5600,718767067959,718767067960,55.992131519
poll,5600,718767072972,718767072972,55.992630385
poll,5600,718767077985,718767077985,55.993129252
poll,5600,718767083026,718767083027,55.993650794
poll,5600,718767088044,718767088045,55.994149660
poll,5600,718767093053,718767093053,55.994648526
poll,5600,718767098061,718767098061,55.995147392
poll,5600,718767103067,718767103068,55.995646259
poll,5600,718767108078,718767108082,55.996145125
poll,5600,718767113097,718767113097,55.996643991
poll,5600,718767118107,718767118108,55.997142857
poll,5600,718767123126,718767123126,55.997641723
poll,5600,718767128135,718767128136,55.998163265
poll,5600,718767133150,718767133151,55.998662132
poll,5600,718767138167,718767138167,55.999160998
poll,5610,718768052187,718768052188,56.090566893
poll,5610,718768057202,718768057202,56.091065760
poll,5610,718768062214,718768062215,56.091564626
poll,5610,718768067220,718768067230,56.092063492
poll,5610,718768072239,718768072240,56.092562358
poll,5610,718768077246,718768077246,56.093061224
poll,5610,718768082257,718768082257,56.093560091
poll,5610,718768087260,718768087261,56.094081633
poll,5610,718768092271,718768092272,56.094580499
poll,5610,718768097283,718768097283,56.095079365
poll,5610,718768102287,718768102288,56.095578231
poll,5610,718768107301,718768107301,56.096077098
poll,5610,718768112313,718768112314,56.096575964
poll,5610,718768117324,718768117325,56.097074830
poll,5610,718768122342,718768122343,56.097573696
poll,5610,718768127357,718768127358,56.098072562
poll,5610,718768132372,718768132373,56.098594104
poll,5610,718768137377,718768137378,56.099092971
poll,5620,718769051803,718769051804,56.190544218
poll,5620,718769056823,718769056824,56.191065760
poll,5620,718769061840,718769061840,56.191564626
poll,5620,718769066850,718769066851,56.192063492
poll,5620,718769071862,718769071863,56.192562358
poll,5620,718769076879,718769076879,56.193061224
poll,5620,718769081891,718769081892,56.193560091
poll,5620,718769086909,718769086909,56.194058957
poll,5620,718769091912,718769091914,56.194557823
poll,5620,718769096922,718769096924,56.195056689
poll,5620,718769101925,718769101926,56.195555556
poll,5620,718769106933,718769106933,56.196077098
poll,5620,718769111945,718769111945,56.196575964
poll,5620,718769116952,718769116953,56.197074830
poll,5620,718769121966,718769121966,56.197573696
poll,5620,718769126972,718769126972,56.198072562
poll,5620,718769131986,718769131986,56.198571429
poll,5620,718769136993,718769136993,56.199070295
poll,5630,718770051915,718770051917,56.290566893
poll,5630,718770056934,718770056934,56.291065760
poll,5630,718770061952,718770061953,56.291564626
poll,5630,718770066970,718770066970,56.292063492
poll,5630,718770071980,718770071981,56.292585034
poll,5630,718770076996,718770076996,56.293083900
poll,5630,718770082004,718770082004,56.293582766
poll,5630,718770087017,718770087018,56.294081633
poll,5630,718770092026,718770092031,56.294580499
poll,5630,718770097050,718770097050,56.295079365
poll,5630,718770102060,718770102061,56.295578231
poll,5630,718770107072,718770107073,56.296077098
poll,5630,718770112085,718770112086,56.296575964
poll,5630,718770117102,718770117102,56.297097506
poll,5630,718770122115,718770122115,56.297596372
poll,5630,718770127127,718770127127,56.298095238
poll,5630,718770132137,718770132137,56.298594104
poll,5630,718770137150,718770137151,56.299092971
poll,5640,718771051911,718771051912,56.390566893
poll,5640,718771056923,718771056923,56.391065760
poll,5640,718771061931,718771061932,56.391564626
poll,5640,718771066944,718771066955,56.392086168
poll,5640,718771071976,718771071977,56.392585034
poll,5640,718771076988,718771076988,56.393083900
poll,5640,718771081998,718771081998,56.393582766
poll,5640,718771087012,718771087012,56.394081633
poll,5640,718771092019,718771092020,56.394580499
poll,5640,718771097035,718771097036,56.395079365
poll,5640,718771102045,718771102046,56.395578231
poll,5640,718771107053,718771107053,56.396077098
poll,5640,718771112069,718771112069,56.396598639
poll,5640,718771117075,718771117076,56.397097506
poll,5640,718771122093,718771122094,56.397596372
poll,5640,718771127111,718771127111,56.398095238
poll,5640,718771132125,718771132126,56.398594104
poll,5640,718771137139,718771137140,56.399092971
poll,5650,718772051744,718772051745,56.490544218
poll,5650,718772056760,718772056760,56.491043084
poll,5650,718772061763,718772061763,56.491541950
poll,5650,718772066779,718772066779,56.492040816
poll,5650,718772071794,718772071795,56.492562358
poll,5650,718772076807,718772076808,56.493061224
poll,5650,718772081814,718772081815,56.493560091
poll,5650,718772086826,718772086827,56.494058957
poll,5650,718772091833,718772091834,56.494557823
poll,5650,718772096847,718772096848,56.495056689
poll,5650,718772101850,718772101850,56.495555556
poll,5650,718772106866,718772106866,56.496054422
poll,5650,718772111876,718772111876,56.496553288
poll,5650,718772116883,718772116888,56.497052154
poll,5650,718772121898,718772121898,56.497573696
poll,5650,718772126913,718772126914,56.498072562
poll,5650,718772131923,718772131924,56.498571429
poll,5650,718772136931,718772136932,56.499070295
poll,5660,718773051826,718773051827,56.590566893
poll,5660,718773056838,718773056839,56.591065760
poll,5660,718773061857,718773061858,56.591564626
poll,5660,718773066876,718773066876,56.592063492
poll,5660,718773071878,718773071879,56.592562358
poll,5660,718773076892,718773076893,56.593061224
poll,5660,718773081899,718773081904,56.593560091
poll,5660,718773086910,718773086911,56.594058957
poll,5660,718773091919,718773091919,56.594557823
poll,5660,718773096923,718773096924,56.595056689
poll,5660,718773101930,718773101931,56.595578231
poll,5660,718773106937,718773106937,56.596077098
poll,5660,718773111938,718773111939,56.596575964
poll,5660,718773116952,718773116952,56.597074830
poll,5660,718773121966,718773121967,56.597573696
poll,5660,718773126971,718773126972,56.598072562
poll,5660,718773131984,718773131985,56.598571429
poll,5660,718773136991,718773136992,56.599070295
poll,5670,718774052061,718774052062,56.690566893
poll,5670,718774057079,718774057080,56.691065760
poll,5670,718774062093,718774062094,56.691564626
poll,5670,718774067096,718774067097,56.692063492
poll,5670,718774072110,718774072110,56.692585034
poll,5670,718774077118,718774077118,56.693083900
poll,5670,718774082129,718774082129,56.693582766
poll,5670,718774087141,718774087141,56.694081633
poll,5670,718774092152,718774092153,56.694580499
poll,5670,718774097166,718774097166,56.695079365
poll,5670,718774102179,718774102179,56.695578231
poll,5670,718774107195,718774107195,56.696077098
poll,5670,718774112206,718774112206,56.696575964
poll,5670,718774117213,718774117214,56.697074830
poll,5670,718774122222,718774122222,56.697596372
poll,5670,718774127234,718774127235,56.698095238
poll,5670,718774132242,718774132243,56.698594104
poll,5670,718774137256,718774137256,56.699092971
poll,5680,718775051852,718775051853,56.790544218
poll,5680,718775056859,718775056860,56.791043084
poll,5680,718775061864,718775061865,56.791541950
poll,5680,718775066879,718775066880,56.792063492
poll,5680,718775071892,718775071893,56.792562358
poll,5680,718775076906,718775076907,56.793061224
poll,5680,718775081918,718775081918,56.793560091
poll,5680,718775086933,718775086933,56.794058957
poll,5680,718775091975,718775091976,56.794557823
poll,5680,718775096993,718775096994,56.795056689
poll,5680,718775102012,718775102012,56.795578231
poll,5680,718775107028,718775107028,56.796077098
poll,5680,718775112040,718775112040,56.796575964
poll,5680,718775117056,718775117057,56.797074830
poll,5680,718775122067,718775122071,56.797573696
poll,5680,718775127079,718775127080,56.798072562
poll,5680,718775132097,718775132098,56.798571429
poll,5680,718775137116,718775137116,56.799070295
poll,5690,718776051801,718776051802,56.890544218
poll,5690,718776056820,718776056824,56.891043084
poll,5690,718776061831,718776061831,56.891564626
poll,5690,718776066834,718776066834,56.892063492
poll,5690,718776071844,718776071844,56.892562358
poll,5690,718776076854,718776076854,56.893061224
poll,5690,718776081866,718776081867,56.893560091
poll,5690,718776086874,718776086875,56.894058957
poll,5690,718776091889,718776091889,56.894557823
poll,5690,718776096899,718776096899,56.895056689
poll,5690,718776101917,718776101917,56.895555556
poll,5690,718776106931,718776106932,56.896054422
poll,5690,718776111943,718776111944,56.896575964
poll,5690,718776116957,718776116957,56.897074830
poll,5690,718776121969,718776121970,56.897573696
poll,5690,718776126973,718776126973,56.898072562
poll,5690,718776131986,718776131986,56.898571429
poll,5690,718776136999,718776137000,56.899070295
poll,5700,718777052039,718777052041,56.990566893
poll,5700,718777057055,718777057055,56.991065760
poll,5700,718777062065,718777062066,56.991564626
poll,5700,718777067077,718777067077,56.992063492
poll,5700,718777072085,718777072086,56.992562358
poll,5700,718777077097,718777077098,56.993083900
poll,5700,718777082104,718777082105,56.993582766
poll,5700,718777087116,718777087117,56.994081633
poll,5700,718777092125,718777092125,56.994580499
poll,5700,718777097137,718777097138,56.995079365
poll,5700,718777102155,718777102156,56.995578231
poll,5700,718777107158,718777107158,56.996077098
poll,5700,718777112176,718777112176,56.996575964
poll,5700,718777117188,718777117188,56.997074830
poll,5700,718777122191,718777122192,56.997573696
poll,5700,718777127205,718777127206,56.998072562
poll,5700,718777132217,718777132218,56.998594104
poll,5700,718777137229,718777137230,56.999092971
poll,5710,718778051779,718778051781,57.090544218
poll,5710,718778056790,718778056791,57.091043084
poll,5710,718778061797,718778061797,57.091541950
poll,5710,718778066800,718778066801,57.092040816
poll,5710,718778071819,718778071819,57.092562358
poll,5710,718778076822,718778076823,57.093061224
poll,5710,718778081838,718778081838,57.093560091
poll,5710,718778086841,718778086842,57.094058957
poll,5710,718778091848,718778091849,57.094557823
poll,5710,718778096852,718778096853,57.095056689
poll,5710,718778101856,718778101857,57.095555556
poll,5710,718778106859,718778106860,57.096054422
poll,5710,718778111862,718778111863,57.096553288
poll,5710,718778116870,718778116870,57.097052154
poll,5710,718778121885,718778121885,57.097551020
poll,5710,718778126891,718778126892,57.098049887
poll,5710,718778131896,718778131897,57.098571429
poll,5710,718778136902,718778136902,57.099070295
poll,5720,718779051850,718779051850,57.190544218
poll,5720,718779056855,718779056855,57.191043084
poll,5720,718779061869,718779061869,57.191541950
poll,5720,718779066870,718779066871,57.192063492
poll,5720,718779071872,718779071872,57.192562358
poll,5720,718779076880,718779076881,57.193061224
poll,5720,718779081893,718779081893,57.193560091
poll,5720,718779086911,718779086912,57.194058957
poll,5720,718779091925,718779091926,57.194557823
poll,5720,718779096941,718779096943,57.195056689
poll,5720,718779101944,718779101945,57.195555556
poll,5720,718779106957,718779106958,57.196054422
poll,5720,718779111965,718779111966,57.196553288
poll,5720,718779116974,718779116975,57.197074830
poll,5720,718779121988,718779121989,57.197573696
poll,5720,718779126992,718779126992,57.198072562
poll,5720,718779132009,718779132009,57.198571429
poll,5720,718779137026,718779137027,57.199070295
poll,5730,718780052831,718780052833,57.290634921
poll,5730,718780057848,718780057848,57.291133787
poll,5730,718780062861,718780062862,57.291632653
poll,5730,718780067874,718780067875,57.292131519
poll,5730,718780072885,718780072885,57.292630385
poll,5730,718780077896,718780077897,57.293129252
poll,5730,718780082906,718780082907,57.293628118
poll,5730,718780087920,718780087921,57.294126984
poll,5730,718780092924,718780092925,57.294625850
poll,5730,718780097938,718780097938,57.295147392
poll,5730,718780102951,718780102952,57.295646259
poll,5730,718780107970,718780107971,57.296145125
poll,5730,718780112988,718780112989,57.296643991
poll,5730,718780118004,718780118004,57.297142857
poll,5730,718780123017,718780123018,57.297641723
poll,5730,718780128027,718780128027,57.298140590
poll,5730,718780133037,718780133037,57.298639456
poll,5730,718780138053,718780138057,57.299138322
poll,5740,718781051982,718781051982,57.390544218
poll,5740,718781057001,718781057001,57.391043084
poll,5740,718781062019,718781062020,57.391564626
poll,5740,718781067034,718781067034,57.392063492
poll,5740,718781072038,718781072038,57.392562358
poll,5740,718781077044,718781077048,57.393061224
poll,5740,718781082063,718781082064,57.393560091
poll,5740,718781087078,718781087079,57.394058957
poll,5740,718781092092,718781092093,57.394557823
poll,5740,718781097110,718781097111,57.395056689
poll,5740,718781102128,718781102129,57.395555556
poll,5740,718781107144,718781107145,57.396077098
poll,5740,718781112148,718781112148,57.396575964
poll,5740,718781117151,718781117151,57.397074830
poll,5740,718781122166,718781122166,57.397573696
poll,5740,718781127183,718781127184,57.398072562
poll,5740,718781132200,718781132201,57.398571429
poll,5740,718781137218,718781137218,57.399070295
poll,5750,718782052491,718782052493,57.490612245
poll,5750,718782057512,718782057513,57.491111111
poll,5750,718782062526,718782062526,57.491609977
poll,5750,718782067536,718782067548,57.492108844
poll,5750,718782072574,718782072574,57.492607710
poll,5750,718782077592,718782077593,57.493106576
poll,5750,718782082604,718782082615,57.493605442
poll,5750,718782087639,718782087639,57.494126984
poll,5750,718782092654,718782092654,57.494625850
poll,5750,718782097667,718782097668,57.495124717
poll,5750,718782102682,718782102683,57.495623583
poll,5750,718782107698,718782107699,57.496122449
poll,5750,718782112702,718782112703,57.496621315
poll,5750,718782117707,718782117707,57.497120181
poll,5750,718782122720,718782122720,57.497619048
poll,5750,718782127736,718782127737,57.498117914
poll,5750,718782132751,718782132752,57.498616780
poll,5750,718782137768,718782137768,57.499138322
poll,5760,718783053030,718783053031,57.590634921
poll,5760,718783058046,718783058047,57.591133787
poll,5760,718783063048,718783063049,57.591632653
poll,5760,718783068057,718783068067,57.592131519
poll,5760,718783073093,718783073093,57.592653061
poll,5760,718783078102,718783078102,57.593151927
poll,5760,718783083116,718783083117,57.593650794
poll,5760,718783088132,718783088133,57.594149660
poll,5760,718783093147,718783093148,57.594648526
poll,5760,718783098155,718783098155,57.595147392
poll,5760,718783103163,718783103164,57.595646259
poll,5760,718783108202,718783108202,57.596145125
poll,5760,718783113219,718783113219,57.596643991
poll,5760,718783118221,718783118226,57.597165533
poll,5760,718783123244,718783123245,57.597664399
poll,5760,718783128262,718783128262,57.598163265
poll,5760,718783133265,718783133265,57.598662132
poll,5760,718783138275,718783138276,57.599160998
poll,5770,718784051980,718784051981,57.690566893
poll,5770,718784056996,718784056997,57.691065760
poll,5770,718784062005,718784062009,57.691564626
poll,5770,718784067021,718784067022,57.692063492
poll,5770,718784072035,718784072036,57.692585034
poll,5770,718784077041,718784077041,57.693083900
poll,5770,718784082047,718784082048,57.693582766
poll,5770,718784087062,718784087063,57.694081633
poll,5770,718784092079,718784092080,57.694580499
poll,5770,718784097097,718784097097,57.695079365
poll,5770,718784102111,718784102111,57.695578231
poll,5770,718784107117,718784107117,57.696077098
poll,5770,718784112122,718784112123,57.696575964
poll,5770,718784117132,718784117133,57.697074830
poll,5770,718784122149,718784122149,57.697596372
poll,5770,718784127153,718784127154,57.698095238
poll,5770,718784132170,718784132171,57.698594104
poll,5770,718784137187,718784137188,57.699092971
poll,5780,718785051962,718785051962,57.790544218
poll,5780,718785056977,718785056977,57.791043084
poll,5780,718785061989,718785061989,57.791564626
poll,5780,718785067006,718785067007,57.792063492
poll,5780,718785072023,718785072024,57.792562358
poll,5780,718785077037,718785077038,57.793061224
poll,5780,718785082052,718785082052,57.793560091
poll,5780,718785087055,718785087056,57.794058957
poll,5780,718785092070,718785092070,57.794557823
poll,5780,718785097082,718785097082,57.795056689
poll,5780,718785102095,718785102096,57.795555556
poll,5780,718785107106,718785107106,57.796054422
poll,5780,718785112115,718785112116,57.796575964
poll,5780,718785117126,718785117126,57.797074830
poll,5780,718785122139,718785122139,57.797573696
poll,5780,718785127150,718785127150,57.798072562
poll,5780,718785132161,718785132162,57.798571429
poll,5780,718785137173,718785137173,57.799070295
poll,5790,718786052655,718786052656,57.890589569
poll,5790,718786057664,718786057664,57.891111111
poll,5790,718786062674,718786062674,57.891609977
poll,5790,718786067678,718786067679,57.892108844
poll,5790,718786072695,718786072696,57.892607710
poll,5790,718786077696,718786077697,57.893106576
poll,5790,718786082706,718786082707,57.893605442
poll,5790,718786087718,718786087719,57.894104308
poll,5790,718786092729,718786092730,57.894603175
poll,5790,718786097742,718786097746,57.895102041
poll,5790,718786102764,718786102764,57.895600907
poll,5790,718786107774,718786107775,57.896099773
poll,5790,718786112793,718786112794,57.896621315
poll,5790,718786117812,718786117812,57.897120181
poll,5790,718786122823,718786122824,57.897619048
poll,5790,718786127836,718786127837,57.898117914
poll,5790,718786132848,718786132848,57.898616780
poll,5790,718786137860,718786137861,57.899115646
poll,5800,718787052067,718787052071,57.990566893
poll,5800,718787057091,718787057091,57.991065760
poll,5800,718787062092,718787062093,57.991564626
poll,5800,718787067111,718787067111,57.992063492
poll,5800,718787072120,718787072121,57.992585034
poll,5800,718787077139,718787077140,57.993083900
poll,5800,718787082147,718787082147,57.993582766
poll,5800,718787087160,718787087160,57.994081633
poll,5800,718787092168,718787092169,57.994580499
poll,5800,718787097181,718787097181,57.995079365
poll,5800,718787102193,718787102193,57.995578231
poll,5800,718787107199,718787107200,57.996077098
poll,5800,718787112203,718787112204,57.996575964
poll,5800,718787117207,718787117208,57.997074830
poll,5800,718787122215,718787122215,57.997573696
poll,5800,718787127221,718787127222,57.998095238
poll,5800,718787132238,718787132239,57.998594104
poll,5800,718787137255,718787137256,57.999092971
poll,5810,718788052682,718788052683,58.090589569
poll,5810,718788057705,718788057706,58.091111111
poll,5810,718788062720,718788062720,58.091609977
poll,5810,718788067729,718788067730,58.092108844
poll,5810,718788072740,718788072740,58.092607710
poll,5810,718788077752,718788077752,58.093106576
poll,5810,718788082762,718788082763,58.093605442
poll,5810,718788087780,718788087780,58.094104308
poll,5810,718788092789,718788092790,58.094603175
poll,5810,718788097798,718788097799,58.095102041
poll,5810,718788102804,718788102805,58.095600907
poll,5810,718788107822,718788107822,58.096122449
poll,5810,718788112824,718788112825,58.096621315
poll,5810,718788117835,718788117835,58.097120181
poll,5810,718788122846,718788122847,58.097619048
poll,5810,718788127855,718788127855,58.098117914
poll,5810,718788132865,718788132865,58.098616780
poll,5810,718788137876,718788137876,58.099115646
poll,5820,718789051937,718789051939,58.190544218
poll,5820,718789056954,718789056955,58.191043084
poll,5820,718789061958,718789061959,58.191541950
poll,5820,718789066965,718789066965,58.192040816
poll,5820,718789071974,718789071974,58.192562358
poll,5820,718789076977,718789076977,58.193061224
poll,5820,718789081990,718789081991,58.193560091
poll,5820,718789087002,718789087004,58.194058957
poll,5820,718789092009,718789092011,58.194557823
poll,5820,718789097018,718789097019,58.195056689
poll,5820,718789102025,718789102026,58.195555556
poll,5820,718789107030,718789107031,58.196054422
poll,5820,718789112049,718789112050,58.196553288
poll,5820,718789117068,718789117069,58.197052154
poll,5820,718789122078,718789122082,58.197551020
poll,5820,718789127090,718789127091,58.198072562
poll,5820,718789132095,718789132095,58.198571429
poll,5820,718789137101,718789137101,58.199070295
poll,5830,718790052035,718790052037,58.290566893
poll,5830,718790057053,718790057054,58.291065760
poll,5830,718790062071,718790062072,58.291564626
poll,5830,718790067087,718790067088,58.292086168
poll,5830,718790072104,718790072105,58.292585034
poll,5830,718790077119,718790077120,58.293083900
poll,5830,718790082135,718790082136,58.293582766
poll,5830,718790087139,718790087140,58.294081633
poll,5830,718790092152,718790092153,58.294580499
poll,5830,718790097164,718790097165,58.295079365
poll,5830,718790102177,718790102178,58.295578231
poll,5830,718790107188,718790107189,58.296077098
poll,5830,718790112203,718790112203,58.296575964
poll,5830,718790117218,718790117219,58.297097506
poll,5830,718790122236,718790122237,58.297596372
poll,5830,718790127252,718790127253,58.298095238
poll,5830,718790132269,718790132270,58.298594104
poll,5830,718790137270,718790137271,58.299092971
poll,5840,718791051911,718791051912,58.390566893
poll,5840,718791056921,718791056921,58.391065760
poll,5840,718791061931,718791061932,58.391564626
poll,5840,718791066938,718791066949,58.392063492
poll,5840,718791071959,718791071959,58.392562358
poll,5840,718791076961,718791076961,58.393061224
poll,5840,718791081971,718791081972,58.393560091
poll,5840,718791086982,718791086983,58.394058957
poll,5840,718791091996,718791091996,58.394557823
poll,5840,718791097013,718791097014,58.395056689
poll,5840,718791102032,718791102033,58.395578231
poll,5840,718791107034,718791107035,58.396077098
poll,5840,718791112049,718791112049,58.396575964
poll,5840,718791117093,718791117094,58.397074830
poll,5840,718791122110,718791122110,58.397573696
poll,5840,718791127120,718791127121,58.398072562
poll,5840,718791132135,718791132135,58.398571429
poll,5840,718791137140,718791137141,58.399070295
poll,5850,718792052708,718792052720,58.490612245
poll,5850,718792057737,718792057738,58.491111111
poll,5850,718792062755,718792062756,58.491609977
poll,5850,718792067771,718792067771,58.492131519
poll,5850,718792072783,718792072783,58.492630385
poll,5850,718792077794,718792077795,58.493129252
poll,5850,718792082796,718792082797,58.493628118
poll,5850,718792087798,718792087798,58.494126984
poll,5850,718792092804,718792092805,58.494625850
poll,5850,718792097807,718792097808,58.495124717
poll,5850,718792102820,718792102821,58.495623583
poll,5850,718792107826,718792107837,58.496122449
poll,5850,718792112856,718792112857,58.496621315
poll,5850,718792117869,718792117870,58.497120181
poll,5850,718792122875,718792122875,58.497641723
poll,5850,718792127891,718792127891,58.498140590
poll,5850,718792132903,718792132904,58.498639456
poll,5850,718792137915,718792137916,58.499138322
poll,5860,718793052762,718793052763,58.590634921
poll,5860,718793057779,718793057779,58.591133787
poll,5860,718793062783,718793062783,58.591632653
poll,5860,718793067790,718793067791,58.592131519
poll,5860,718793072798,718793072798,58.592630385
poll,5860,718793077812,718793077813,58.593129252
poll,5860,718793082814,718793082815,58.593628118
poll,5860,718793087825,718793087825,58.594126984
poll,5860,718793092837,718793092838,58.594625850
poll,5860,718793097841,718793097842,58.595124717
poll,5860,718793102852,718793102853,58.595623583
poll,5860,718793107870,718793107871,58.596145125
poll,5860,718793112888,718793112888,58.596643991
poll,5860,718793117890,718793117891,58.597142857
poll,5860,718793122901,718793122902,58.597641723
poll,5860,718793127914,718793127915,58.598140590
poll,5860,718793132927,718793132928,58.598639456
poll,5860,718793137931,718793137932,58.599138322
poll,5870,718794052256,718794052257,58.690566893
poll,5870,718794057268,718794057269,58.691065760
poll,5870,718794062276,718794062277,58.691564626
poll,5870,718794067285,718794067296,58.692086168
poll,5870,718794072309,718794072310,58.692585034
poll,5870,718794077327,718794077328,58.693083900
poll,5870,718794082346,718794082346,58.693582766
poll,5870,718794087359,718794087360,58.694081633
poll,5870,718794092375,718794092375,58.694580499
poll,5870,718794097390,718794097391,58.695079365
poll,5870,718794102402,718794102403,58.695578231
poll,5870,718794107409,718794107409,58.696077098
poll,5870,718794112427,718794112427,58.696598639
poll,5870,718794117439,718794117439,58.697097506
poll,5870,718794122447,718794122448,58.697596372
poll,5870,718794127461,718794127462,58.698095238
poll,5870,718794132469,718794132470,58.698594104
poll,5870,718794137483,718794137484,58.699092971
poll,5880,718795051947,718795051948,58.790544218
poll,5880,718795056962,718795056962,58.791043084
poll,5880,718795061975,718795061975,58.791541950
poll,5880,718795066986,718795066986,58.792040816
poll,5880,718795071991,718795071991,58.792562358
poll,5880,718795076993,718795076994,58.793061224
poll,5880,718795082005,718795082006,58.793560091
poll,5880,718795087016,718795087017,58.794058957
poll,5880,718795092022,718795092023,58.794557823
poll,5880,718795097035,718795097036,58.795056689
poll,5880,718795102046,718795102047,58.795555556
poll,5880,718795107057,718795107058,58.796054422
poll,5880,718795112067,718795112072,58.796553288
poll,5880,718795117092,718795117093,58.797052154
poll,5880,718795122106,718795122107,58.797573696
poll,5880,718795127118,718795127118,58.798072562
poll,5880,718795132130,718795132131,58.798571429
poll,5880,718795137137,718795137138,58.799070295
poll,5890,718796052232,718796052233,58.890589569
poll,5890,718796057245,718796057249,58.891088435
poll,5890,718796062270,718796062271,58.891587302
poll,5890,718796067275,718796067286,58.892086168
poll,5890,718796072295,718796072296,58.892585034
poll,5890,718796077310,718796077311,58.893083900
poll,5890,718796082329,718796082330,58.893582766
poll,5890,718796087336,718796087336,58.894081633
poll,5890,718796092343,718796092344,58.894603175
poll,5890,718796097361,718796097362,58.895102041
poll,5890,718796102376,718796102377,58.895600907
poll,5890,718796107387,718796107387,58.896099773
poll,5890,718796112403,718796112404,58.896598639
poll,5890,718796117420,718796117421,58.897097506
poll,5890,718796122438,718796122439,58.897596372
poll,5890,718796127450,718796127451,58.898095238
poll,5890,718796132462,718796132463,58.898594104
poll,5890,718796137463,718796137464,58.899092971
poll,5900,718797052369,718797052369,58.990612245
poll,5900,718797057376,718797057377,58.991111111
poll,5900,718797062389,718797062390,58.991609977
poll,5900,718797067400,718797067401,58.992108844
poll,5900,718797072410,718797072411,58.992607710
poll,5900,718797077416,718797077416,58.993106576
poll,5900,718797082425,718797082426,58.993605442
poll,5900,718797087435,718797087435,58.994104308
poll,5900,718797092450,718797092451,58.994603175
poll,5900,718797097453,718797097453,58.995102041
poll,5900,718797102466,718797102466,58.995600907
poll,5900,718797107478,718797107479,58.996122449
poll,5900,718797112486,718797112486,58.996621315
poll,5900,718797117493,718797117493,58.997120181
poll,5900,718797122508,718797122508,58.997619048
poll,5900,718797127521,718797127521,58.998117914
poll,5900,718797132533,718797132534,58.998616780
poll,5900,718797137545,718797137546,58.999115646
poll,5910,718798052019,718798052020,59.090544218
poll,5910,718798057039,718798057040,59.091043084
poll,5910,718798062049,718798062049,59.091564626
poll,5910,718798067057,718798067057,59.092063492
poll,5910,718798072066,718798072067,59.092562358
poll,5910,718798077078,718798077079,59.093061224
poll,5910,718798082095,718798082095,59.093560091
poll,5910,718798087100,718798087100,59.094058957
poll,5910,718798092115,718798092116,59.094557823
poll,5910,718798097130,718798097131,59.095056689
poll,5910,718798102149,718798102153,59.095555556
poll,5910,718798107173,718798107174,59.096077098
poll,5910,718798112188,718798112189,59.096575964
poll,5910,718798117203,718798117203,59.097074830
poll,5910,718798122212,718798122213,59.097573696
poll,5910,718798127226,718798127227,59.098072562
poll,5910,718798132237,718798132238,59.098571429
poll,5910,718798137252,718798137252,59.099070295
poll,5920,718799052734,718799052744,59.190612245
poll,5920,718799057768,718799057769,59.191111111
poll,5920,718799062783,718799062784,59.191609977
poll,5920,718799067801,718799067802,59.192108844
poll,5920,718799072817,718799072818,59.192607710
poll,5920,718799077833,718799077833,59.193106576
poll,5920,718799082848,718799082849,59.193628118
poll,5920,718799087859,718799087861,59.194126984
poll,5920,718799092863,718799092865,59.194625850
poll,5920,718799097869,718799097869,59.195124717
poll,5920,718799102884,718799102885,59.195623583
poll,5920,718799107897,718799107897,59.196122449
poll,5920,718799112910,718799112910,59.196621315
poll,5920,718799117911,718799117911,59.197120181
poll,5920,718799122912,718799122913,59.197619048
poll,5920,718799127945,718799127945,59.198117914
poll,5920,718799132951,718799132951,59.198639456
poll,5920,718799137969,718799137970,59.199138322
poll,5930,718800052204,718800052205,59.290566893
poll,5930,718800057222,718800057223,59.291065760
poll,5930,718800062237,718800062238,59.291564626
poll,5930,718800067254,718800067255,59.292063492
poll,5930,718800072268,718800072269,59.292585034
poll,5930,718800077283,718800077283,59.293083900
poll,5930,718800082297,718800082298,59.293582766
poll,5930,718800087302,718800087303,59.294081633
poll,5930,718800092317,718800092318,59.294580499
poll,5930,718800097334,718800097335,59.295079365
poll,5930,718800102348,718800102348,59.295578231
poll,5930,718800107364,718800107364,59.296077098
poll,5930,718800112379,718800112380,59.296575964
poll,5930,718800117390,718800117391,59.297074830
poll,5930,718800122394,718800122395,59.297596372
poll,5930,718800127411,718800127412,59.298095238
poll,5930,718800132428,718800132429,59.298594104
poll,5930,718800137439,718800137440,59.299092971
poll,5940,718801052120,718801052120,59.390566893
poll,5940,718801057138,718801057138,59.391065760
poll,5940,718801062141,718801062142,59.391564626
poll,5940,718801067149,718801067150,59.392063492
poll,5940,718801072152,718801072153,59.392562358
poll,5940,718801077168,718801077169,59.393061224
poll,5940,718801082185,718801082186,59.393560091
poll,5940,718801087194,718801087194,59.394058957
poll,5940,718801092199,718801092200,59.394557823
poll,5940,718801097202,718801097203,59.395056689
poll,5940,718801102206,718801102207,59.395555556
poll,5940,718801107208,718801107209,59.396054422
poll,5940,718801112211,718801112211,59.396575964
poll,5940,718801117227,718801117228,59.397074830
poll,5940,718801122231,718801122232,59.397573696
poll,5940,718801127245,718801127245,59.398072562
poll,5940,718801132246,718801132246,59.398571429
poll,5940,718801137250,718801137251,59.399070295
poll,5950,718802052253,718802052254,59.490566893
poll,5950,718802057266,718802057267,59.491065760
poll,5950,718802062268,718802062269,59.491564626
poll,5950,718802067275,718802067286,59.492063492
poll,5950,718802072310,718802072310,59.492562358
poll,5950,718802077322,718802077323,59.493061224
poll,5950,718802082325,718802082326,59.493560091
poll,5950,718802087338,718802087338,59.494058957
poll,5950,718802092347,718802092347,59.494557823
poll,5950,718802097361,718802097362,59.495079365
poll,5950,718802102362,718802102363,59.495578231
poll,5950,718802107371,718802107371,59.496077098
poll,5950,718802112374,718802112374,59.496575964
poll,5950,718802117388,718802117389,59.497074830
poll,5950,718802122399,718802122400,59.497573696
poll,5950,718802127411,718802127411,59.498072562
poll,5950,718802132423,718802132423,59.498571429
poll,5950,718802137528,718802137529,59.499092971
poll,5960,718803053267,718803053269,59.590657596
poll,5960,718803058291,718803058292,59.591156463
poll,5960,718803063305,718803063306,59.591655329
poll,5960,718803068313,718803068324,59.592154195
poll,5960,718803073334,718803073335,59.592653061
poll,5960,718803078351,718803078351,59.593151927
poll,5960,718803083362,718803083363,59.593650794
poll,5960,718803088375,718803088376,59.594149660
poll,5960,718803093392,718803093392,59.594671202
poll,5960,718803098403,718803098403,59.595170068
poll,5960,718803103419,718803103420,59.595668934
poll,5960,718803108434,718803108434,59.596167800
poll,5960,718803113448,718803113448,59.596666667
poll,5960,718803118459,718803118460,59.597165533
poll,5960,718803123464,718803123465,59.597664399
poll,5960,718803128480,718803128480,59.598163265
poll,5960,718803133491,718803133492,59.598662132
poll,5960,718803138494,718803138499,59.599183673
poll,5970,718804051943,718804051943,59.690544218
poll,5970,718804056960,718804056961,59.691065760
poll,5970,718804061974,718804061975,59.691564626
poll,5970,718804066977,718804066989,59.692063492
poll,5970,718804072007,718804072008,59.692562358
poll,5970,718804077022,718804077023,59.693061224
poll,5970,718804082031,718804082043,59.693560091
poll,5970,718804087065,718804087066,59.694058957
poll,5970,718804092083,718804092084,59.694557823
poll,5970,718804097088,718804097088,59.695079365
poll,5970,718804102093,718804102094,59.695578231
poll,5970,718804107096,718804107096,59.696077098
poll,5970,718804112109,718804112109,59.696575964
poll,5970,718804117121,718804117122,59.697074830
poll,5970,718804122136,718804122137,59.697573696
poll,5970,718804127142,718804127143,59.698072562
poll,5970,718804132160,718804132160,59.698571429
poll,5970,718804137167,718804137168,59.699070295
poll,5980,718805052031,718805052032,59.790544218
poll,5980,718805057050,718805057050,59.791043084
poll,5980,718805062062,718805062063,59.791541950
poll,5980,718805067073,718805067073,59.792063492
poll,5980,718805072091,718805072092,59.792562358
poll,5980,718805077098,718805077098,59.793061224
poll,5980,718805082100,718805082101,59.793560091
poll,5980,718805087114,718805087114,59.794058957
poll,5980,718805092123,718805092124,59.794557823
poll,5980,718805097136,718805097136,59.795056689
poll,5980,718805102148,718805102149,59.795555556
poll,5980,718805107150,718805107151,59.796054422
poll,5980,718805112165,718805112166,59.796553288
poll,5980,718805117174,718805117175,59.797074830
poll,5980,718805122181,718805122182,59.797573696
poll,5980,718805127199,718805127199,59.798072562
poll,5980,718805132213,718805132213,59.798571429
poll,5980,718805137227,718805137228,59.799070295
poll,5990,718806052337,718806052339,59.890566893
poll,5990,718806057354,718806057354,59.891065760
poll,5990,718806062369,718806062370,59.891587302
poll,5990,718806067373,718806067374,59.892086168
poll,5990,718806072385,718806072385,59.892585034
poll,5990,718806077387,718806077387,59.893083900
poll,5990,718806082395,718806082396,59.893582766
poll,5990,718806087410,718806087411,59.894081633
poll,5990,718806092419,718806092420,59.894580499
poll,5990,718806097433,718806097434,59.895079365
poll,5990,718806102440,718806102441,59.895578231
poll,5990,718806107448,718806107448,59.896077098
poll,5990,718806112461,718806112462,59.896575964
poll,5990,718806117475,718806117476,59.897097506
poll,5990,718806122493,718806122494,59.897596372
poll,5990,718806127498,718806127499,59.898095238
poll,5990,718806132516,718806132517,59.898594104
poll,5990,718806137521,718806137522,59.899092971
poll,6000,718807052219,718807052220,59.990566893
poll,6000,718807057236,718807057240,59.991065760
poll,6000,718807062258,718807062259,59.991564626
poll,6000,718807067274,718807067275,59.992063492
poll,6000,718807072289,718807072289,59.992585034
poll,6000,718807077301,718807077302,59.993083900
poll,6000,718807082315,718807082316,59.993582766
poll,6000,718807087324,718807087325,59.994081633
poll,6000,718807092336,718807092337,59.994580499
poll,6000,718807097343,718807097343,59.995079365
poll,6000,718807102355,718807102356,59.995578231
poll,6000,718807107368,718807107369,59.996077098
poll,6000,718807112381,718807112382,59.996575964
poll,6000,718807117385,718807117385,59.997074830
poll,6000,718807122397,718807122397,59.997573696
poll,6000,718807127410,718807127410,59.998095238
poll,6000,718807132412,718807132413,59.998594104
poll,6000,718807137457,718807137458,59.999092971
